movie_id,person_id,character,created_at
00b7dbb0-6cf9-4e57-b282-677f3e8cd253,0bfba955-1d73-491a-b55a-279ebe42d3b0,Dr. Leonard 'Bones' McCoy,2026-01-25 23:22:47.478881+00
00b7dbb0-6cf9-4e57-b282-677f3e8cd253,1b033d59-d5bb-440f-8e0e-583b007058b7,Lieutenant Commander Montgomery 'Scotty' Scott,2026-01-25 23:22:47.478881+00
00b7dbb0-6cf9-4e57-b282-677f3e8cd253,2134033e-f246-49b4-913a-192a78582cca,Ambassador Spock,2026-01-25 23:22:47.478881+00
00b7dbb0-6cf9-4e57-b282-677f3e8cd253,31ea7269-0df9-42f2-a2eb-99a8fe5fadf8,Captain Nero,2026-01-25 23:22:47.478881+00
00b7dbb0-6cf9-4e57-b282-677f3e8cd253,348538fb-3967-489b-8e9a-8a42c5997526,Ayel,2026-01-25 23:22:47.478881+00
00b7dbb0-6cf9-4e57-b282-677f3e8cd253,3be7e916-a803-4e2c-a54e-9e875cad1773,Commander Spock,2026-01-25 23:22:47.478881+00
00b7dbb0-6cf9-4e57-b282-677f3e8cd253,7470016b-a4d0-4774-94b1-d7a76e1901eb,Ensign Pavel Chekov,2026-01-25 23:22:47.478881+00
00b7dbb0-6cf9-4e57-b282-677f3e8cd253,7f75a10e-d09f-4a99-9b30-2a27a0942d21,Tactical Officer,2026-01-25 23:22:47.478881+00
00b7dbb0-6cf9-4e57-b282-677f3e8cd253,8bba6b5d-47a0-47d1-9f92-abebb89570bd,Officer Pitts,2026-01-25 23:22:47.478881+00
00b7dbb0-6cf9-4e57-b282-677f3e8cd253,932dc5e2-4dc7-4e6d-a135-1e2a19b93fa4,Commander George Kirk,2026-01-25 23:22:47.478881+00
00b7dbb0-6cf9-4e57-b282-677f3e8cd253,a51b4b43-9d7a-482b-bee9-c9efa8e56917,Winona Kirk,2026-01-25 23:22:47.478881+00
00b7dbb0-6cf9-4e57-b282-677f3e8cd253,a9c00127-6572-4e36-83ce-f64ceb603655,Lieutenant Nyota Uhura,2026-01-25 23:22:47.478881+00
00b7dbb0-6cf9-4e57-b282-677f3e8cd253,ae3fc47d-c393-435d-9389-1c7aef92002c,Captain Robau,2026-01-25 23:22:47.478881+00
00b7dbb0-6cf9-4e57-b282-677f3e8cd253,bceca446-7bd4-45e6-a8be-6776ab005aaa,Captain Christopher Pike,2026-01-25 23:22:47.478881+00
00b7dbb0-6cf9-4e57-b282-677f3e8cd253,c1ed093e-4363-4b38-a17c-6c4dee968eee,Sarek,2026-01-25 23:22:47.478881+00
00b7dbb0-6cf9-4e57-b282-677f3e8cd253,c9934212-880b-4766-8a03-a153558d6cac,Amanda Grayson,2026-01-25 23:22:47.478881+00
00b7dbb0-6cf9-4e57-b282-677f3e8cd253,e1145080-1374-458c-881f-def1074e76fd,Lieutenant Hikaru Sulu,2026-01-25 23:22:47.478881+00
00b7dbb0-6cf9-4e57-b282-677f3e8cd253,f951404c-88bd-4446-9e4b-97b3e6babca9,Cadet James T. Kirk,2026-01-25 23:22:47.478881+00
00b7dbb0-6cf9-4e57-b282-677f3e8cd253,fc7645ce-de39-4d7b-bfbd-c50334b9ad95,Galia,2026-01-25 23:22:47.478881+00
00b7dbb0-6cf9-4e57-b282-677f3e8cd253,fd515384-bfa1-4cea-a777-7be4b2ab1628,Kelvin Crew Member,2026-01-25 23:22:47.478881+00
01be80c1-03c8-415d-a8b6-7b7d9d045047,05d28cb5-33a8-4199-b81f-af35278fd543,Ada,2026-01-25 23:22:47.478881+00
01be80c1-03c8-415d-a8b6-7b7d9d045047,0c291f10-f559-49ca-af25-7dbfa02ba8cf,Lyle Russel,2026-01-25 23:22:47.478881+00
01be80c1-03c8-415d-a8b6-7b7d9d045047,1730f7aa-29c3-48fe-b6e7-2b8461abd173,Mrs. Ovadia,2026-01-25 23:22:47.478881+00
01be80c1-03c8-415d-a8b6-7b7d9d045047,2836fa49-b997-4255-a7ce-daf19649bd26,Mrs. Pearlman,2026-01-25 23:22:47.478881+00
01be80c1-03c8-415d-a8b6-7b7d9d045047,2b65eeb1-1db3-488a-b6a8-5eb2cb506593,Marion Silver,2026-01-25 23:22:47.478881+00
01be80c1-03c8-415d-a8b6-7b7d9d045047,33f2d60d-7f2b-4719-8f42-dc2949bf58a4,Arnold the Shrink,2026-01-25 23:22:47.478881+00
01be80c1-03c8-415d-a8b6-7b7d9d045047,495886cc-ce76-4f73-8cf4-d8ae85cf9dd2,Tappy Tibbons,2026-01-25 23:22:47.478881+00
01be80c1-03c8-415d-a8b6-7b7d9d045047,69c0dc1c-99d9-49ea-8235-2b5e04e41c72,Mrs. Miles,2026-01-25 23:22:47.478881+00
01be80c1-03c8-415d-a8b6-7b7d9d045047,6f24f4cd-f469-4faf-b40c-695caec23daa,Dr. Pill,2026-01-25 23:22:47.478881+00
01be80c1-03c8-415d-a8b6-7b7d9d045047,7f2e15e4-ed7f-4ce4-89ce-851e4b749490,Rae,2026-01-25 23:22:47.478881+00
01be80c1-03c8-415d-a8b6-7b7d9d045047,a5b336c3-3a10-498a-8187-3c684fae29b7,Nurse Mall,2026-01-25 23:22:47.478881+00
01be80c1-03c8-415d-a8b6-7b7d9d045047,af60d66d-3c73-4c9e-9c23-e412dc9d8966,Tyrone C. Love,2026-01-25 23:22:47.478881+00
01be80c1-03c8-415d-a8b6-7b7d9d045047,bb5f10ca-40c8-461e-bad2-557eb7b6cdb5,Mrs. Scarlini,2026-01-25 23:22:47.478881+00
01be80c1-03c8-415d-a8b6-7b7d9d045047,bdfd2ec0-7b72-4286-8a1b-67797e766dd6,Corn Dog Stand Boss,2026-01-25 23:22:47.478881+00
01be80c1-03c8-415d-a8b6-7b7d9d045047,c6db1ec1-f05c-4a12-a594-b513237c3d38,Mailman,2026-01-25 23:22:47.478881+00
01be80c1-03c8-415d-a8b6-7b7d9d045047,e2e05936-63b1-4e24-9506-05989221b572,King Neptune,2026-01-25 23:22:47.478881+00
01be80c1-03c8-415d-a8b6-7b7d9d045047,e35fb693-c46f-4bf5-a432-d0f9c6e3e895,Donut Cop,2026-01-25 23:22:47.478881+00
01be80c1-03c8-415d-a8b6-7b7d9d045047,ee326e95-44e5-44d2-a6af-8a3eca3ae589,Harry Goldfarb,2026-01-25 23:22:47.478881+00
01be80c1-03c8-415d-a8b6-7b7d9d045047,efeb7b9c-3bf2-4496-9121-29b1e5287e10,Mr. Rabinowitz,2026-01-25 23:22:47.478881+00
01be80c1-03c8-415d-a8b6-7b7d9d045047,fe59f423-d473-43d6-beca-87564e6da9a1,Sara Goldfarb,2026-01-25 23:22:47.478881+00
06a198e8-39fa-4b4c-a96b-ba2fbc71c78e,0b212dcf-c704-4347-96ee-39706ec12ca5,Mother,2026-01-25 23:22:47.478881+00
06a198e8-39fa-4b4c-a96b-ba2fbc71c78e,16a1256d-3417-47e4-967b-aaff9eb55b13,Dark Room Patron (uncredited),2026-01-25 23:22:47.478881+00
06a198e8-39fa-4b4c-a96b-ba2fbc71c78e,45c414f2-32c7-4af2-9d91-5ce1f0060380,Lady in the Dark Room,2026-01-25 23:22:47.478881+00
06a198e8-39fa-4b4c-a96b-ba2fbc71c78e,495b6bbb-3793-4351-af5e-1b182d568c1d,Adam / Anthony,2026-01-25 23:22:47.478881+00
06a198e8-39fa-4b4c-a96b-ba2fbc71c78e,6257687d-f6cc-4156-a992-12a708ae8557,Receptionist (uncredited),2026-01-25 23:22:47.478881+00
06a198e8-39fa-4b4c-a96b-ba2fbc71c78e,6d314b27-b484-4af0-a363-6f6f3bbf1928,Lady in the Dark Room,2026-01-25 23:22:47.478881+00
06a198e8-39fa-4b4c-a96b-ba2fbc71c78e,82399ac3-8826-4840-a34e-b90f4ae79b5e,Helen,2026-01-25 23:22:47.478881+00
06a198e8-39fa-4b4c-a96b-ba2fbc71c78e,9405ea3c-33ee-47a5-885b-a02f0a500de2,Video Store Clerk,2026-01-25 23:22:47.478881+00
06a198e8-39fa-4b4c-a96b-ba2fbc71c78e,94988b15-1623-4d2c-8cdb-a86881407cfb,"Sad, Broken Woman (uncredited)",2026-01-25 23:22:47.478881+00
06a198e8-39fa-4b4c-a96b-ba2fbc71c78e,ba749085-4ae2-4d88-a703-d85ac8378f76,Security Guard,2026-01-25 23:22:47.478881+00
06a198e8-39fa-4b4c-a96b-ba2fbc71c78e,c75ba297-7fea-4631-954e-377bc8ab5a40,Mary,2026-01-25 23:22:47.478881+00
06a198e8-39fa-4b4c-a96b-ba2fbc71c78e,e0602210-12c3-407c-9ddf-106859cbae01,Bouncer (uncredited),2026-01-25 23:22:47.478881+00
06a198e8-39fa-4b4c-a96b-ba2fbc71c78e,e4e0aeaa-f88b-43c4-b9c0-aa58c93b208d,Lady in the Dark Room,2026-01-25 23:22:47.478881+00
06a198e8-39fa-4b4c-a96b-ba2fbc71c78e,f95f4d2b-5579-47a6-945c-37930b2ba826,Teacher at School,2026-01-25 23:22:47.478881+00
06a198e8-39fa-4b4c-a96b-ba2fbc71c78e,fdfb3bd3-bc6f-4206-9109-c793f324f8ea,Anthony's Concierge,2026-01-25 23:22:47.478881+00
088e116f-839e-41d1-8305-110ca0059eb5,1b033d59-d5bb-440f-8e0e-583b007058b7,Benji,2026-01-25 23:22:47.478881+00
088e116f-839e-41d1-8305-110ca0059eb5,2307875b-4738-4667-8cfb-6738559b7cf1,Kevin,2026-01-25 23:22:47.478881+00
088e116f-839e-41d1-8305-110ca0059eb5,39610478-36a9-423e-8bb6-257afe55c3ad,Musgrave,2026-01-25 23:22:47.478881+00
088e116f-839e-41d1-8305-110ca0059eb5,3cbe8b4e-2b5b-4052-8500-49803bad5d52,Davian's Translator,2026-01-25 23:22:47.478881+00
088e116f-839e-41d1-8305-110ca0059eb5,3e5f3892-86d6-46bc-b6e9-410dcd16b160,Beth,2026-01-25 23:22:47.478881+00
088e116f-839e-41d1-8305-110ca0059eb5,3e98fdc1-5b03-40e0-89da-0c91471b329f,Luther,2026-01-25 23:22:47.478881+00
088e116f-839e-41d1-8305-110ca0059eb5,4e26c282-76fd-4c36-9506-075544352a09,Brownway,2026-01-25 23:22:47.478881+00
088e116f-839e-41d1-8305-110ca0059eb5,6fc68df0-2468-4c83-b708-12c34c90e88b,Julia's Mother,2026-01-25 23:22:47.478881+00
088e116f-839e-41d1-8305-110ca0059eb5,75b9d993-6b48-48e1-b3f0-b4353d554afc,Ken,2026-01-25 23:22:47.478881+00
088e116f-839e-41d1-8305-110ca0059eb5,7aa47854-2cd1-48d8-b622-3675966f70f7,Zhen,2026-01-25 23:22:47.478881+00
088e116f-839e-41d1-8305-110ca0059eb5,7d2d0d04-00aa-448d-94ad-42472c34a08e,Rachael,2026-01-25 23:22:47.478881+00
088e116f-839e-41d1-8305-110ca0059eb5,932380f5-9a6a-4722-a5bb-919d3e9c7447,Julia,2026-01-25 23:22:47.478881+00
088e116f-839e-41d1-8305-110ca0059eb5,9528cd98-b1ce-41dd-8818-b03a960f3707,Julia's Kidnapper,2026-01-25 23:22:47.478881+00
088e116f-839e-41d1-8305-110ca0059eb5,a3e9f250-08e0-4d81-88c6-06f17567341f,Declan,2026-01-25 23:22:47.478881+00
088e116f-839e-41d1-8305-110ca0059eb5,aa05e683-054c-434b-95bd-5cc40f7e5edc,Theodore Brassel,2026-01-25 23:22:47.478881+00
088e116f-839e-41d1-8305-110ca0059eb5,b5b644fa-c7e7-48fb-9ade-4bc71301f707,Davian's Bodyguard,2026-01-25 23:22:47.478881+00
088e116f-839e-41d1-8305-110ca0059eb5,c480713e-b29c-4e48-a985-f64fa74193fb,Lindsey Farris,2026-01-25 23:22:47.478881+00
088e116f-839e-41d1-8305-110ca0059eb5,cee3565e-7406-4140-830f-0665d0cf1dc9,Owen Davian,2026-01-25 23:22:47.478881+00
088e116f-839e-41d1-8305-110ca0059eb5,dee2bcf3-92c0-4ef8-8f17-74b6f5fb27b6,Annie,2026-01-25 23:22:47.478881+00
088e116f-839e-41d1-8305-110ca0059eb5,f7c1d3b1-86da-4eae-86cc-3400bc57efe3,Ethan Hunt,2026-01-25 23:22:47.478881+00
0975c319-f728-4597-ac7a-a73c9e82bebf,07887a12-ead6-4d79-9e5d-8e836a694565,Starkard (voice),2026-01-25 23:22:47.478881+00
0975c319-f728-4597-ac7a-a73c9e82bebf,0cc5e0b8-1a1a-4e36-a0ef-f1de0ec17dca,Astrid (voice),2026-01-25 23:22:47.478881+00
0975c319-f728-4597-ac7a-a73c9e82bebf,0ffad5da-a76c-4ead-a33f-7b4c537c055c,Hoark the Haggard (voice),2026-01-25 23:22:47.478881+00
0975c319-f728-4597-ac7a-a73c9e82bebf,1010473b-7e4b-495f-9dad-43cd6fcc6878,Tuffnut (voice),2026-01-25 23:22:47.478881+00
0975c319-f728-4597-ac7a-a73c9e82bebf,12297c5e-0e23-4639-8c9f-6723e915c1d1,Snotlout (voice),2026-01-25 23:22:47.478881+00
0975c319-f728-4597-ac7a-a73c9e82bebf,240e751f-2116-47b6-9dee-c666396763ad,Toothless (voice) (uncredited),2026-01-25 23:22:47.478881+00
0975c319-f728-4597-ac7a-a73c9e82bebf,40ce3fa0-d421-4d21-8a82-a8a298a705be,Fishlegs (voice),2026-01-25 23:22:47.478881+00
0975c319-f728-4597-ac7a-a73c9e82bebf,4c0946a7-c51e-46e9-b720-9a6037bbd3c8,Ack (voice),2026-01-25 23:22:47.478881+00
0975c319-f728-4597-ac7a-a73c9e82bebf,61709e28-593d-4577-b5f2-4738bee41c74,Gobber (voice),2026-01-25 23:22:47.478881+00
0975c319-f728-4597-ac7a-a73c9e82bebf,7ae9e9fe-0087-4a92-bc28-ff5d5e0045af,Phlegma the Fierce (Voice),2026-01-25 23:22:47.478881+00
0975c319-f728-4597-ac7a-a73c9e82bebf,7f607703-3a6e-4559-bb89-cf13c5b2ea20,Ruffnut (voice),2026-01-25 23:22:47.478881+00
0975c319-f728-4597-ac7a-a73c9e82bebf,957927cb-acf7-4bfc-8475-71fdfa9c9fbb,Spitelout (voice),2026-01-25 23:22:47.478881+00
0975c319-f728-4597-ac7a-a73c9e82bebf,a7760ded-df35-43d9-8d7a-5bfa42a5c43c,Stoick (voice),2026-01-25 23:22:47.478881+00
0975c319-f728-4597-ac7a-a73c9e82bebf,fcf8463d-6e3e-487f-9009-605187d0eedb,Hiccup (voice),2026-01-25 23:22:47.478881+00
0c9a8a0c-a4bd-4aa6-b79c-deb406a2f80f,11167afa-1d70-4051-a160-391863cb2454,Fito Strauch,2026-01-25 23:22:47.478881+00
0c9a8a0c-a4bd-4aa6-b79c-deb406a2f80f,11c5661c-c987-4dee-bf56-0443e51762ed,Eduardo Strauch,2026-01-25 23:22:47.478881+00
0c9a8a0c-a4bd-4aa6-b79c-deb406a2f80f,1c68aece-32f6-4910-a503-9c658003ddde,Javier Methol,2026-01-25 23:22:47.478881+00
0c9a8a0c-a4bd-4aa6-b79c-deb406a2f80f,200e9fd9-8a48-4794-998d-e8590398597d,Alberto Artuna,2026-01-25 23:22:47.478881+00
0c9a8a0c-a4bd-4aa6-b79c-deb406a2f80f,21e8238e-ddba-4409-9144-29009bea0bb9,Lilliana Methol,2026-01-25 23:22:47.478881+00
0c9a8a0c-a4bd-4aa6-b79c-deb406a2f80f,229eaa7e-07ca-45ec-8e12-a87d1140de36,Antonio Vizintín,2026-01-25 23:22:47.478881+00
0c9a8a0c-a4bd-4aa6-b79c-deb406a2f80f,2d14a5e0-880f-4c4d-98cc-9fc902d2e9f1,Antonio Balbi,2026-01-25 23:22:47.478881+00
0c9a8a0c-a4bd-4aa6-b79c-deb406a2f80f,2d51ba8d-1bd2-4903-8db3-06818727be3a,Daniel Fernández,2026-01-25 23:22:47.478881+00
0c9a8a0c-a4bd-4aa6-b79c-deb406a2f80f,41d34edc-269e-44e5-8f75-975176f7bb62,Hugo Díaz,2026-01-25 23:22:47.478881+00
0c9a8a0c-a4bd-4aa6-b79c-deb406a2f80f,65780f99-b4a3-43d8-9733-bde7c33e100b,Juan Martino,2026-01-25 23:22:47.478881+00
0c9a8a0c-a4bd-4aa6-b79c-deb406a2f80f,7537c909-4033-40c5-973e-ae4a01d50251,Nando Parrado,2026-01-25 23:22:47.478881+00
0c9a8a0c-a4bd-4aa6-b79c-deb406a2f80f,9c9b2de4-bacb-434d-b612-125996b33715,Rafael Cano,2026-01-25 23:22:47.478881+00
0c9a8a0c-a4bd-4aa6-b79c-deb406a2f80f,a07c720b-4a62-4fc8-92f0-ea7f84ce3e0a,Bobby François,2026-01-25 23:22:47.478881+00
0c9a8a0c-a4bd-4aa6-b79c-deb406a2f80f,a28616e5-e3cf-4af9-89b6-47fd72c8ec4f,Carlitos Páez,2026-01-25 23:22:47.478881+00
0c9a8a0c-a4bd-4aa6-b79c-deb406a2f80f,ab376e18-dcab-4e14-9f9a-d3a924e90047,Pablo Montero,2026-01-25 23:22:47.478881+00
0c9a8a0c-a4bd-4aa6-b79c-deb406a2f80f,b2198f14-3267-4a95-9587-ec75b2cdd075,Roy Harley,2026-01-25 23:22:47.478881+00
0c9a8a0c-a4bd-4aa6-b79c-deb406a2f80f,bce3988d-8b33-4235-b010-2a734ef06a49,Roberto Canessa,2026-01-25 23:22:47.478881+00
0c9a8a0c-a4bd-4aa6-b79c-deb406a2f80f,d1bedfa7-872f-4efb-ac6e-419e6fec7f83,Gustavo Zerbino,2026-01-25 23:22:47.478881+00
0c9a8a0c-a4bd-4aa6-b79c-deb406a2f80f,eab6fd4a-2f96-4925-a927-a5f65a5ff36b,Fraga,2026-01-25 23:22:47.478881+00
0c9a8a0c-a4bd-4aa6-b79c-deb406a2f80f,eb657fae-d200-4001-8df6-ffa0a2ddbdff,Federico Aranda,2026-01-25 23:22:47.478881+00
0d06b4e2-1520-4a4f-9190-8a80295d9722,006c36f3-3635-4f2f-b848-45ef4f7a6adb,Forensics Guy,2026-02-14 02:51:48.046586+00
0d06b4e2-1520-4a4f-9190-8a80295d9722,0d8f60f2-13ac-4476-873f-eb2f9cf2fe59,Anna Dover,2026-02-14 02:51:48.046586+00
0d06b4e2-1520-4a4f-9190-8a80295d9722,207d2de4-df21-4a7b-bc0f-c36e935fa33f,Joy Birch,2026-02-14 02:51:48.046586+00
0d06b4e2-1520-4a4f-9190-8a80295d9722,3721817a-285c-4f74-972f-1af476ae1a5e,Father Patrick Dunn,2026-02-14 02:51:48.046586+00
0d06b4e2-1520-4a4f-9190-8a80295d9722,40fa57bf-e737-41e4-8f80-9db9842ffc51,Officer Wedge,2026-02-14 02:51:48.046586+00
0d06b4e2-1520-4a4f-9190-8a80295d9722,415f5ca3-00c3-4d56-8ecb-4036622d7331,Alex Jones,2026-02-14 02:51:48.046586+00
0d06b4e2-1520-4a4f-9190-8a80295d9722,495b6bbb-3793-4351-af5e-1b182d568c1d,Detective Loki,2026-02-14 02:51:48.046586+00
0d06b4e2-1520-4a4f-9190-8a80295d9722,5d4955f4-e380-42a7-a49b-cd6371234c89,Eliza Birch,2026-02-14 02:51:48.046586+00
0d06b4e2-1520-4a4f-9190-8a80295d9722,63adce57-420a-410f-8a2e-b5511963554a,Nancy Birch,2026-02-14 02:51:48.046586+00
0d06b4e2-1520-4a4f-9190-8a80295d9722,66ab7f51-65c6-47fb-a04f-716740586b56,Keller Dover,2026-02-14 02:51:48.046586+00
0d06b4e2-1520-4a4f-9190-8a80295d9722,8874af41-5e13-4dea-916a-8a6918becc89,Ralph Dover,2026-02-14 02:51:48.046586+00
0d06b4e2-1520-4a4f-9190-8a80295d9722,88acdeef-625e-4017-b347-40c35c969a31,Franklin Birch,2026-02-14 02:51:48.046586+00
0d06b4e2-1520-4a4f-9190-8a80295d9722,91001cae-2ff1-45a0-b48a-0e7b1370ac11,Grace Dover,2026-02-14 02:51:48.046586+00
0d06b4e2-1520-4a4f-9190-8a80295d9722,940eb507-f233-4fef-bcb5-7af4d264f85e,Detective Chemelinski,2026-02-14 02:51:48.046586+00
0d06b4e2-1520-4a4f-9190-8a80295d9722,a7be3153-5031-4c19-85e5-e31ce4f38e14,Mrs. Milland,2026-02-14 02:51:48.046586+00
0d06b4e2-1520-4a4f-9190-8a80295d9722,b1e63281-fb1e-43e8-8a67-01b95a1639dc,Officer Carter,2026-02-14 02:51:48.046586+00
0d06b4e2-1520-4a4f-9190-8a80295d9722,bb71ecc2-bf36-49f5-b919-ba2075e12188,Captain Richard O'Malley,2026-02-14 02:51:48.046586+00
0d06b4e2-1520-4a4f-9190-8a80295d9722,c9291213-b36f-4fb0-aac6-bfda2ef72185,Bob Taylor,2026-02-14 02:51:48.046586+00
0d06b4e2-1520-4a4f-9190-8a80295d9722,d7fe0e63-65aa-4783-b9af-d70895ccb9f3,Holly Jones,2026-02-14 02:51:48.046586+00
0d06b4e2-1520-4a4f-9190-8a80295d9722,f05f4f66-8c8a-4d25-87f3-860416d2bf2e,Check Out Girl,2026-02-14 02:51:48.046586+00
0da00b7c-696c-4151-81e1-99e1730ce913,007c334a-0d28-4a44-ab0f-d97504e2a073,Sam Witwicky,2026-01-25 23:22:47.478881+00
0da00b7c-696c-4151-81e1-99e1730ce913,01c18cf7-fd1f-4fa2-b9c2-5aa40ef8aa43,Starscream (voice),2026-01-25 23:22:47.478881+00
0da00b7c-696c-4151-81e1-99e1730ce913,142c68c7-d7bd-4344-89a2-bfdaf6236618,Ranger Team,2026-01-25 23:22:47.478881+00
0da00b7c-696c-4151-81e1-99e1730ce913,206243d9-fcc7-4ccd-8c7b-7ff8c3e3c81f,Glen Whitmann,2026-01-25 23:22:47.478881+00
0da00b7c-696c-4151-81e1-99e1730ce913,279581e1-53a9-4810-92fb-126c45e72f71,Ranger Team,2026-01-25 23:22:47.478881+00
0da00b7c-696c-4151-81e1-99e1730ce913,3faab48b-87f3-4b88-a7cf-706b564324e0,ACWO Jorge 'Fig' Figueroa,2026-01-25 23:22:47.478881+00
0da00b7c-696c-4151-81e1-99e1730ce913,5a07d956-518a-4387-8723-0d53b55c6c60,Ranger Team,2026-01-25 23:22:47.478881+00
0da00b7c-696c-4151-81e1-99e1730ce913,5b1b5fa3-e21e-47c4-9769-fedb6b9e5419,Mikaela Banes,2026-01-25 23:22:47.478881+00
0da00b7c-696c-4151-81e1-99e1730ce913,68766ded-64b2-4483-9fe9-ac8d8651ec35,Captain Lennox,2026-01-25 23:22:47.478881+00
0da00b7c-696c-4151-81e1-99e1730ce913,69247bc2-b5f4-492b-9e76-2c683989381a,Agent Simmons,2026-01-25 23:22:47.478881+00
0da00b7c-696c-4151-81e1-99e1730ce913,6d4fc18e-f30c-4fe7-b829-bf4effe38dc9,First Sergeant Donnelly,2026-01-25 23:22:47.478881+00
0da00b7c-696c-4151-81e1-99e1730ce913,7fcd749b-7993-447c-9ae0-14dadfe366bb,Judy Witwicky,2026-01-25 23:22:47.478881+00
0da00b7c-696c-4151-81e1-99e1730ce913,865dd49e-14e8-4003-b754-eb125dc6f194,Defense Secretary John Keller,2026-01-25 23:22:47.478881+00
0da00b7c-696c-4151-81e1-99e1730ce913,aa549fff-3b2d-42a0-8721-86d5b7fe1a54,Maggie Madsen,2026-01-25 23:22:47.478881+00
0da00b7c-696c-4151-81e1-99e1730ce913,abc61204-9151-44b3-adbc-e361c8f059c9,Bumblebee (voice),2026-01-25 23:22:47.478881+00
0da00b7c-696c-4151-81e1-99e1730ce913,b4388892-8670-4483-b541-a43b60c80e99,Ron Witwicky,2026-01-25 23:22:47.478881+00
0da00b7c-696c-4151-81e1-99e1730ce913,b5274740-6fe6-4ae3-935c-1e2a34d8192d,Optimus Prime (voice),2026-01-25 23:22:47.478881+00
0da00b7c-696c-4151-81e1-99e1730ce913,c1e6f7dd-e1a8-4fa4-bb79-993bcc82e1b9,Megatron (voice),2026-01-25 23:22:47.478881+00
0da00b7c-696c-4151-81e1-99e1730ce913,cb48a796-7a36-4498-be79-5c0375bb0b43,Tom Banacheck,2026-01-25 23:22:47.478881+00
0da00b7c-696c-4151-81e1-99e1730ce913,e59c2723-c267-45b7-8026-9cda906e6fc8,USAF Tech Sergeant Epps,2026-01-25 23:22:47.478881+00
0f7ef0be-975a-4229-ba13-a0c779769467,0225e8c7-a20a-49aa-abc4-dc333db99943,Tejima (voice),2026-02-03 07:00:24.132024+00
0f7ef0be-975a-4229-ba13-a0c779769467,0953dadb-8e1d-4cdd-86e9-3d1406b3fbc9,Rei (voice),2026-02-03 07:00:24.132024+00
0f7ef0be-975a-4229-ba13-a0c779769467,21439201-c3e5-4ddf-bf12-6a2e405bd879,Mima Kirigoe (voice),2026-02-03 07:00:24.132024+00
0f7ef0be-975a-4229-ba13-a0c779769467,219242bc-6fb3-4280-8459-c99e7a706db4,Murano (voice),2026-02-03 07:00:24.132024+00
0f7ef0be-975a-4229-ba13-a0c779769467,2250f675-efff-411d-8c07-4e96d8564686,Mima's Mother (voice),2026-02-03 07:00:24.132024+00
0f7ef0be-975a-4229-ba13-a0c779769467,24b9abd0-f224-4a4a-ae0e-af87be0c13d5,Yada (voice),2026-02-03 07:00:24.132024+00
0f7ef0be-975a-4229-ba13-a0c779769467,3191a2d1-3a5e-474b-b126-564489137be4,Tadashi Doi (voice),2026-02-03 07:00:24.132024+00
0f7ef0be-975a-4229-ba13-a0c779769467,31d4e71a-4e00-4c47-afdb-93f3dc0f362b,Rumi (voice),2026-02-03 07:00:24.132024+00
0f7ef0be-975a-4229-ba13-a0c779769467,4fec58bd-bad2-4211-8ee7-98184a7e5858,Red (voice),2026-02-03 07:00:24.132024+00
0f7ef0be-975a-4229-ba13-a0c779769467,52ac1093-6b55-4b35-98da-8a56aec27acb,Tadokoro (voice),2026-02-03 07:00:24.132024+00
0f7ef0be-975a-4229-ba13-a0c779769467,60894c50-2725-48bc-8619-761efb53386a,Taku (voice),2026-02-03 07:00:24.132024+00
0f7ef0be-975a-4229-ba13-a0c779769467,60d255d4-acb2-4050-afcc-fa978a91290e,Company Employee (voice),2026-02-03 07:00:24.132024+00
0f7ef0be-975a-4229-ba13-a0c779769467,7fa5f7a7-e311-4111-93b5-71e6cd7e6333,Yukiko (voice),2026-02-03 07:00:24.132024+00
0f7ef0be-975a-4229-ba13-a0c779769467,801925a6-813d-40f9-8a70-d1a3f6ae23d8,Eri Ochiai (voice),2026-02-03 07:00:24.132024+00
0f7ef0be-975a-4229-ba13-a0c779769467,9328821d-0eac-43db-9661-aee952f7ebd4,Child (voice),2026-02-03 07:00:24.132024+00
0f7ef0be-975a-4229-ba13-a0c779769467,95dd6869-deb7-47b8-8855-47115bb13c29,Child (voice),2026-02-03 07:00:24.132024+00
0f7ef0be-975a-4229-ba13-a0c779769467,af48ba75-c782-40ed-b02e-0362c5efa153,Mamoru Uchida (voice),2026-02-03 07:00:24.132024+00
0f7ef0be-975a-4229-ba13-a0c779769467,e8fc1c9f-8da7-4d0a-ab7f-8cafe7f75ae8,Kantoku (voice),2026-02-03 07:00:24.132024+00
0f7ef0be-975a-4229-ba13-a0c779769467,ef3b7c08-8be0-4cac-990f-192fe2f92906,Sakuragi (voice),2026-02-03 07:00:24.132024+00
0f7ef0be-975a-4229-ba13-a0c779769467,f53ebf4b-a1ba-4535-a4af-2f65684c3490,Takao Shibuya (voice),2026-02-03 07:00:24.132024+00
0fc4294e-a739-432e-8e4d-5b11921b9af4,01c18cf7-fd1f-4fa2-b9c2-5aa40ef8aa43,Yokai (voice),2026-01-25 23:22:47.478881+00
0fc4294e-a739-432e-8e4d-5b11921b9af4,0c091cfd-da8d-4c7f-b7bc-842c7d61de5d,Honey Lemon (voice),2026-01-25 23:22:47.478881+00
0fc4294e-a739-432e-8e4d-5b11921b9af4,1010473b-7e4b-495f-9dad-43cd6fcc6878,Fred (voice),2026-01-25 23:22:47.478881+00
0fc4294e-a739-432e-8e4d-5b11921b9af4,2a49aae8-762a-49c8-bdf8-d80167b23df4,Baymax (voice),2026-01-25 23:22:47.478881+00
0fc4294e-a739-432e-8e4d-5b11921b9af4,2d55ea83-dd29-43c6-a922-a6b14d955b67,Hiro Hamada (voice),2026-01-25 23:22:47.478881+00
0fc4294e-a739-432e-8e4d-5b11921b9af4,3ee4c1c6-78ec-4433-a056-efbd1d436a53,Additional Voices (voice),2026-01-25 23:22:47.478881+00
0fc4294e-a739-432e-8e4d-5b11921b9af4,424c2f58-62f6-428a-9bbe-5f6bed6ca404,Wasabi (voice),2026-01-25 23:22:47.478881+00
0fc4294e-a739-432e-8e4d-5b11921b9af4,4edb2444-2c88-43f7-a95b-d111ea4a4580,Newscaster (voice),2026-01-25 23:22:47.478881+00
0fc4294e-a739-432e-8e4d-5b11921b9af4,581500c4-6011-4106-a4e1-415b6800ea22,Additional Voice (voice),2026-01-25 23:22:47.478881+00
0fc4294e-a739-432e-8e4d-5b11921b9af4,62c385d9-ac8d-41ba-9860-2a6da386c307,Additional Voice (voice),2026-01-25 23:22:47.478881+00
0fc4294e-a739-432e-8e4d-5b11921b9af4,78a8e014-853a-4be7-a65b-c6107921e3d1,Professor Robert Callaghan (voice),2026-01-25 23:22:47.478881+00
0fc4294e-a739-432e-8e4d-5b11921b9af4,7e3b8044-50b0-4ec7-8131-0db66036bde1,Alistair Krei (voice),2026-01-25 23:22:47.478881+00
0fc4294e-a739-432e-8e4d-5b11921b9af4,8b7e82c3-a14c-42e2-995f-e0926e6f27c8,Heathcliff (voice),2026-01-25 23:22:47.478881+00
0fc4294e-a739-432e-8e4d-5b11921b9af4,ad68fb9d-4920-452c-bf8f-8358b1ab11b0,General (voice),2026-01-25 23:22:47.478881+00
0fc4294e-a739-432e-8e4d-5b11921b9af4,b555ef68-2423-4c64-b8f8-6f33b1d4a6f9,Yama (voice),2026-01-25 23:22:47.478881+00
0fc4294e-a739-432e-8e4d-5b11921b9af4,cdc5186a-38b0-4b43-aa1b-39bc374e847e,Desk Sergeant (voice),2026-01-25 23:22:47.478881+00
0fc4294e-a739-432e-8e4d-5b11921b9af4,d7290df0-48c1-4009-a131-1ada048a6d2f,Aunt Cass (voice),2026-01-25 23:22:47.478881+00
0fc4294e-a739-432e-8e4d-5b11921b9af4,d74f5f4e-0f1f-49b8-a17d-ca755fe6ad6c,Tadashi Hamada (voice),2026-01-25 23:22:47.478881+00
0fc4294e-a739-432e-8e4d-5b11921b9af4,e72a6cf0-aed7-4abb-a675-80dd38bb6712,Abigail (voice),2026-01-25 23:22:47.478881+00
0fc4294e-a739-432e-8e4d-5b11921b9af4,e8b8b2ff-fe82-4f2e-9f33-b65ff1c1ce0e,GoGo Tomago (voice),2026-01-25 23:22:47.478881+00
0fde2bf0-140f-4e1f-b328-369c5e6698da,02b68395-aa0d-41ad-87fa-27017298da03,Father on Plane,2026-02-03 07:02:46.27724+00
0fde2bf0-140f-4e1f-b328-369c5e6698da,357e722e-7900-436f-befb-05fce1eb4af5,Ken Evans,2026-02-03 07:02:46.27724+00
0fde2bf0-140f-4e1f-b328-369c5e6698da,386f1399-7461-4e6e-8092-277a9160bb3c,Son on Plane,2026-02-03 07:02:46.27724+00
0fde2bf0-140f-4e1f-b328-369c5e6698da,3d4be002-d7e3-408e-b394-a3598e1371c8,Kip,2026-02-03 07:02:46.27724+00
0fde2bf0-140f-4e1f-b328-369c5e6698da,3fcbb162-1d75-442b-9bed-e850451569cb,Field Reporter,2026-02-03 07:02:46.27724+00
0fde2bf0-140f-4e1f-b328-369c5e6698da,5939c529-8d33-44d4-96f3-b98c51b19524,Harling Mays,2026-02-03 07:02:46.27724+00
0fde2bf0-140f-4e1f-b328-369c5e6698da,5b98f9ea-5201-42fd-ae00-8c553a328111,Margaret Thomason,2026-02-03 07:02:46.27724+00
0fde2bf0-140f-4e1f-b328-369c5e6698da,6865aa90-3530-4616-a630-bc165626c4c9,Schecter,2026-02-03 07:02:46.27724+00
0fde2bf0-140f-4e1f-b328-369c5e6698da,82d6fbfc-7f8d-4ef5-825e-8af562b51935,Hugh Lang,2026-02-03 07:02:46.27724+00
0fde2bf0-140f-4e1f-b328-369c5e6698da,85026d23-e2f8-4ed1-809b-2ed6f169a3bd,Tiki Pot,2026-02-03 07:02:46.27724+00
0fde2bf0-140f-4e1f-b328-369c5e6698da,94f73ce6-0162-40dd-a69c-c139a25e8cad,Fran,2026-02-03 07:02:46.27724+00
0fde2bf0-140f-4e1f-b328-369c5e6698da,ae6751ed-9b16-47a3-8c69-b861494bbb92,Avington Carr,2026-02-03 07:02:46.27724+00
0fde2bf0-140f-4e1f-b328-369c5e6698da,b60b28b6-1645-4f47-8c4b-c9c720875a3d,Nicole,2026-02-03 07:02:46.27724+00
0fde2bf0-140f-4e1f-b328-369c5e6698da,baeefc31-7412-4197-88a2-186e0e738b0c,Katerina Marquez,2026-02-03 07:02:46.27724+00
0fde2bf0-140f-4e1f-b328-369c5e6698da,bceca446-7bd4-45e6-a8be-6776ab005aaa,Charlie Anderson,2026-02-03 07:02:46.27724+00
0fde2bf0-140f-4e1f-b328-369c5e6698da,d7fe0e63-65aa-4783-b9af-d70895ccb9f3,Ellen Block,2026-02-03 07:02:46.27724+00
0fde2bf0-140f-4e1f-b328-369c5e6698da,e3a94cc3-9461-48e1-9183-7c46f39cea2a,Derek Hogue,2026-02-03 07:02:46.27724+00
0fde2bf0-140f-4e1f-b328-369c5e6698da,e4848f65-c28e-42b7-8fbe-d5479363e156,Camelia Satou,2026-02-03 07:02:46.27724+00
0fde2bf0-140f-4e1f-b328-369c5e6698da,ec85e68d-7ec2-45b4-8b14-238eb937a1b5,Whip Whitaker,2026-02-03 07:02:46.27724+00
0fde2bf0-140f-4e1f-b328-369c5e6698da,fb051fb4-37dc-49aa-8b44-8dc542ede4a5,Deana,2026-02-03 07:02:46.27724+00
102f5c16-fe8f-4c45-a976-98fed55eb976,01b5fc17-6135-45aa-98cf-a068b1a408bf,Queen of Naboo,2026-01-25 23:22:47.478881+00
102f5c16-fe8f-4c45-a976-98fed55eb976,12c41dfd-a3f0-49b2-b100-6da0bed81d7f,Mas Amedda,2026-01-25 23:22:47.478881+00
102f5c16-fe8f-4c45-a976-98fed55eb976,31c1d55d-ccbf-4f43-bcce-3283a8a1a364,C-3PO,2026-01-25 23:22:47.478881+00
102f5c16-fe8f-4c45-a976-98fed55eb976,37478eab-afc2-419a-a338-2bebd0110c36,Tion Medon,2026-01-25 23:22:47.478881+00
102f5c16-fe8f-4c45-a976-98fed55eb976,745b90e1-c6fc-4270-8700-3a41053941bf,Sio Bibble,2026-01-25 23:22:47.478881+00
102f5c16-fe8f-4c45-a976-98fed55eb976,7a52bcb6-4738-42d7-aa47-d67ac02b7e85,Captain Antilles,2026-01-25 23:22:47.478881+00
102f5c16-fe8f-4c45-a976-98fed55eb976,7d9aa9ca-d53f-41ad-9e07-f1fc75033299,Nute Gunray / Ki-Adi Mundi,2026-01-25 23:22:47.478881+00
102f5c16-fe8f-4c45-a976-98fed55eb976,7f3c28e1-66ca-4587-8b2f-974bd0776b6a,Commander Cody,2026-01-25 23:22:47.478881+00
102f5c16-fe8f-4c45-a976-98fed55eb976,af514640-df4e-46b4-8ca9-3b02593eb6a7,Senator Bail Organa,2026-01-25 23:22:47.478881+00
102f5c16-fe8f-4c45-a976-98fed55eb976,af8d8c3b-96ca-4a27-85da-fdb0a2a25dff,Yoda (voice),2026-01-25 23:22:47.478881+00
102f5c16-fe8f-4c45-a976-98fed55eb976,b90e26b8-d950-43a0-8035-86e2ac50f536,Obi-Wan Kenobi,2026-01-25 23:22:47.478881+00
102f5c16-fe8f-4c45-a976-98fed55eb976,c033f4ec-c9f1-477e-b710-186572f416ad,Padmé Amidala,2026-01-25 23:22:47.478881+00
102f5c16-fe8f-4c45-a976-98fed55eb976,c5aae6d7-6e56-4449-96b4-66088db0677a,Captain Colton,2026-01-25 23:22:47.478881+00
102f5c16-fe8f-4c45-a976-98fed55eb976,c9a3443c-9117-4209-be04-7933c51fed79,Mace Windu,2026-01-25 23:22:47.478881+00
102f5c16-fe8f-4c45-a976-98fed55eb976,d1c27272-6ae7-46c7-a6d8-a4521548e93f,Captain Typho,2026-01-25 23:22:47.478881+00
102f5c16-fe8f-4c45-a976-98fed55eb976,d25c3813-336c-4c9e-9a85-91c8bbf9fd7b,Count Dooku,2026-01-25 23:22:47.478881+00
102f5c16-fe8f-4c45-a976-98fed55eb976,df3f205d-f5c7-4825-98b4-7ba4dbb0ae11,Jar Jar Binks,2026-01-25 23:22:47.478881+00
102f5c16-fe8f-4c45-a976-98fed55eb976,dff1c9bf-dd31-49c9-9f31-ad92a97834b9,Anakin Skywalker / Darth Vader,2026-01-25 23:22:47.478881+00
102f5c16-fe8f-4c45-a976-98fed55eb976,e37b4039-3bae-4cf7-bd93-c148764d8f5a,Chancellor Palpatine / Darth Sidious,2026-01-25 23:22:47.478881+00
102f5c16-fe8f-4c45-a976-98fed55eb976,fd56670a-7210-472c-9e5b-731968c5cb83,Governor Tarkin,2026-01-25 23:22:47.478881+00
11e72916-1821-4132-af14-05f62f48f61b,13076364-d7ee-48b0-8800-148372efc14c,Kid,2026-02-03 06:55:09.896655+00
11e72916-1821-4132-af14-05f62f48f61b,1cceb1b9-30c1-4992-8180-32f81203ea87,Valentine Carmina,2026-02-03 06:55:09.896655+00
11e72916-1821-4132-af14-05f62f48f61b,1ff3106c-d12b-4ed5-bafd-9d03e53cab19,Jensen,2026-02-03 06:55:09.896655+00
11e72916-1821-4132-af14-05f62f48f61b,388bce3e-9850-4c4d-bcd8-c9763ad016d5,Ike Bykovsky,2026-02-03 06:55:09.896655+00
11e72916-1821-4132-af14-05f62f48f61b,48f44218-1e47-466a-9b05-d397473df9e3,Jim Hickam,2026-02-03 06:55:09.896655+00
11e72916-1821-4132-af14-05f62f48f61b,495b6bbb-3793-4351-af5e-1b182d568c1d,Homer Hickam,2026-02-03 06:55:09.896655+00
11e72916-1821-4132-af14-05f62f48f61b,6a03bc59-c426-4c99-b0c8-75810c7294f7,John Hickam,2026-02-03 06:55:09.896655+00
11e72916-1821-4132-af14-05f62f48f61b,6a8f5d86-a7e0-462f-b755-ea875eafdaea,Mr. Dantzler,2026-02-03 06:55:09.896655+00
11e72916-1821-4132-af14-05f62f48f61b,6b48830f-d424-4c5a-94b9-4124c61a4ead,Jake Mosby,2026-02-03 06:55:09.896655+00
11e72916-1821-4132-af14-05f62f48f61b,780d90f4-3678-4295-aecf-cedceedada5f,Miss Riley,2026-02-03 06:55:09.896655+00
11e72916-1821-4132-af14-05f62f48f61b,82a55f27-315c-488f-8869-7a8d071d2580,Elsie Hickam,2026-02-03 06:55:09.896655+00
11e72916-1821-4132-af14-05f62f48f61b,8ba31b67-4f72-4fe1-b117-afd9cb4b6a3e,Trooper One,2026-02-03 06:55:09.896655+00
11e72916-1821-4132-af14-05f62f48f61b,9ab074cd-803f-45a9-a090-3892a3c2a67a,Coach Gainer,2026-02-03 06:55:09.896655+00
11e72916-1821-4132-af14-05f62f48f61b,ae0b04b6-8d12-4dc3-b7a8-d9a21bf07a74,Principal Turner,2026-02-03 06:55:09.896655+00
11e72916-1821-4132-af14-05f62f48f61b,ba368b82-760d-4d35-bd40-1a8e2395949b,Leon Bolden,2026-02-03 06:55:09.896655+00
11e72916-1821-4132-af14-05f62f48f61b,c3843d6b-1a1c-4188-9f9f-0d0226ec7792,Lenny,2026-02-03 06:55:09.896655+00
11e72916-1821-4132-af14-05f62f48f61b,cdc69263-116d-46b8-b7f8-5078a237b12b,Roy Lee,2026-02-03 06:55:09.896655+00
11e72916-1821-4132-af14-05f62f48f61b,f4ada04f-0329-47ac-b3a8-69b77507dd30,Quentin Wilson,2026-02-03 06:55:09.896655+00
11e72916-1821-4132-af14-05f62f48f61b,fa87d18f-fe3b-43a9-84ad-875035b1ffef,O'Dell,2026-02-03 06:55:09.896655+00
11e72916-1821-4132-af14-05f62f48f61b,fabf7244-a801-4b7d-997d-40aa36988fe9,Dorothy Platt,2026-02-03 06:55:09.896655+00
13167567-f10a-4b1d-a5de-17b2812e400c,01bf5be9-617f-4382-a17e-e5ada7c92d39,Marla Sutton,2026-01-25 23:22:47.478881+00
13167567-f10a-4b1d-a5de-17b2812e400c,07b5cc6a-933a-4060-8fc1-91d7a72f0f64,Detective,2026-01-25 23:22:47.478881+00
13167567-f10a-4b1d-a5de-17b2812e400c,281828dd-c01b-426d-8ec3-e6600af9dd29,Edward Morra,2026-01-25 23:22:47.478881+00
13167567-f10a-4b1d-a5de-17b2812e400c,2a9f0f70-c741-4bd1-8e1b-22a113954637,Carl Van Loon,2026-01-25 23:22:47.478881+00
13167567-f10a-4b1d-a5de-17b2812e400c,2c8456f8-a394-4237-8b34-9e17ed5dd967,Female Assistant,2026-01-25 23:22:47.478881+00
13167567-f10a-4b1d-a5de-17b2812e400c,33104015-092c-4dcb-9667-6f6970575ae1,Hank Atwood,2026-01-25 23:22:47.478881+00
13167567-f10a-4b1d-a5de-17b2812e400c,432f6cfe-a3e2-4b5a-9238-fc433997856e,Kevin Doyle,2026-01-25 23:22:47.478881+00
13167567-f10a-4b1d-a5de-17b2812e400c,44e81322-9232-496f-80f8-e5a7a359786f,Morris Brandt,2026-01-25 23:22:47.478881+00
13167567-f10a-4b1d-a5de-17b2812e400c,55324a78-4abf-44fa-8a9e-00b20413c029,Financial Newscaster,2026-01-25 23:22:47.478881+00
13167567-f10a-4b1d-a5de-17b2812e400c,6ebb9ddf-e4b5-4c44-991b-01e30b93dc15,Valerie,2026-01-25 23:22:47.478881+00
13167567-f10a-4b1d-a5de-17b2812e400c,72290cfd-12a1-49ad-bd95-5c2d648610d6,Vernon,2026-01-25 23:22:47.478881+00
13167567-f10a-4b1d-a5de-17b2812e400c,aa7d82a7-4885-4dd5-bd57-f7e3afd2a092,Gennady,2026-01-25 23:22:47.478881+00
13167567-f10a-4b1d-a5de-17b2812e400c,abd33607-c171-4fd6-b190-90a675a7d04b,Rebecca Dayan,2026-01-25 23:22:47.478881+00
13167567-f10a-4b1d-a5de-17b2812e400c,ad6d5fa3-aee9-450f-851b-a68f8529d2ca,Female Cop,2026-01-25 23:22:47.478881+00
13167567-f10a-4b1d-a5de-17b2812e400c,b51b43c1-72d6-4a46-8ef0-b0c1fb7b5d73,Melissa,2026-01-25 23:22:47.478881+00
13167567-f10a-4b1d-a5de-17b2812e400c,c6099bdd-0881-4032-940e-9d5da4b35c0c,Dunham,2026-01-25 23:22:47.478881+00
13167567-f10a-4b1d-a5de-17b2812e400c,dbe8083b-4036-4acd-a003-7a7467e73192,Mrs. Atwood,2026-01-25 23:22:47.478881+00
13167567-f10a-4b1d-a5de-17b2812e400c,edf45cdb-5446-4e41-9b3b-d7023d37a02c,Lindy,2026-01-25 23:22:47.478881+00
13167567-f10a-4b1d-a5de-17b2812e400c,ee453a63-5694-4b89-9f66-c33dd6e559a4,Pierce,2026-01-25 23:22:47.478881+00
13167567-f10a-4b1d-a5de-17b2812e400c,fe3bc77d-c354-465d-8cd5-227aa2baf4be,Man in Tan Coat,2026-01-25 23:22:47.478881+00
13cef6f5-f645-4463-920b-e9150e66fc52,02dc6b57-94d6-4782-96dc-e97a4863fc95,Tyrell,2026-02-03 06:55:23.967346+00
13cef6f5-f645-4463-920b-e9150e66fc52,0d7a4bbb-1eaa-42e4-bbc0-fcce0457d3df,Sushi Master,2026-02-03 06:55:23.967346+00
13cef6f5-f645-4463-920b-e9150e66fc52,168829fe-50d2-474b-a06e-85de14aceb69,Zhora,2026-02-03 06:55:23.967346+00
13cef6f5-f645-4463-920b-e9150e66fc52,258ab6f9-1a0f-4a25-8525-8ed15ebf7eb9,Deckard,2026-02-03 06:55:23.967346+00
13cef6f5-f645-4463-920b-e9150e66fc52,3562976b-65d7-4274-97f6-241fc013d8fb,Kaiser,2026-02-03 06:55:23.967346+00
13cef6f5-f645-4463-920b-e9150e66fc52,4a102bd4-298a-47fd-ab84-cc3f9f706a6e,Taffey Lewis,2026-02-03 06:55:23.967346+00
13cef6f5-f645-4463-920b-e9150e66fc52,4da04226-bd89-42fd-9601-a5168c8bed89,Gaff,2026-02-03 06:55:23.967346+00
13cef6f5-f645-4463-920b-e9150e66fc52,5a488e6e-b103-4db2-8454-4d91c3c972a9,Pris,2026-02-03 06:55:23.967346+00
13cef6f5-f645-4463-920b-e9150e66fc52,6170529a-30a5-4e51-9085-cae84fe3fe71,Bear,2026-02-03 06:55:23.967346+00
13cef6f5-f645-4463-920b-e9150e66fc52,63590ad4-6c0b-4984-8a5c-1f801eadd1ba,Holden,2026-02-03 06:55:23.967346+00
13cef6f5-f645-4463-920b-e9150e66fc52,6ab3f6a6-b8db-4908-827d-7bf67bc909cd,Chew,2026-02-03 06:55:23.967346+00
13cef6f5-f645-4463-920b-e9150e66fc52,7734c9fe-a5ef-4b23-afc1-ac744d687d74,Leon,2026-02-03 06:55:23.967346+00
13cef6f5-f645-4463-920b-e9150e66fc52,8b94d267-be4a-4ba8-a0dc-efce6444b145,Saleslady,2026-02-03 06:55:23.967346+00
13cef6f5-f645-4463-920b-e9150e66fc52,9295d1cb-dfc1-47fa-8da7-a1f34ab12adc,Rachael,2026-02-03 06:55:23.967346+00
13cef6f5-f645-4463-920b-e9150e66fc52,a8268778-6f70-4713-af29-6aff1af044ff,Cambodian Lady,2026-02-03 06:55:23.967346+00
13cef6f5-f645-4463-920b-e9150e66fc52,b17052cb-1376-409f-9a45-fc68f75b5df0,Bryant,2026-02-03 06:55:23.967346+00
13cef6f5-f645-4463-920b-e9150e66fc52,b2eba728-82bb-452e-9f24-e2ba34b448c0,Batty,2026-02-03 06:55:23.967346+00
13cef6f5-f645-4463-920b-e9150e66fc52,b4feaa47-f469-4076-8475-c16ad8a53143,Sebastian,2026-02-03 06:55:23.967346+00
13cef6f5-f645-4463-920b-e9150e66fc52,ede4c7df-5289-40b0-ac9d-46674f9dec68,Abdul Ben Hassan,2026-02-03 06:55:23.967346+00
13cef6f5-f645-4463-920b-e9150e66fc52,ef29ed5a-7363-4bef-adf9-40ae6c82b48d,Showgirl (uncredited),2026-02-03 06:55:23.967346+00
153e220b-1af7-46e5-bb92-7be4975826fd,0bbfc476-6a54-4df4-8a93-c6a1f8ccf2da,Chechen,2026-01-25 23:22:47.478881+00
153e220b-1af7-46e5-bb92-7be4975826fd,10cf3847-f149-45e3-bb6b-a8c914a98396,Gordon,2026-01-25 23:22:47.478881+00
153e220b-1af7-46e5-bb92-7be4975826fd,25a679c1-55a3-430f-be43-278476d3f03a,Ramirez,2026-01-25 23:22:47.478881+00
153e220b-1af7-46e5-bb92-7be4975826fd,2ad14183-e427-473a-918b-98d6d4f20d9f,Lucius Fox,2026-01-25 23:22:47.478881+00
153e220b-1af7-46e5-bb92-7be4975826fd,3442d37d-b460-40f1-b7f7-e5469e2d387c,Lau,2026-01-25 23:22:47.478881+00
153e220b-1af7-46e5-bb92-7be4975826fd,361ae613-8b1f-4610-b732-6d50e47a1347,Loeb,2026-01-25 23:22:47.478881+00
153e220b-1af7-46e5-bb92-7be4975826fd,4a3dccc1-16e2-4587-a011-7c2b3ef9cb08,Joker,2026-01-25 23:22:47.478881+00
153e220b-1af7-46e5-bb92-7be4975826fd,690767c3-0371-4f60-933b-50248d6a9260,Wuertz,2026-01-25 23:22:47.478881+00
153e220b-1af7-46e5-bb92-7be4975826fd,69f14886-5e12-464c-868d-032f892f83d2,Scarecrow,2026-01-25 23:22:47.478881+00
153e220b-1af7-46e5-bb92-7be4975826fd,761e9f3b-4ff4-45a6-a7c8-156bfc8e20cc,Maroni,2026-01-25 23:22:47.478881+00
153e220b-1af7-46e5-bb92-7be4975826fd,7cb49bd0-fd2b-4028-9316-05d41cbf81b5,Rachel,2026-01-25 23:22:47.478881+00
153e220b-1af7-46e5-bb92-7be4975826fd,9d39d766-f7bb-48fb-89c4-9b34b51ba3b4,Stephens,2026-01-25 23:22:47.478881+00
153e220b-1af7-46e5-bb92-7be4975826fd,a1ec3e04-0449-4d25-8d88-0686768fb67e,Bruce Wayne,2026-01-25 23:22:47.478881+00
153e220b-1af7-46e5-bb92-7be4975826fd,a3f67a09-bd87-4870-bb68-e15baa605d14,Alfred,2026-01-25 23:22:47.478881+00
153e220b-1af7-46e5-bb92-7be4975826fd,a6115430-cf1c-4a2a-b47f-cb1905352fee,Mayor,2026-01-25 23:22:47.478881+00
153e220b-1af7-46e5-bb92-7be4975826fd,a6f8b916-66c1-4836-8970-781411c097df,Barbara Gordon,2026-01-25 23:22:47.478881+00
153e220b-1af7-46e5-bb92-7be4975826fd,c38fc8a8-6d31-4993-a3ca-bc40cbeff3a1,James Gordon,2026-01-25 23:22:47.478881+00
153e220b-1af7-46e5-bb92-7be4975826fd,c86bde9f-e344-4b54-a571-0b81500ee119,Harvey Dent,2026-01-25 23:22:47.478881+00
153e220b-1af7-46e5-bb92-7be4975826fd,c88c5210-781f-4a58-bbee-0fbabfcb5c8c,Reese,2026-01-25 23:22:47.478881+00
153e220b-1af7-46e5-bb92-7be4975826fd,dd4361f8-4634-4592-a959-1be0b7a5084c,Engel,2026-01-25 23:22:47.478881+00
16d53720-c0a6-456b-b41e-f921101768a7,092e4e4a-6800-45b5-8d7b-50009463c4d2,Chi Chi Crawford,2026-01-25 23:22:47.478881+00
16d53720-c0a6-456b-b41e-f921101768a7,0a89172f-b0be-4b4c-878b-ddca4a3b07ed,John More,2026-01-25 23:22:47.478881+00
16d53720-c0a6-456b-b41e-f921101768a7,1435c9a0-02a9-4990-b1e1-76c3b81c708d,Susan Gregory,2026-01-25 23:22:47.478881+00
16d53720-c0a6-456b-b41e-f921101768a7,28d0ac30-9772-4eec-b77e-09c62c2fe33d,Margaret O'Brien,2026-01-25 23:22:47.478881+00
16d53720-c0a6-456b-b41e-f921101768a7,3847a58d-3dae-4f67-8747-3e185efafad8,Martha the Salesgirl,2026-01-25 23:22:47.478881+00
16d53720-c0a6-456b-b41e-f921101768a7,3cccccbe-4a9e-4e94-8af0-ccabddaf1deb,Clark,2026-01-25 23:22:47.478881+00
16d53720-c0a6-456b-b41e-f921101768a7,3ec0b04b-114f-4b64-be12-09c12eb04528,Bill White,2026-01-25 23:22:47.478881+00
16d53720-c0a6-456b-b41e-f921101768a7,431a733a-c7ac-4c00-af59-08841ff57c73,Wayne Gregory,2026-01-25 23:22:47.478881+00
16d53720-c0a6-456b-b41e-f921101768a7,745c8f59-c331-4f4d-bb1b-4382d4150477,Rorschach Doctor,2026-01-25 23:22:47.478881+00
16d53720-c0a6-456b-b41e-f921101768a7,780d90f4-3678-4295-aecf-cedceedada5f,Helen Sullivan,2026-01-25 23:22:47.478881+00
16d53720-c0a6-456b-b41e-f921101768a7,8f7fbfdd-8183-4280-b310-e0a35641ff54,Winn Manchester,2026-01-25 23:22:47.478881+00
16d53720-c0a6-456b-b41e-f921101768a7,96bba295-912c-4caf-9b44-2879d8654dfa,Mildred Drummond,2026-01-25 23:22:47.478881+00
16d53720-c0a6-456b-b41e-f921101768a7,99a719a8-408c-41cb-a0f0-b7444c8e2cd7,Frank,2026-01-25 23:22:47.478881+00
16d53720-c0a6-456b-b41e-f921101768a7,b1014041-bec1-42b0-934f-c500ed55e440,Val Dodd,2026-01-25 23:22:47.478881+00
16d53720-c0a6-456b-b41e-f921101768a7,bfa99a8f-f54f-4621-87dd-74455a91d955,Doris Solstad,2026-01-25 23:22:47.478881+00
16d53720-c0a6-456b-b41e-f921101768a7,cab89395-a234-463d-97b7-aa6b6bffa703,Freddie Quell,2026-01-25 23:22:47.478881+00
16d53720-c0a6-456b-b41e-f921101768a7,cee3565e-7406-4140-830f-0665d0cf1dc9,Lancaster Dodd,2026-01-25 23:22:47.478881+00
16d53720-c0a6-456b-b41e-f921101768a7,e24e0f9d-c145-4494-b095-1485fd79eaa1,Elizabeth Dodd,2026-01-25 23:22:47.478881+00
16d53720-c0a6-456b-b41e-f921101768a7,e56614dc-f0de-4cde-b15c-9a0407312f7f,Peggy Dodd,2026-01-25 23:22:47.478881+00
16d53720-c0a6-456b-b41e-f921101768a7,ff4f4199-91d9-4e15-89d0-26857dcbdbfc,Mrs. Solstad,2026-01-25 23:22:47.478881+00
18448708-afde-4994-a0b4-a0e01ed2a3ab,0bfba955-1d73-491a-b55a-279ebe42d3b0,Dr. Leonard 'Bones' McCoy,2026-01-25 23:22:47.478881+00
18448708-afde-4994-a0b4-a0e01ed2a3ab,0ec10606-f1c6-42b5-a1a0-274c8d12a5e3,Rima Harewood,2026-01-25 23:22:47.478881+00
18448708-afde-4994-a0b4-a0e01ed2a3ab,1b033d59-d5bb-440f-8e0e-583b007058b7,Lieutenant Commander Montgomery 'Scotty' Scott,2026-01-25 23:22:47.478881+00
18448708-afde-4994-a0b4-a0e01ed2a3ab,1b4563dc-b211-4913-a837-0310dac695b1,Science Officer 0718,2026-01-25 23:22:47.478881+00
18448708-afde-4994-a0b4-a0e01ed2a3ab,2134033e-f246-49b4-913a-192a78582cca,Ambassador Spock,2026-01-25 23:22:47.478881+00
18448708-afde-4994-a0b4-a0e01ed2a3ab,291dc718-87b9-469e-883c-540c9cab2d2c,Dr. Carol Marcus,2026-01-25 23:22:47.478881+00
18448708-afde-4994-a0b4-a0e01ed2a3ab,3be7e916-a803-4e2c-a54e-9e875cad1773,Commander Spock,2026-01-25 23:22:47.478881+00
18448708-afde-4994-a0b4-a0e01ed2a3ab,40dbc9c6-f7b7-4918-afd7-75a964868277,Admiral Alexander Marcus,2026-01-25 23:22:47.478881+00
18448708-afde-4994-a0b4-a0e01ed2a3ab,5769a110-254d-40b1-9172-d5f20718a46c,Lead Nibiran,2026-01-25 23:22:47.478881+00
18448708-afde-4994-a0b4-a0e01ed2a3ab,7470016b-a4d0-4774-94b1-d7a76e1901eb,Ensign Pavel Chekov,2026-01-25 23:22:47.478881+00
18448708-afde-4994-a0b4-a0e01ed2a3ab,7af66e3d-42c5-486a-a9f9-f2d6e1e59260,Ensign Froman,2026-01-25 23:22:47.478881+00
18448708-afde-4994-a0b4-a0e01ed2a3ab,9c0ac1a0-8813-4dcb-a946-279ae97f2045,Ensign Brackett,2026-01-25 23:22:47.478881+00
18448708-afde-4994-a0b4-a0e01ed2a3ab,a5ef8a96-9882-441d-b42d-8a8bd646e9d4,John Harrison / Khan,2026-01-25 23:22:47.478881+00
18448708-afde-4994-a0b4-a0e01ed2a3ab,a9c00127-6572-4e36-83ce-f64ceb603655,Lieutenant Nyota Uhura,2026-01-25 23:22:47.478881+00
18448708-afde-4994-a0b4-a0e01ed2a3ab,bceca446-7bd4-45e6-a8be-6776ab005aaa,Admiral Christopher Pike,2026-01-25 23:22:47.478881+00
18448708-afde-4994-a0b4-a0e01ed2a3ab,c51c4e21-f862-494e-b48d-25c839ce9851,Navigation Officer Darwin,2026-01-25 23:22:47.478881+00
18448708-afde-4994-a0b4-a0e01ed2a3ab,e1145080-1374-458c-881f-def1074e76fd,Lieutenant Hikaru Sulu,2026-01-25 23:22:47.478881+00
18448708-afde-4994-a0b4-a0e01ed2a3ab,e9ddde56-233f-45b2-82de-9090e1582549,Lieutenant Chapin,2026-01-25 23:22:47.478881+00
18448708-afde-4994-a0b4-a0e01ed2a3ab,f951404c-88bd-4446-9e4b-97b3e6babca9,Captain James T. Kirk,2026-01-25 23:22:47.478881+00
18448708-afde-4994-a0b4-a0e01ed2a3ab,fc752dd5-c27e-4c17-9179-151b0408664d,Thomas Harewood,2026-01-25 23:22:47.478881+00
197021d8-e81e-4a97-a23b-e0f8c8e0cee5,20752fd2-6193-4e3f-b159-7b456e762a59,Dealer at Rick's (uncredited),2026-02-03 07:00:10.407284+00
197021d8-e81e-4a97-a23b-e0f8c8e0cee5,29d0bb6e-3ba6-4565-810d-b600d2fa9b0d,Victor Laszlo,2026-02-03 07:00:10.407284+00
197021d8-e81e-4a97-a23b-e0f8c8e0cee5,2d525304-36ea-4518-babf-42805cc0ed20,Sam,2026-02-03 07:00:10.407284+00
197021d8-e81e-4a97-a23b-e0f8c8e0cee5,32e52a95-6307-4636-b4db-17c251436add,Sascha,2026-02-03 07:00:10.407284+00
197021d8-e81e-4a97-a23b-e0f8c8e0cee5,4403322a-0c12-4954-9a29-b7a625029ee4,Pickpocket,2026-02-03 07:00:10.407284+00
197021d8-e81e-4a97-a23b-e0f8c8e0cee5,49b596e8-6def-43be-86ff-16ebf19aad36,Bar Patron (uncredited),2026-02-03 07:00:10.407284+00
197021d8-e81e-4a97-a23b-e0f8c8e0cee5,506c54c1-304d-4dd6-82db-5fa8daf5eca6,Berger,2026-02-03 07:00:10.407284+00
197021d8-e81e-4a97-a23b-e0f8c8e0cee5,537a57a5-d2eb-4317-8e72-ea6b9bd44615,Yvonne,2026-02-03 07:00:10.407284+00
197021d8-e81e-4a97-a23b-e0f8c8e0cee5,551e6287-cd39-4afb-a4f8-f25b52c18e46,Guest at Rick's (uncredited),2026-02-03 07:00:10.407284+00
197021d8-e81e-4a97-a23b-e0f8c8e0cee5,6bb08d90-646b-4578-92a4-67443c859870,Rick Blaine,2026-02-03 07:00:10.407284+00
197021d8-e81e-4a97-a23b-e0f8c8e0cee5,765c32fd-86fe-4549-a9ce-ca8a8ffd3472,Ilsa Lund,2026-02-03 07:00:10.407284+00
197021d8-e81e-4a97-a23b-e0f8c8e0cee5,7cf1e4f0-e528-402f-af50-5d9ab9957f09,Major Heinrich Strasser,2026-02-03 07:00:10.407284+00
197021d8-e81e-4a97-a23b-e0f8c8e0cee5,830e831e-0425-4939-81fe-fbfe9ac39a78,Ugarte,2026-02-03 07:00:10.407284+00
197021d8-e81e-4a97-a23b-e0f8c8e0cee5,9307f4ff-7872-49e6-9878-e0abc163535d,Refugee at Rick's (uncredited),2026-02-03 07:00:10.407284+00
197021d8-e81e-4a97-a23b-e0f8c8e0cee5,95739eec-7529-436a-ab69-086fd3dece30,Carl,2026-02-03 07:00:10.407284+00
197021d8-e81e-4a97-a23b-e0f8c8e0cee5,b49dae80-4d8f-402d-84dd-9fa31c0acb52,Annina Brandel,2026-02-03 07:00:10.407284+00
197021d8-e81e-4a97-a23b-e0f8c8e0cee5,bc6d0cf2-b3a1-4b25-9a54-835a5ab3e6ff,Gendarme (uncredited),2026-02-03 07:00:10.407284+00
197021d8-e81e-4a97-a23b-e0f8c8e0cee5,bfc88a0f-9d22-4ad1-b788-36f01f1ec40c,Overseer (uncredited),2026-02-03 07:00:10.407284+00
197021d8-e81e-4a97-a23b-e0f8c8e0cee5,c8f46fb5-8864-41bd-85ed-23605571a60d,Signor Ferrari,2026-02-03 07:00:10.407284+00
197021d8-e81e-4a97-a23b-e0f8c8e0cee5,d50536e8-38ab-4c69-bb01-80fe43563b2c,Captain Louis Renault,2026-02-03 07:00:10.407284+00
1adaa710-002b-4210-a8a2-4391b0454e47,028f75cf-4938-4086-8a8b-d371b1bbcbae,Steven Obanno,2026-01-25 23:22:47.478881+00
1adaa710-002b-4210-a8a2-4391b0454e47,02d2df9b-5e6d-4bf5-94c8-da65e9d0058c,Carlos,2026-01-25 23:22:47.478881+00
1adaa710-002b-4210-a8a2-4391b0454e47,371fb6f0-d8c4-42a7-a576-059b804192c5,Fisher,2026-01-25 23:22:47.478881+00
1adaa710-002b-4210-a8a2-4391b0454e47,3fc17797-a44c-4128-b9ac-0580c16215c6,Solange,2026-01-25 23:22:47.478881+00
1adaa710-002b-4210-a8a2-4391b0454e47,4b4905c1-2e53-4d97-9399-7e95a307ee67,Vesper Lynd,2026-01-25 23:22:47.478881+00
1adaa710-002b-4210-a8a2-4391b0454e47,4c7d60a2-1d1f-4619-8a7c-51a2d0df2a74,Valenka,2026-01-25 23:22:47.478881+00
1adaa710-002b-4210-a8a2-4391b0454e47,57300994-e79d-4933-b6e0-8080003b8dcb,Alex Dimitrios,2026-01-25 23:22:47.478881+00
1adaa710-002b-4210-a8a2-4391b0454e47,59dd2cef-27e0-4655-8a70-5eb383946a48,Mendel,2026-01-25 23:22:47.478881+00
1adaa710-002b-4210-a8a2-4391b0454e47,6650a547-0818-4198-8b1c-a7aadd8df0e5,M,2026-01-25 23:22:47.478881+00
1adaa710-002b-4210-a8a2-4391b0454e47,905a0ca7-1629-4c0b-a774-7b18ef729ec1,Dryden,2026-01-25 23:22:47.478881+00
1adaa710-002b-4210-a8a2-4391b0454e47,93b66cba-7c32-4e95-9c8f-df62d9448029,Mr. White,2026-01-25 23:22:47.478881+00
1adaa710-002b-4210-a8a2-4391b0454e47,9a874e45-7c7c-4158-bbda-4a4e85e01bd3,Villiers,2026-01-25 23:22:47.478881+00
1adaa710-002b-4210-a8a2-4391b0454e47,a2fa4ccb-5f24-4fc0-b6a4-1452bd4877c8,Le Chiffre,2026-01-25 23:22:47.478881+00
1adaa710-002b-4210-a8a2-4391b0454e47,a41ead22-9c1e-487b-9a03-9ce20ff33bec,James Bond,2026-01-25 23:22:47.478881+00
1adaa710-002b-4210-a8a2-4391b0454e47,a4eb649a-2bf5-4596-bdcc-33a0b7827f7a,Carter,2026-01-25 23:22:47.478881+00
1adaa710-002b-4210-a8a2-4391b0454e47,ae5e5649-ebbd-413b-8cca-9c69ec94ad1b,Kratt,2026-01-25 23:22:47.478881+00
1adaa710-002b-4210-a8a2-4391b0454e47,b0cc8b2b-cc6d-45c3-8d82-b1d1e7d4d5a3,Gettler,2026-01-25 23:22:47.478881+00
1adaa710-002b-4210-a8a2-4391b0454e47,be73a49e-bf1a-4d70-8f68-0925075203c4,Mollaka,2026-01-25 23:22:47.478881+00
1adaa710-002b-4210-a8a2-4391b0454e47,de22dc0a-3aae-4e03-949d-68259fc22b5f,Felix Leiter,2026-01-25 23:22:47.478881+00
1adaa710-002b-4210-a8a2-4391b0454e47,deda4cc6-2211-42b9-a3c0-860f65a96089,Mathis,2026-01-25 23:22:47.478881+00
1b9da9ea-7cf3-4717-a1ab-3fd909e361fa,00c631ba-9673-41c3-862d-60c7750083e9,Paul Morgan,2026-01-25 23:22:47.478881+00
1b9da9ea-7cf3-4717-a1ab-3fd909e361fa,08328942-493a-418c-b23b-3a70b84453ba,Girl #1,2026-01-25 23:22:47.478881+00
1b9da9ea-7cf3-4717-a1ab-3fd909e361fa,1c16b3e0-e5db-450f-bbef-35bd4f036c45,Earl Amdursky,2026-01-25 23:22:47.478881+00
1b9da9ea-7cf3-4717-a1ab-3fd909e361fa,3f2cb3bf-968d-4161-a585-42035ad759b8,Warden Garren,2026-01-25 23:22:47.478881+00
1b9da9ea-7cf3-4717-a1ab-3fd909e361fa,48333f9e-8916-4edd-85b0-b76f85485416,Cheryl Ann,2026-01-25 23:22:47.478881+00
1b9da9ea-7cf3-4717-a1ab-3fd909e361fa,53c420f0-4368-4511-b52d-c1f104cee6b2,Kitty Carlisle,2026-01-25 23:22:47.478881+00
1b9da9ea-7cf3-4717-a1ab-3fd909e361fa,5b5e1354-3930-4c92-98e5-084c26d6b700,Frank Abagnale Jr.,2026-01-25 23:22:47.478881+00
1b9da9ea-7cf3-4717-a1ab-3fd909e361fa,62ed1ec4-8e8f-4983-a3cf-cdf37480d500,Paula Abagnale,2026-01-25 23:22:47.478881+00
1b9da9ea-7cf3-4717-a1ab-3fd909e361fa,76087522-8f95-42d8-9ab5-b8b6148725d5,Tom Fox,2026-01-25 23:22:47.478881+00
1b9da9ea-7cf3-4717-a1ab-3fd909e361fa,7c187460-4445-4162-9c13-3b9d7b4dc962,Darcy,2026-01-25 23:22:47.478881+00
1b9da9ea-7cf3-4717-a1ab-3fd909e361fa,7d0d9c96-6544-4304-8b23-02587eeb4230,Carl Hanratty,2026-01-25 23:22:47.478881+00
1b9da9ea-7cf3-4717-a1ab-3fd909e361fa,82064f7d-14b8-489c-acd6-670de283ba1c,Jack Barnes,2026-01-25 23:22:47.478881+00
1b9da9ea-7cf3-4717-a1ab-3fd909e361fa,a9ca10f4-f4a7-4a3b-9765-06ab03892f97,Lucy,2026-01-25 23:22:47.478881+00
1b9da9ea-7cf3-4717-a1ab-3fd909e361fa,ae0b04b6-8d12-4dc3-b7a8-d9a21bf07a74,Special Agent Witkins,2026-01-25 23:22:47.478881+00
1b9da9ea-7cf3-4717-a1ab-3fd909e361fa,b5a92f26-f171-45ba-b18a-0358decb15bb,Roger Strong,2026-01-25 23:22:47.478881+00
1b9da9ea-7cf3-4717-a1ab-3fd909e361fa,b8a4a862-711f-42b2-9ff5-b3b436b533c0,Assistant Director Marsh,2026-01-25 23:22:47.478881+00
1b9da9ea-7cf3-4717-a1ab-3fd909e361fa,ce2ef216-e944-4f74-9847-a0c1d5cc8258,Carol Strong,2026-01-25 23:22:47.478881+00
1b9da9ea-7cf3-4717-a1ab-3fd909e361fa,e56614dc-f0de-4cde-b15c-9a0407312f7f,Brenda Strong,2026-01-25 23:22:47.478881+00
1b9da9ea-7cf3-4717-a1ab-3fd909e361fa,e71b9e88-ffbe-423a-aa6b-a34326446b49,Marci,2026-01-25 23:22:47.478881+00
1b9da9ea-7cf3-4717-a1ab-3fd909e361fa,e7ec8725-f4c4-4e7f-95dc-c992e931520d,Frank Abagnale,2026-01-25 23:22:47.478881+00
1bcac2d7-0dd3-440f-b590-e55f26af7436,067d3c90-70eb-4388-9b01-786b25e1a724,Astronaut,2026-01-25 23:22:47.478881+00
1bcac2d7-0dd3-440f-b590-e55f26af7436,2d935d54-95d8-47a6-a45b-c5a4c961ada7,Aries-1B Lunar Shuttle Captain,2026-01-25 23:22:47.478881+00
1bcac2d7-0dd3-440f-b590-e55f26af7436,450153e2-5f37-4d25-a41c-c9c946982cea,Dr. Andrei Smyslov,2026-01-25 23:22:47.478881+00
1bcac2d7-0dd3-440f-b590-e55f26af7436,45d1f6b6-0270-4c6a-98a3-235dc333c439,Dr. Ralph Halvorsen,2026-01-25 23:22:47.478881+00
1bcac2d7-0dd3-440f-b590-e55f26af7436,48f01fcd-7b09-40bd-aaa4-f09ac92fe8e0,Aries-1B Stewardess,2026-01-25 23:22:47.478881+00
1bcac2d7-0dd3-440f-b590-e55f26af7436,4a34e7e4-3ea9-4c71-8edd-b952811eac1c,Moonwatcher,2026-01-25 23:22:47.478881+00
1bcac2d7-0dd3-440f-b590-e55f26af7436,63a2e409-281a-492d-adc6-38d9fd4092a7,Mission Controller (voice),2026-01-25 23:22:47.478881+00
1bcac2d7-0dd3-440f-b590-e55f26af7436,64a3136f-05cc-465d-aa03-26b56a709abf,Astronaut,2026-01-25 23:22:47.478881+00
1bcac2d7-0dd3-440f-b590-e55f26af7436,68b32b64-e911-4450-ba61-807572f29a79,Dr. Frank Poole,2026-01-25 23:22:47.478881+00
1bcac2d7-0dd3-440f-b590-e55f26af7436,70acdec7-496c-48e3-bf3b-2aa7558140a7,Dr. David Bowman,2026-01-25 23:22:47.478881+00
1bcac2d7-0dd3-440f-b590-e55f26af7436,77e65c74-8f64-4898-b462-daaf3d20d3dd,Stewardess,2026-01-25 23:22:47.478881+00
1bcac2d7-0dd3-440f-b590-e55f26af7436,78253b10-ab6e-4197-8475-114eac420716,Poole's Father,2026-01-25 23:22:47.478881+00
1bcac2d7-0dd3-440f-b590-e55f26af7436,8bdc409a-fd09-492c-8b2f-90d9fc540da8,Astronaut,2026-01-25 23:22:47.478881+00
1bcac2d7-0dd3-440f-b590-e55f26af7436,a72c0984-6e7b-4254-9a31-f3acfd2d522f,Dr. Roy Michaels,2026-01-25 23:22:47.478881+00
1bcac2d7-0dd3-440f-b590-e55f26af7436,b97d10ec-ec73-418f-994e-d47141c0b743,Ape,2026-01-25 23:22:47.478881+00
1bcac2d7-0dd3-440f-b590-e55f26af7436,d5a649b4-bd0d-4ff6-b910-1810eb6846ce,HAL 9000 (voice),2026-01-25 23:22:47.478881+00
1bcac2d7-0dd3-440f-b590-e55f26af7436,de105173-f2c7-4d6a-a5e9-a80914ca4b9d,Dr. Heywood Floyd,2026-01-25 23:22:47.478881+00
1bcac2d7-0dd3-440f-b590-e55f26af7436,e1a8c0fe-af73-4e78-9ef5-2dca3519a259,Elena,2026-01-25 23:22:47.478881+00
1bcac2d7-0dd3-440f-b590-e55f26af7436,e2364c9b-4231-4adc-aa65-c18e6e99a707,Poole's Mother,2026-01-25 23:22:47.478881+00
1bcac2d7-0dd3-440f-b590-e55f26af7436,feace765-28ca-4fce-bea8-3424362c18ac,Stewardess,2026-01-25 23:22:47.478881+00
1cb983bd-3509-4bac-88b7-f2c5e82ea663,10e4569b-e002-4b0b-aa94-a9ebfdbd3276,Tony Stark / Iron Man,2026-01-30 01:41:18.510493+00
1cb983bd-3509-4bac-88b7-f2c5e82ea663,42c0f51c-cc28-4b20-a2d7-3a1a8783f5de,Steve Rogers / Captain America,2026-01-30 01:41:18.510493+00
1cb983bd-3509-4bac-88b7-f2c5e82ea663,70303c49-3c21-4790-ae14-f8be08565e4e,Loki,2026-01-30 01:41:18.510493+00
1cb983bd-3509-4bac-88b7-f2c5e82ea663,707c7ae8-7e2c-42ac-a76f-4f4966b543dd,Thanos,2026-01-30 01:41:18.510493+00
1cb983bd-3509-4bac-88b7-f2c5e82ea663,7133bbb9-53ea-414a-add9-21b380d9d5ab,Okoye,2026-01-30 01:41:18.510493+00
1cb983bd-3509-4bac-88b7-f2c5e82ea663,717e8cd8-700f-4733-b722-9f8f3f0185b0,T'Challa / Black Panther,2026-01-30 01:41:18.510493+00
1cb983bd-3509-4bac-88b7-f2c5e82ea663,79c6d245-c493-49c1-9d1a-47da885b9c55,Natasha Romanoff / Black Widow,2026-01-30 01:41:18.510493+00
1cb983bd-3509-4bac-88b7-f2c5e82ea663,7df3e4b7-8047-4047-9ec4-6320f258f9fb,Nebula,2026-01-30 01:41:18.510493+00
1cb983bd-3509-4bac-88b7-f2c5e82ea663,7e285f93-9e99-47e8-ae8a-461cb7b7d0c6,Bruce Banner / Hulk,2026-01-30 01:41:18.510493+00
1cb983bd-3509-4bac-88b7-f2c5e82ea663,82bc6a8f-5491-41d7-9590-cc1c099b2b6a,Peter Parker / Spider-Man,2026-01-30 01:41:18.510493+00
1cb983bd-3509-4bac-88b7-f2c5e82ea663,82d6fbfc-7f8d-4ef5-825e-8af562b51935,James Rhodes / War Machine,2026-01-30 01:41:18.510493+00
1cb983bd-3509-4bac-88b7-f2c5e82ea663,9297e88f-f4d2-47ea-9c3c-e727072cbf6b,Heimdall,2026-01-30 01:41:18.510493+00
1cb983bd-3509-4bac-88b7-f2c5e82ea663,932dc5e2-4dc7-4e6d-a135-1e2a19b93fa4,Thor,2026-01-30 01:41:18.510493+00
1cb983bd-3509-4bac-88b7-f2c5e82ea663,a5ef8a96-9882-441d-b42d-8a8bd646e9d4,Doctor Strange,2026-01-30 01:41:18.510493+00
1cb983bd-3509-4bac-88b7-f2c5e82ea663,a9c00127-6572-4e36-83ce-f64ceb603655,Gamora,2026-01-30 01:41:18.510493+00
1cb983bd-3509-4bac-88b7-f2c5e82ea663,ae37a332-1a2b-485d-b921-e34090287fcd,Bucky Barnes / Winter Soldier,2026-01-30 01:41:18.510493+00
1cb983bd-3509-4bac-88b7-f2c5e82ea663,c38c01a7-6150-4c01-9d12-efe42883570f,Wanda Maximoff / Scarlet Witch,2026-01-30 01:41:18.510493+00
1cb983bd-3509-4bac-88b7-f2c5e82ea663,cb31250b-14fb-4fd7-b524-8ec041b6d5f9,Eitri,2026-01-30 01:41:18.510493+00
1cb983bd-3509-4bac-88b7-f2c5e82ea663,ce3d3ace-83b7-4b40-b778-64bd66948da0,Sam Wilson / Falcon,2026-01-30 01:41:18.510493+00
1cb983bd-3509-4bac-88b7-f2c5e82ea663,e1d05cf2-7891-435d-afb9-6cf87cd02a13,Vision,2026-01-30 01:41:18.510493+00
1e45b8b3-f64a-4172-9d54-b429faef40fa,00a38b61-70f1-4c53-a39a-e6600a6e6c0b,Luca Brasi,2026-01-25 23:22:47.478881+00
1e45b8b3-f64a-4172-9d54-b429faef40fa,1ffddb1f-8976-4e78-99bb-1d2bee756af5,Cuneo,2026-01-25 23:22:47.478881+00
1e45b8b3-f64a-4172-9d54-b429faef40fa,2febb1dc-a2e6-419f-816f-520356878d8b,Jack Woltz,2026-01-25 23:22:47.478881+00
1e45b8b3-f64a-4172-9d54-b429faef40fa,44eeaf08-aa42-4494-9c8d-0742ae186dee,Don Vito Corleone,2026-01-25 23:22:47.478881+00
1e45b8b3-f64a-4172-9d54-b429faef40fa,505cc3d8-7e13-41dc-ba7e-f08707eab61b,Captain McCluskey,2026-01-25 23:22:47.478881+00
1e45b8b3-f64a-4172-9d54-b429faef40fa,596f1620-f13d-4079-a964-927f4265e22f,Carlo Rizzi,2026-01-25 23:22:47.478881+00
1e45b8b3-f64a-4172-9d54-b429faef40fa,6d55730d-2c3c-4594-8811-fcc6bd3f1357,Bonasera,2026-01-25 23:22:47.478881+00
1e45b8b3-f64a-4172-9d54-b429faef40fa,6e574078-9d71-40c6-a853-857367479b47,Clemenza,2026-01-25 23:22:47.478881+00
1e45b8b3-f64a-4172-9d54-b429faef40fa,773914eb-83dd-40ce-bf30-099c4e9fd5b2,Connie Corleone Rizzi,2026-01-25 23:22:47.478881+00
1e45b8b3-f64a-4172-9d54-b429faef40fa,7eddde53-6e6a-44ba-b3b4-c6e12d63397b,Johnny Fontane,2026-01-25 23:22:47.478881+00
1e45b8b3-f64a-4172-9d54-b429faef40fa,81fdc662-d6fd-4de7-858b-ea39c40de1fa,Michael Corleone,2026-01-25 23:22:47.478881+00
1e45b8b3-f64a-4172-9d54-b429faef40fa,ae831e8c-a554-459b-a149-7b959db03242,Sonny Corleone,2026-01-25 23:22:47.478881+00
1e45b8b3-f64a-4172-9d54-b429faef40fa,ba15e336-1a56-4c30-aedb-ada0b566010e,Paulie Gatto,2026-01-25 23:22:47.478881+00
1e45b8b3-f64a-4172-9d54-b429faef40fa,c9555e0d-228e-4b0a-99a5-85366e8923bb,Kay Adams,2026-01-25 23:22:47.478881+00
1e45b8b3-f64a-4172-9d54-b429faef40fa,c9a29497-c573-4d9f-9d80-5204efdf712d,Fredo Corleone,2026-01-25 23:22:47.478881+00
1e45b8b3-f64a-4172-9d54-b429faef40fa,ca4f4bd7-4faf-4ce0-83ef-a9eb0186e300,Tom Hagen,2026-01-25 23:22:47.478881+00
1e45b8b3-f64a-4172-9d54-b429faef40fa,d357b3c8-6fc3-4ef4-b6cb-05bfdc89713a,Sollozzo,2026-01-25 23:22:47.478881+00
1e45b8b3-f64a-4172-9d54-b429faef40fa,e1d5feac-1711-43f2-b8b5-f85886a29a7d,Barzini,2026-01-25 23:22:47.478881+00
1e45b8b3-f64a-4172-9d54-b429faef40fa,f957b17b-59d7-4a3a-83a8-0a371b5fe7e1,Mama Corleone,2026-01-25 23:22:47.478881+00
1e45b8b3-f64a-4172-9d54-b429faef40fa,fb13cb87-3b8c-4eca-8001-a529b0f06a9f,Sal Tessio,2026-01-25 23:22:47.478881+00
2114141d-0570-4436-8d61-84bf9abdb074,16d8d231-747a-4c4b-af30-ee882917a6a0,Dr. Wellington Yueh,2026-01-25 23:22:47.478881+00
2114141d-0570-4436-8d61-84bf9abdb074,2dbbc438-9be8-4d11-820d-8d3d62e081aa,Lieutenant Lanville,2026-01-25 23:22:47.478881+00
2114141d-0570-4436-8d61-84bf9abdb074,52f1f8f8-3c67-45ff-873b-b8e48eade869,Paul Atreides,2026-01-25 23:22:47.478881+00
2114141d-0570-4436-8d61-84bf9abdb074,5d21ea2e-3348-475b-9234-7005023be921,Arrakeen Residency Gardener,2026-01-25 23:22:47.478881+00
2114141d-0570-4436-8d61-84bf9abdb074,5e3fdf96-b974-4ad1-9c23-c28a4bb96711,Shadout Mapes,2026-01-25 23:22:47.478881+00
2114141d-0570-4436-8d61-84bf9abdb074,629ddeb2-9ea4-4200-9ad5-330844b5442f,Duncan Idaho,2026-01-25 23:22:47.478881+00
2114141d-0570-4436-8d61-84bf9abdb074,6489ca22-618d-45a5-aba1-b7f0b6524354,Herald of the Change,2026-01-25 23:22:47.478881+00
2114141d-0570-4436-8d61-84bf9abdb074,707c7ae8-7e2c-42ac-a76f-4f4966b543dd,Gurney Halleck,2026-01-25 23:22:47.478881+00
2114141d-0570-4436-8d61-84bf9abdb074,874e30eb-6e40-40b4-adf6-f7529370f9c6,Reverend Mother Mohiam,2026-01-25 23:22:47.478881+00
2114141d-0570-4436-8d61-84bf9abdb074,88cd8474-f895-4719-b680-f8a271ca74d9,Thufir Hawat,2026-01-25 23:22:47.478881+00
2114141d-0570-4436-8d61-84bf9abdb074,b429ae22-b15d-44a9-b2a4-f45e81fa95bb,Bene Gesserit Sister,2026-01-25 23:22:47.478881+00
2114141d-0570-4436-8d61-84bf9abdb074,ba007c31-0228-4c0b-9603-383be5d429cd,Baron Vladimir Harkonnen,2026-01-25 23:22:47.478881+00
2114141d-0570-4436-8d61-84bf9abdb074,c9291213-b36f-4fb0-aac6-bfda2ef72185,Piter de Vries,2026-01-25 23:22:47.478881+00
2114141d-0570-4436-8d61-84bf9abdb074,c9e856b1-f8b0-4e94-8f65-3f0b975d1c0c,Dr. Liet Kynes,2026-01-25 23:22:47.478881+00
2114141d-0570-4436-8d61-84bf9abdb074,d0ac9105-d77a-4e23-a2eb-940c481b9e5b,Lady Jessica Atreides,2026-01-25 23:22:47.478881+00
2114141d-0570-4436-8d61-84bf9abdb074,e9151414-3b6b-4ddf-8059-a950d3c8b04c,Jamis,2026-01-25 23:22:47.478881+00
2114141d-0570-4436-8d61-84bf9abdb074,f0320462-cfca-4250-8eb3-dc278914590b,Duke Leto Atreides,2026-01-25 23:22:47.478881+00
2114141d-0570-4436-8d61-84bf9abdb074,f3c684b9-3610-4d0d-996b-b1bebd2b9e5e,Beast Rabban Harkonnen,2026-01-25 23:22:47.478881+00
2114141d-0570-4436-8d61-84bf9abdb074,f511ff7a-f650-4945-8310-a0c35c48e650,Chani,2026-01-25 23:22:47.478881+00
2114141d-0570-4436-8d61-84bf9abdb074,fd97431d-4971-4a57-b989-56ace50ddad6,Stilgar,2026-01-25 23:22:47.478881+00
2164d4f8-1c62-4681-b0e3-486110f2fbfa,05284a1b-cfb1-493a-a7e2-0b72ca24d749,Mr. Reed,2026-01-25 23:22:47.478881+00
2164d4f8-1c62-4681-b0e3-486110f2fbfa,06748815-dfbd-4fa4-8973-188b5513be32,Missionary #1 (uncredited),2026-01-25 23:22:47.478881+00
2164d4f8-1c62-4681-b0e3-486110f2fbfa,7dccbe6a-83be-4a6c-99d7-d43ad0974eeb,Prophet,2026-01-25 23:22:47.478881+00
2164d4f8-1c62-4681-b0e3-486110f2fbfa,7e56525c-f593-4cb2-992c-4e6fd804893a,Sister Paxton,2026-01-25 23:22:47.478881+00
2164d4f8-1c62-4681-b0e3-486110f2fbfa,80028f90-c4bc-472f-beb2-83831747e5bd,Teenager,2026-01-25 23:22:47.478881+00
2164d4f8-1c62-4681-b0e3-486110f2fbfa,8d14a8cd-a727-44a0-9b66-ddf33bc31521,Sister Barnes,2026-01-25 23:22:47.478881+00
2164d4f8-1c62-4681-b0e3-486110f2fbfa,8f214d70-8c95-4bf3-8bde-74581a3b7e9c,Teenager,2026-01-25 23:22:47.478881+00
2164d4f8-1c62-4681-b0e3-486110f2fbfa,c6ad7749-669b-4d8d-8c9b-a93bf6d2dcc6,Elder Kennedy,2026-01-25 23:22:47.478881+00
2164d4f8-1c62-4681-b0e3-486110f2fbfa,d1a38b1a-11a5-40b2-a273-de2884e87681,Neighbor,2026-01-25 23:22:47.478881+00
2164d4f8-1c62-4681-b0e3-486110f2fbfa,d8fa5ea6-fe45-456e-a57d-b19d962f2ef2,Driver with Car (uncredited),2026-01-25 23:22:47.478881+00
2164d4f8-1c62-4681-b0e3-486110f2fbfa,d9293b6f-e6a2-4edd-a768-39ca1601c564,Believer,2026-01-25 23:22:47.478881+00
2164d4f8-1c62-4681-b0e3-486110f2fbfa,dfbe71ff-92b1-438d-862d-8080b8c3e53d,Pedestrian,2026-01-25 23:22:47.478881+00
2164d4f8-1c62-4681-b0e3-486110f2fbfa,e78f8df1-bcae-4c36-8d9d-512f1cc626f0,Teenager,2026-01-25 23:22:47.478881+00
2164d4f8-1c62-4681-b0e3-486110f2fbfa,fa7153fe-8076-4292-881a-7e0e261d8845,Disciple,2026-01-25 23:22:47.478881+00
2164d4f8-1c62-4681-b0e3-486110f2fbfa,fde6c1a8-da43-4248-ba60-61c8ff4bcb40,Neighbor,2026-01-25 23:22:47.478881+00
217ac67a-f242-4f8f-8818-08e111415b08,0eaa6335-4639-4969-a2c6-6608c6fc0481,Sir Edmund Burton,2026-01-25 23:22:47.478881+00
217ac67a-f242-4f8f-8818-08e111415b08,11e9c112-1ba6-4859-aa4d-cc54071d6a50,Cogman (voice),2026-01-25 23:22:47.478881+00
217ac67a-f242-4f8f-8818-08e111415b08,21f0fba3-4f7a-4e0b-bc83-4c1156df5b3b,Gawain,2026-01-25 23:22:47.478881+00
217ac67a-f242-4f8f-8818-08e111415b08,2394104a-c5a6-4e6b-96fd-e375acd79fec,Percival,2026-01-25 23:22:47.478881+00
217ac67a-f242-4f8f-8818-08e111415b08,3d9cf75e-2d5a-4aec-983c-0df1af93cfce,Quintessa,2026-01-25 23:22:47.478881+00
217ac67a-f242-4f8f-8818-08e111415b08,4f2c601d-1819-4d97-9310-7fa157ab0df2,Merlin,2026-01-25 23:22:47.478881+00
217ac67a-f242-4f8f-8818-08e111415b08,5ada44f9-8360-49c7-b56b-20ffb327294c,Jimmy,2026-01-25 23:22:47.478881+00
217ac67a-f242-4f8f-8818-08e111415b08,614c2208-5f38-4d6a-bd90-45ced7f72c4e,Bumblebee (voice),2026-01-25 23:22:47.478881+00
217ac67a-f242-4f8f-8818-08e111415b08,677752ef-deb0-4ef7-95c2-5212b1b9a890,Hengist,2026-01-25 23:22:47.478881+00
217ac67a-f242-4f8f-8818-08e111415b08,68766ded-64b2-4483-9fe9-ac8d8651ec35,Colonel William Lennox,2026-01-25 23:22:47.478881+00
217ac67a-f242-4f8f-8818-08e111415b08,7e4afd06-531c-4b65-96c5-b897cb298ed3,Viviane Wembly,2026-01-25 23:22:47.478881+00
217ac67a-f242-4f8f-8818-08e111415b08,8609d8e5-20ba-4056-afdb-379d98fcf1b3,Saebert,2026-01-25 23:22:47.478881+00
217ac67a-f242-4f8f-8818-08e111415b08,9daf8162-4abb-45e7-ab34-957d04df75b8,Lancelot,2026-01-25 23:22:47.478881+00
217ac67a-f242-4f8f-8818-08e111415b08,b1ca0a2f-8f22-4edc-8f34-8ee53c698486,Cade Yeager,2026-01-25 23:22:47.478881+00
217ac67a-f242-4f8f-8818-08e111415b08,b5274740-6fe6-4ae3-935c-1e2a34d8192d,Optimus Prime (voice),2026-01-25 23:22:47.478881+00
217ac67a-f242-4f8f-8818-08e111415b08,cdc21311-8d25-444e-802c-31748a034eb7,Santos,2026-01-25 23:22:47.478881+00
217ac67a-f242-4f8f-8818-08e111415b08,d2b16e55-8949-4326-97ce-12b0764c388d,Arthur,2026-01-25 23:22:47.478881+00
217ac67a-f242-4f8f-8818-08e111415b08,d54e060c-c2a7-4402-899e-8199874e3132,Izabella,2026-01-25 23:22:47.478881+00
217ac67a-f242-4f8f-8818-08e111415b08,d7984f24-efe4-400b-b611-247b9fc23923,General Morshower,2026-01-25 23:22:47.478881+00
217ac67a-f242-4f8f-8818-08e111415b08,e47d1b86-d46f-4210-a4c8-1fdd83a6e900,Tristan,2026-01-25 23:22:47.478881+00
21f2ab21-8a18-4326-96d5-ef12745dabee,0bfba955-1d73-491a-b55a-279ebe42d3b0,Éomer,2026-01-25 23:22:47.478881+00
21f2ab21-8a18-4326-96d5-ef12745dabee,14dfc0cd-cac7-424d-bde6-838b6d6038a4,Witchking / Gothmog,2026-01-25 23:22:47.478881+00
21f2ab21-8a18-4326-96d5-ef12745dabee,2c06f1e7-d894-44d4-899c-84bc6b0b0703,Arwen,2026-01-25 23:22:47.478881+00
21f2ab21-8a18-4326-96d5-ef12745dabee,2e62e503-59df-4f1c-9895-24bd57e804b4,Frodo,2026-01-25 23:22:47.478881+00
21f2ab21-8a18-4326-96d5-ef12745dabee,2eb191fa-7873-48de-a773-0d0de7731754,Merry,2026-01-25 23:22:47.478881+00
21f2ab21-8a18-4326-96d5-ef12745dabee,4159bb04-f1a7-4969-92a4-b4f03eb87346,Aragorn,2026-01-25 23:22:47.478881+00
21f2ab21-8a18-4326-96d5-ef12745dabee,4172246d-4c45-4135-9382-b90141fffa42,Faramir,2026-01-25 23:22:47.478881+00
21f2ab21-8a18-4326-96d5-ef12745dabee,554624e7-41ee-4864-80fa-f138574ca32e,Gimli,2026-01-25 23:22:47.478881+00
21f2ab21-8a18-4326-96d5-ef12745dabee,5f59dd58-778d-407d-8fbd-c6d7e1be7792,Bilbo,2026-01-25 23:22:47.478881+00
21f2ab21-8a18-4326-96d5-ef12745dabee,65d0dfb5-fde9-478d-bb13-ee42e7abff60,Éowyn,2026-01-25 23:22:47.478881+00
21f2ab21-8a18-4326-96d5-ef12745dabee,75f00371-bf78-4575-945a-63973c9a31e7,Denethor,2026-01-25 23:22:47.478881+00
21f2ab21-8a18-4326-96d5-ef12745dabee,7a2e0ffd-3e34-4d67-a400-c1e8cfd6e8dc,Legolas,2026-01-25 23:22:47.478881+00
21f2ab21-8a18-4326-96d5-ef12745dabee,8a65e4ee-efe8-4024-949b-afee37081be8,Gandalf,2026-01-25 23:22:47.478881+00
21f2ab21-8a18-4326-96d5-ef12745dabee,8f097684-c6f4-4597-a789-9b098ab763f8,Sam,2026-01-25 23:22:47.478881+00
21f2ab21-8a18-4326-96d5-ef12745dabee,9a2777f6-4aa1-49dd-937b-63748fc5c53a,Gollum / Smeagol,2026-01-25 23:22:47.478881+00
21f2ab21-8a18-4326-96d5-ef12745dabee,a2beff0a-66cd-4ae7-b761-462f5bdba037,Théoden,2026-01-25 23:22:47.478881+00
21f2ab21-8a18-4326-96d5-ef12745dabee,b60eb2f4-f839-4013-b00f-ce0ce25b8d54,Boromir,2026-01-25 23:22:47.478881+00
21f2ab21-8a18-4326-96d5-ef12745dabee,bf630b64-6b2d-4f54-af2e-19f9b61c7add,Pippin,2026-01-25 23:22:47.478881+00
21f2ab21-8a18-4326-96d5-ef12745dabee,c1e6f7dd-e1a8-4fa4-bb79-993bcc82e1b9,Elrond,2026-01-25 23:22:47.478881+00
21f2ab21-8a18-4326-96d5-ef12745dabee,e970be33-901b-436d-8417-5379757a9fb1,Galadriel,2026-01-25 23:22:47.478881+00
27ef9d2b-f6d4-47a5-b780-9cb30b019fe6,2a9f0f70-c741-4bd1-8e1b-22a113954637,Al Capone,2026-01-25 23:22:47.478881+00
27ef9d2b-f6d4-47a5-b780-9cb30b019fe6,2fb14c0a-ea07-44dd-9e2e-56a6a2e6e02b,Mrs. Blackmer,2026-01-25 23:22:47.478881+00
27ef9d2b-f6d4-47a5-b780-9cb30b019fe6,38782013-acb0-48c5-9147-8f195e305d9f,Jim Malone,2026-01-25 23:22:47.478881+00
27ef9d2b-f6d4-47a5-b780-9cb30b019fe6,3976b3a6-7e28-4920-9423-56ce7421ad80,Preseuski,2026-01-25 23:22:47.478881+00
27ef9d2b-f6d4-47a5-b780-9cb30b019fe6,4473607f-2127-4cfd-8bc3-19f047f89809,Mike,2026-01-25 23:22:47.478881+00
27ef9d2b-f6d4-47a5-b780-9cb30b019fe6,578113de-af1d-41f8-988e-7d6657a4bf1c,Rangemaster,2026-01-25 23:22:47.478881+00
27ef9d2b-f6d4-47a5-b780-9cb30b019fe6,6276d15a-857d-41ad-a530-7b86fdcad1a3,Scoop,2026-01-25 23:22:47.478881+00
27ef9d2b-f6d4-47a5-b780-9cb30b019fe6,6548e251-da2b-4641-b40e-0a14372e8fcd,Eliot Ness,2026-01-25 23:22:47.478881+00
27ef9d2b-f6d4-47a5-b780-9cb30b019fe6,869b3424-7a11-4a26-b219-57ad8c4ed93a,George,2026-01-25 23:22:47.478881+00
27ef9d2b-f6d4-47a5-b780-9cb30b019fe6,935aad8b-aa0a-43db-8224-2ca386b3bfa9,Nitti,2026-01-25 23:22:47.478881+00
27ef9d2b-f6d4-47a5-b780-9cb30b019fe6,938f1604-9253-40c1-ab1c-4d283f24c08d,Mountie Captain,2026-01-25 23:22:47.478881+00
27ef9d2b-f6d4-47a5-b780-9cb30b019fe6,98fc26e6-e5aa-456f-99b1-90bc4bb421bd,Alderman,2026-01-25 23:22:47.478881+00
27ef9d2b-f6d4-47a5-b780-9cb30b019fe6,c88b243e-78d1-4503-a1f4-654e2d3a3f4a,Lt. Anderson,2026-01-25 23:22:47.478881+00
27ef9d2b-f6d4-47a5-b780-9cb30b019fe6,caf0bd65-420c-4505-b994-7bd4da968a14,Payne,2026-01-25 23:22:47.478881+00
27ef9d2b-f6d4-47a5-b780-9cb30b019fe6,cd369c21-fe6f-4515-b1ae-d79513e92426,George Stone,2026-01-25 23:22:47.478881+00
27ef9d2b-f6d4-47a5-b780-9cb30b019fe6,d5840edb-e843-44da-abec-c147664e2bc0,Cop Cousin,2026-01-25 23:22:47.478881+00
27ef9d2b-f6d4-47a5-b780-9cb30b019fe6,ef4aa168-c761-4760-a6a4-5012c0013ead,Bowtie Driver,2026-01-25 23:22:47.478881+00
27ef9d2b-f6d4-47a5-b780-9cb30b019fe6,f1bf7e23-5bd9-45ac-9176-2ddff0bdc2ce,Ness' Wife,2026-01-25 23:22:47.478881+00
27ef9d2b-f6d4-47a5-b780-9cb30b019fe6,f4102e8e-69a2-40b3-b83e-dab8be3af594,Oscar Wallace,2026-01-25 23:22:47.478881+00
27ef9d2b-f6d4-47a5-b780-9cb30b019fe6,fc36ae64-f336-40b7-81ff-40283b9614ed,Bartender,2026-01-25 23:22:47.478881+00
287fda16-1928-42ad-953b-7dd02793b1eb,14e0fd6d-70a8-407a-9773-89aab7081c96,Woman in Store,2026-01-25 23:22:47.478881+00
287fda16-1928-42ad-953b-7dd02793b1eb,15e68c72-fd23-4b33-a683-45a3325bb0b9,Server,2026-01-25 23:22:47.478881+00
287fda16-1928-42ad-953b-7dd02793b1eb,1b269f7e-7220-4cd4-bcab-1d0f88757d71,Marina Man,2026-01-25 23:22:47.478881+00
287fda16-1928-42ad-953b-7dd02793b1eb,22391fc8-3737-4737-9607-6297677f6e4d,Girl at Marina,2026-01-25 23:22:47.478881+00
287fda16-1928-42ad-953b-7dd02793b1eb,3aa60ae4-4153-4c61-b52b-69318243c31d,Boy on Island,2026-01-25 23:22:47.478881+00
287fda16-1928-42ad-953b-7dd02793b1eb,3e1e9eea-09c5-42c2-b451-cbee1a70746d,Umpire,2026-01-25 23:22:47.478881+00
287fda16-1928-42ad-953b-7dd02793b1eb,4759a001-1eaa-4001-a40d-632cc7aa92a8,Woman at Game,2026-01-25 23:22:47.478881+00
287fda16-1928-42ad-953b-7dd02793b1eb,4a99ea67-4130-47e0-a283-bdc18b4ca2de,Teen in Bar,2026-01-25 23:22:47.478881+00
287fda16-1928-42ad-953b-7dd02793b1eb,53967df1-f974-434b-b5de-be1797c62a48,Evelyn Abbott,2026-01-25 23:22:47.478881+00
287fda16-1928-42ad-953b-7dd02793b1eb,58b13670-b4a1-42ed-9b45-3ea1b798bb0d,Regan Abbott,2026-01-25 23:22:47.478881+00
287fda16-1928-42ad-953b-7dd02793b1eb,69f14886-5e12-464c-868d-032f892f83d2,Emmett,2026-01-25 23:22:47.478881+00
287fda16-1928-42ad-953b-7dd02793b1eb,7490d356-a994-4603-b17a-0ae325226a9f,Lee Abbott,2026-01-25 23:22:47.478881+00
287fda16-1928-42ad-953b-7dd02793b1eb,85875454-1072-410a-8ff7-3c5b1214c17f,Man on Island,2026-01-25 23:22:47.478881+00
287fda16-1928-42ad-953b-7dd02793b1eb,9c747522-40d9-455d-8194-f3af693ce6f2,Police Officer,2026-01-25 23:22:47.478881+00
287fda16-1928-42ad-953b-7dd02793b1eb,ad870bcf-5909-415b-9187-6bae8170261f,Marina Person,2026-01-25 23:22:47.478881+00
287fda16-1928-42ad-953b-7dd02793b1eb,aecf3ca2-91b4-4f39-af91-c9476e56ef95,Marcus Abbott,2026-01-25 23:22:47.478881+00
287fda16-1928-42ad-953b-7dd02793b1eb,b51d877a-da7b-4626-9a34-f91a988b01a2,Beau Abbott,2026-01-25 23:22:47.478881+00
287fda16-1928-42ad-953b-7dd02793b1eb,b76a91d5-035a-454c-ac35-50151de8ffe5,Woman on Island,2026-01-25 23:22:47.478881+00
287fda16-1928-42ad-953b-7dd02793b1eb,bc07bd54-5597-4eaa-a88f-0f47f50274eb,Emmett's Son,2026-01-25 23:22:47.478881+00
287fda16-1928-42ad-953b-7dd02793b1eb,fbd42a9f-0d56-4c73-8adb-d398c187675d,Teen in Bar,2026-01-25 23:22:47.478881+00
28ca88fe-f94b-4a40-9afd-d94fa284178b,02cb3855-19ec-44bd-97dd-1c18f5962e41,Franklin Webb,2026-01-25 23:22:47.478881+00
28ca88fe-f94b-4a40-9afd-d94fa284178b,17617d87-a533-47ff-9afd-65f9717e7302,Claire Dearing,2026-01-25 23:22:47.478881+00
28ca88fe-f94b-4a40-9afd-d94fa284178b,27f7a1d1-16a5-4367-ab43-2acb77e81464,Alan Grant,2026-01-25 23:22:47.478881+00
28ca88fe-f94b-4a40-9afd-d94fa284178b,35905d66-fb01-4bf5-a05e-fd5555b99bff,Barry Sembène,2026-01-25 23:22:47.478881+00
28ca88fe-f94b-4a40-9afd-d94fa284178b,388e1f32-de15-4822-a9a1-46a4d64ed8c5,Jeremy Bernier,2026-01-25 23:22:47.478881+00
28ca88fe-f94b-4a40-9afd-d94fa284178b,407bcc83-b1c4-470d-ace3-c6f0f036cbb8,Sundar Kumar,2026-01-25 23:22:47.478881+00
28ca88fe-f94b-4a40-9afd-d94fa284178b,513f95fa-6520-4b12-9bca-f16989c3cc29,Ian Malcolm,2026-01-25 23:22:47.478881+00
28ca88fe-f94b-4a40-9afd-d94fa284178b,56828653-84e2-4e0d-b73a-0f2e754978da,Henry Wu,2026-01-25 23:22:47.478881+00
28ca88fe-f94b-4a40-9afd-d94fa284178b,5787a0d1-dbc6-4da1-a5b6-d00f66769735,Soyona Santos,2026-01-25 23:22:47.478881+00
28ca88fe-f94b-4a40-9afd-d94fa284178b,59df82fb-8911-45a2-9b4a-39ca016a9dc4,Kayla Watts,2026-01-25 23:22:47.478881+00
28ca88fe-f94b-4a40-9afd-d94fa284178b,6b01993e-94df-47a9-82d0-3f8edb01c134,Angus Hetbury,2026-01-25 23:22:47.478881+00
28ca88fe-f94b-4a40-9afd-d94fa284178b,780d90f4-3678-4295-aecf-cedceedada5f,Ellie Sattler,2026-01-25 23:22:47.478881+00
28ca88fe-f94b-4a40-9afd-d94fa284178b,820aa21d-87ae-4867-8c20-5b31f97b411b,Zia Rodriguez,2026-01-25 23:22:47.478881+00
28ca88fe-f94b-4a40-9afd-d94fa284178b,8957af19-6ee4-447f-b128-ed5a950a4800,Maisie Lockwood / Young Charlotte Lockwood,2026-01-25 23:22:47.478881+00
28ca88fe-f94b-4a40-9afd-d94fa284178b,8d897178-61a1-46d8-9820-bf9b25533fdb,Lewis Dodgson,2026-01-25 23:22:47.478881+00
28ca88fe-f94b-4a40-9afd-d94fa284178b,ca14fe2e-24e4-4458-b6bc-d0a8f02e266c,Ramsay Cole,2026-01-25 23:22:47.478881+00
28ca88fe-f94b-4a40-9afd-d94fa284178b,caae1a07-c943-4c21-976a-8330cf5572da,Owen Grady,2026-01-25 23:22:47.478881+00
28ca88fe-f94b-4a40-9afd-d94fa284178b,d29e4f84-fb57-4196-970d-9ed7dde1ad26,Denise Roberts,2026-01-25 23:22:47.478881+00
28ca88fe-f94b-4a40-9afd-d94fa284178b,e7f21002-e064-41da-8bba-748dc460cb52,Rainn Delacourt,2026-01-25 23:22:47.478881+00
28ca88fe-f94b-4a40-9afd-d94fa284178b,f162f5c4-feca-4aa4-925e-a2b1a6971f29,Wyatt,2026-01-25 23:22:47.478881+00
2b4da692-3217-4414-9e0d-50513fb7d436,18a0e3cf-8d98-4191-b819-daaa08d3f8b5,Donald,2026-01-25 23:22:47.478881+00
2b4da692-3217-4414-9e0d-50513fb7d436,3d97b897-08a6-42a2-86bf-664e88b1f614,TARS (voice),2026-01-25 23:22:47.478881+00
2b4da692-3217-4414-9e0d-50513fb7d436,4887c665-69fd-4bd4-9b1b-61666a4b2544,Boots,2026-01-25 23:22:47.478881+00
2b4da692-3217-4414-9e0d-50513fb7d436,49c8c78d-e9b0-4ab3-9195-5d50f5e3bff0,Smith,2026-01-25 23:22:47.478881+00
2b4da692-3217-4414-9e0d-50513fb7d436,4c650912-dbdc-4e3c-8eae-226bdee87a27,Williams,2026-01-25 23:22:47.478881+00
2b4da692-3217-4414-9e0d-50513fb7d436,4ddfb411-f7b1-48ec-a8d7-09a60ef96e0f,Lois,2026-01-25 23:22:47.478881+00
2b4da692-3217-4414-9e0d-50513fb7d436,52f1f8f8-3c67-45ff-873b-b8e48eade869,Tom (15 Yrs.),2026-01-25 23:22:47.478881+00
2b4da692-3217-4414-9e0d-50513fb7d436,57dd5af5-b677-4025-acd8-f1263a1601a6,Mann,2026-01-25 23:22:47.478881+00
2b4da692-3217-4414-9e0d-50513fb7d436,8e49619b-0a6d-4aba-a2f4-be18c39ad7fe,Doyle,2026-01-25 23:22:47.478881+00
2b4da692-3217-4414-9e0d-50513fb7d436,9baef9ed-6d62-4b81-ae15-83517a10ce01,Murph,2026-01-25 23:22:47.478881+00
2b4da692-3217-4414-9e0d-50513fb7d436,a3f67a09-bd87-4870-bb68-e15baa605d14,Professor Brand,2026-01-25 23:22:47.478881+00
2b4da692-3217-4414-9e0d-50513fb7d436,c6ad7749-669b-4d8d-8c9b-a93bf6d2dcc6,Getty,2026-01-25 23:22:47.478881+00
2b4da692-3217-4414-9e0d-50513fb7d436,cd4db4e4-d09e-4bd7-8bf7-7bdf566b135c,Cooper,2026-01-25 23:22:47.478881+00
2b4da692-3217-4414-9e0d-50513fb7d436,d6267a2e-127d-48ff-bb0a-3d31855cebc8,Coop,2026-01-25 23:22:47.478881+00
2b4da692-3217-4414-9e0d-50513fb7d436,d6c62c93-0ed3-457d-8d7a-0da38a65b4ce,Brand,2026-01-25 23:22:47.478881+00
2b4da692-3217-4414-9e0d-50513fb7d436,dc9c8105-cec2-4740-b6a9-b20a669c7f6a,Romilly,2026-01-25 23:22:47.478881+00
2b4da692-3217-4414-9e0d-50513fb7d436,ef646be2-dafb-4b47-b4f7-513c26238437,Murph (10 Yrs.),2026-01-25 23:22:47.478881+00
2b4da692-3217-4414-9e0d-50513fb7d436,fcd27bd1-d5a5-4e81-9a73-87b32f18de7a,CASE (voice),2026-01-25 23:22:47.478881+00
2b4da692-3217-4414-9e0d-50513fb7d436,fd353abd-44fb-4a3e-937a-68c8d5a6338e,Tom,2026-01-25 23:22:47.478881+00
2b4da692-3217-4414-9e0d-50513fb7d436,fe59f423-d473-43d6-beca-87564e6da9a1,Murph (older),2026-01-25 23:22:47.478881+00
2b8fe9cd-7791-493d-a83f-6f04005fda88,415f5ca3-00c3-4d56-8ecb-4036622d7331,Matthew Fontenot (voice),2026-02-04 03:42:18.288537+00
2b8fe9cd-7791-493d-a83f-6f04005fda88,43164240-b21a-4c9c-9e18-d2ba133e1637,Jess Baylor (voice),2026-02-04 03:42:18.288537+00
2b8fe9cd-7791-493d-a83f-6f04005fda88,495b6bbb-3793-4351-af5e-1b182d568c1d,Joe Baylor,2026-02-04 03:42:18.288537+00
2b8fe9cd-7791-493d-a83f-6f04005fda88,4c90d7c8-f539-4b68-a9d7-b19275cec679,Nightclub Caller (voice),2026-02-04 03:42:18.288537+00
2b8fe9cd-7791-493d-a83f-6f04005fda88,57936bfb-a3a8-4b81-a059-0fca700f6bde,LA Times Operator (voice),2026-02-04 03:42:18.288537+00
2b8fe9cd-7791-493d-a83f-6f04005fda88,5eb047a8-7e1d-4d0c-a944-fa5398524b50,Gary,2026-02-04 03:42:18.288537+00
2b8fe9cd-7791-493d-a83f-6f04005fda88,61a99e7d-f40d-488f-9dcb-29c3b1f0fb4c,Tim Gerachi,2026-02-04 03:42:18.288537+00
2b8fe9cd-7791-493d-a83f-6f04005fda88,66a1e0b1-5814-42df-a7b5-610c9d50b778,CHP Dispatcher (voice),2026-02-04 03:42:18.288537+00
2b8fe9cd-7791-493d-a83f-6f04005fda88,6fba8f8f-c2a0-4bde-98d8-858f2c38a4bb,Sgt. Denise Wade,2026-02-04 03:42:18.288537+00
2b8fe9cd-7791-493d-a83f-6f04005fda88,7537c909-4033-40c5-973e-ae4a01d50251,Sgt. Bill Miller (voice),2026-02-04 03:42:18.288537+00
2b8fe9cd-7791-493d-a83f-6f04005fda88,94073d67-179b-4ebe-a3cd-f036d2502f7d,Emily Lighton (voice),2026-02-04 03:42:18.288537+00
2b8fe9cd-7791-493d-a83f-6f04005fda88,96cb5bfb-85c3-4263-8573-4fe77fbe6a7c,Rick (voice),2026-02-04 03:42:18.288537+00
2b8fe9cd-7791-493d-a83f-6f04005fda88,a83e6d21-5532-48a5-bc36-ba42c85984c3,Manny,2026-02-04 03:42:18.288537+00
2b8fe9cd-7791-493d-a83f-6f04005fda88,bd89015f-1900-4adc-8780-482af8d753c7,Marion,2026-02-04 03:42:18.288537+00
2b8fe9cd-7791-493d-a83f-6f04005fda88,c42f7873-c2ee-4c8c-ae6f-b6dfacec4eb9,Katherine Harbor (voice),2026-02-04 03:42:18.288537+00
2b8fe9cd-7791-493d-a83f-6f04005fda88,cc381b1b-5df2-42d7-afa8-603516e8e39a,Henry Fisher (voice),2026-02-04 03:42:18.288537+00
2b8fe9cd-7791-493d-a83f-6f04005fda88,db74ef8c-354d-4ef1-8daf-850f822cc9bf,CHP Officer,2026-02-04 03:42:18.288537+00
2b8fe9cd-7791-493d-a83f-6f04005fda88,e4c65bc8-73da-4f8d-b3dd-b598f6ef1c6b,Dru Nashe (voice),2026-02-04 03:42:18.288537+00
2b8fe9cd-7791-493d-a83f-6f04005fda88,ed338a45-7925-42bd-a031-d9e7007fabaf,Abby (voice),2026-02-04 03:42:18.288537+00
2b8fe9cd-7791-493d-a83f-6f04005fda88,f70e6f25-56c0-4d91-834e-d0a536278f49,House on Fire Caller (voice),2026-02-04 03:42:18.288537+00
2d00a912-602b-4c7b-bd95-1bc2968f326e,06f3f6eb-c043-4b4d-a667-0a94a82ad765,Jordan,2026-02-03 07:00:44.302578+00
2d00a912-602b-4c7b-bd95-1bc2968f326e,2f03309c-0d67-44b1-8f7e-90ad32e74bf6,Brenda,2026-02-03 07:00:44.302578+00
2d00a912-602b-4c7b-bd95-1bc2968f326e,3bc20749-05e7-483a-8083-6437c4468e29,Henry Weston,2026-02-03 07:00:44.302578+00
2d00a912-602b-4c7b-bd95-1bc2968f326e,407bb12e-8b81-4d43-879c-08ebe407e39a,Jimmy,2026-02-03 07:00:44.302578+00
2d00a912-602b-4c7b-bd95-1bc2968f326e,47b948e0-90e8-45c7-80d9-8861b771d946,Eric Applebaum,2026-02-03 07:00:44.302578+00
2d00a912-602b-4c7b-bd95-1bc2968f326e,5e6895e3-efd2-495e-8ad9-b354c79db12c,Cassie,2026-02-03 07:00:44.302578+00
2d00a912-602b-4c7b-bd95-1bc2968f326e,60d63756-ddc0-45a6-a005-40472d06cc02,Tim,2026-02-03 07:00:44.302578+00
2d00a912-602b-4c7b-bd95-1bc2968f326e,64dd33bc-c4b1-494a-a3f0-e8ec90a5d924,Bellini,2026-02-03 07:00:44.302578+00
2d00a912-602b-4c7b-bd95-1bc2968f326e,7ff9a42f-82b1-43e9-b074-f535fe31dff8,Andy,2026-02-03 07:00:44.302578+00
2d00a912-602b-4c7b-bd95-1bc2968f326e,8bc80a18-3ffe-44d8-856f-a1f4fc98c753,Jason,2026-02-03 07:00:44.302578+00
2d00a912-602b-4c7b-bd95-1bc2968f326e,8d1342b5-f2a7-4cd7-ac3b-1c0a098f229b,Lora,2026-02-03 07:00:44.302578+00
2d00a912-602b-4c7b-bd95-1bc2968f326e,91ad211e-ca0c-4e71-9d3b-fb9506f7d3ac,Dave Wolf,2026-02-03 07:00:44.302578+00
2d00a912-602b-4c7b-bd95-1bc2968f326e,a3a31c98-f48b-43b0-aa8e-ee0175ea66fe,Mr. Edward Magorium,2026-02-03 07:00:44.302578+00
2d00a912-602b-4c7b-bd95-1bc2968f326e,b583ae25-2c83-4e47-87aa-d8a8acc46ad0,Jessica,2026-02-03 07:00:44.302578+00
2d00a912-602b-4c7b-bd95-1bc2968f326e,b9c30f7d-596e-4c88-8039-8c1580c7de53,Kangaroo Girl,2026-02-03 07:00:44.302578+00
2d00a912-602b-4c7b-bd95-1bc2968f326e,c033f4ec-c9f1-477e-b710-186572f416ad,Molly Mahoney,2026-02-03 07:00:44.302578+00
2d00a912-602b-4c7b-bd95-1bc2968f326e,c89da9d9-453e-408e-8875-dbc4b2d6f974,Derek,2026-02-03 07:00:44.302578+00
2d00a912-602b-4c7b-bd95-1bc2968f326e,e2c5cae6-8109-4184-bbf0-9ddb07880025,Ellie Applebaum,2026-02-03 07:00:44.302578+00
2d00a912-602b-4c7b-bd95-1bc2968f326e,ef647871-11ed-4dcb-a4c7-12c01a9f5ba8,Kermit the Frog (voice),2026-02-03 07:00:44.302578+00
2d00a912-602b-4c7b-bd95-1bc2968f326e,fd330259-15a0-4e40-943f-1c64be8a8526,Dr. Sage,2026-02-03 07:00:44.302578+00
2eb7bb02-48d6-4397-a8b7-4080862efc4e,0500eae1-aea4-4d5d-a657-df2f04f6e5d2,Host Two,2026-01-25 23:22:47.478881+00
2eb7bb02-48d6-4397-a8b7-4080862efc4e,0b6a79cd-dc21-4a19-9ac0-dce3f8ca9a65,Young Shirek,2026-01-25 23:22:47.478881+00
2eb7bb02-48d6-4397-a8b7-4080862efc4e,12b70b8f-b48a-4b9a-a018-f8cfc3be7a29,Dr. Pazzo,2026-01-25 23:22:47.478881+00
2eb7bb02-48d6-4397-a8b7-4080862efc4e,146e5997-53df-4455-be9d-f4d387da724c,Warden,2026-01-25 23:22:47.478881+00
2eb7bb02-48d6-4397-a8b7-4080862efc4e,27c6f72f-2bbe-4978-90e2-e4519132f85a,Mugging Victim,2026-01-25 23:22:47.478881+00
2eb7bb02-48d6-4397-a8b7-4080862efc4e,2f5c3edb-3c3c-4739-8e3c-cd16ad225bc1,Patient,2026-01-25 23:22:47.478881+00
2eb7bb02-48d6-4397-a8b7-4080862efc4e,45699f7b-7788-4c83-ad81-542b2c90c87e,Cletus Kasady / Carnage,2026-01-25 23:22:47.478881+00
2eb7bb02-48d6-4397-a8b7-4080862efc4e,4edf44ee-b504-43e6-b786-ab921d392e84,Beaten Mugger,2026-01-25 23:22:47.478881+00
2eb7bb02-48d6-4397-a8b7-4080862efc4e,5ec7c619-0eb3-42b4-999b-01bc751bd3f1,Host Three,2026-01-25 23:22:47.478881+00
2eb7bb02-48d6-4397-a8b7-4080862efc4e,69d44f01-36f7-4453-b96a-ebc2c8539c11,Rodeo Beach Reporter,2026-01-25 23:22:47.478881+00
2eb7bb02-48d6-4397-a8b7-4080862efc4e,7cc5a9ea-3467-4d0f-a575-d02593df0d2c,Mrs. Chen,2026-01-25 23:22:47.478881+00
2eb7bb02-48d6-4397-a8b7-4080862efc4e,7d962821-cedc-414e-bc00-4ba52b331ea4,Little Simz,2026-01-25 23:22:47.478881+00
2eb7bb02-48d6-4397-a8b7-4080862efc4e,87bebec3-7557-4db1-bc8a-81b46a252919,Frances Louise Barrison / Shriek,2026-01-25 23:22:47.478881+00
2eb7bb02-48d6-4397-a8b7-4080862efc4e,8a3531bd-ff6f-4046-9d53-6d5e81c43c45,Dr. Dan Lewis,2026-01-25 23:22:47.478881+00
2eb7bb02-48d6-4397-a8b7-4080862efc4e,8f6e6002-74c5-4f5e-9465-24179b65be53,Eddie Brock / Venom,2026-01-25 23:22:47.478881+00
2eb7bb02-48d6-4397-a8b7-4080862efc4e,93f7ec25-3143-4549-a955-3cc7653ee1ee,Detective Mulligan,2026-01-25 23:22:47.478881+00
2eb7bb02-48d6-4397-a8b7-4080862efc4e,94941cf7-6426-4fde-a8ac-df6b1c84ec0a,Young Cletus,2026-01-25 23:22:47.478881+00
2eb7bb02-48d6-4397-a8b7-4080862efc4e,bd60047b-6446-4707-b809-8f3f97a19fa9,Anne Weying,2026-01-25 23:22:47.478881+00
2eb7bb02-48d6-4397-a8b7-4080862efc4e,d0effaca-13e2-4d4f-9328-1a7e79777ec7,Siegfried,2026-01-25 23:22:47.478881+00
2eb7bb02-48d6-4397-a8b7-4080862efc4e,df378285-a09d-4668-a45c-165624c05ed5,Young Detective Mulligan,2026-01-25 23:22:47.478881+00
2ed9292d-0258-45be-b04e-e412b74abc0a,04cd8efb-6539-41e9-837f-56d87d59e652,Red Leader,2026-01-25 23:22:47.478881+00
2ed9292d-0258-45be-b04e-e412b74abc0a,0aee18dd-723b-48c8-9991-d807492290b9,Darth Vader (performer),2026-01-25 23:22:47.478881+00
2ed9292d-0258-45be-b04e-e412b74abc0a,121e1e30-a9dc-4550-b684-7989e5bb7396,Aunt Beru,2026-01-25 23:22:47.478881+00
2ed9292d-0258-45be-b04e-e412b74abc0a,1e84b3f1-c7e4-4f37-a989-721fd2198516,Grand Moff Tarkin,2026-01-25 23:22:47.478881+00
2ed9292d-0258-45be-b04e-e412b74abc0a,1e991f6e-5acf-4eae-9557-eb5784d1b88d,Red Six (Porkins),2026-01-25 23:22:47.478881+00
2ed9292d-0258-45be-b04e-e412b74abc0a,258ab6f9-1a0f-4a25-8525-8ed15ebf7eb9,Han Solo,2026-01-25 23:22:47.478881+00
2ed9292d-0258-45be-b04e-e412b74abc0a,31c1d55d-ccbf-4f43-bcce-3283a8a1a364,C-3PO,2026-01-25 23:22:47.478881+00
2ed9292d-0258-45be-b04e-e412b74abc0a,403caa63-143b-4b6e-a4e3-d3281af81de0,General Willard,2026-01-25 23:22:47.478881+00
2ed9292d-0258-45be-b04e-e412b74abc0a,51f56d90-a936-48d9-a7f0-8e21b6925f58,Red Three (Biggs Darklighter),2026-01-25 23:22:47.478881+00
2ed9292d-0258-45be-b04e-e412b74abc0a,53a2450e-eaca-45ac-bd33-b4ed47b9377d,R2-D2,2026-01-25 23:22:47.478881+00
2ed9292d-0258-45be-b04e-e412b74abc0a,9031615b-c027-4876-8abb-56a9bb53d594,Chief Jawa,2026-01-25 23:22:47.478881+00
2ed9292d-0258-45be-b04e-e412b74abc0a,a90a4e30-cad7-41c8-b3da-c7142fca8c4b,Red Two (Wedge Antilles),2026-01-25 23:22:47.478881+00
2ed9292d-0258-45be-b04e-e412b74abc0a,bfdf0cff-021e-45dc-8ef4-aa2f99da5464,Darth Vader (voice) (uncredited),2026-01-25 23:22:47.478881+00
2ed9292d-0258-45be-b04e-e412b74abc0a,c3cefe7e-b7ad-4f7e-bb8f-834ce0613d36,Luke Skywalker,2026-01-25 23:22:47.478881+00
2ed9292d-0258-45be-b04e-e412b74abc0a,c96916d8-47c7-4c61-866f-6dd9c8f92f2c,"Obi-Wan ""Ben"" Kenobi",2026-01-25 23:22:47.478881+00
2ed9292d-0258-45be-b04e-e412b74abc0a,d40cb031-d031-45de-b2aa-13032ce8256b,"Red Four (John ""D"")",2026-01-25 23:22:47.478881+00
2ed9292d-0258-45be-b04e-e412b74abc0a,e70bdb86-cfbc-4a88-979e-21b395c84dc2,Uncle Owen,2026-01-25 23:22:47.478881+00
2ed9292d-0258-45be-b04e-e412b74abc0a,f36c7d90-ce8d-4229-925b-bb68656e4592,General Dodonna,2026-01-25 23:22:47.478881+00
2ed9292d-0258-45be-b04e-e412b74abc0a,f71ed144-2460-4ea0-a386-614b5b2126d1,Princess Leia Organa,2026-01-25 23:22:47.478881+00
2ed9292d-0258-45be-b04e-e412b74abc0a,f97a927d-3c6d-4092-8185-623111d01c6e,Chewbacca,2026-01-25 23:22:47.478881+00
2f7965cd-58cc-4394-9627-2bba582eb772,084d7dae-6804-46c2-93aa-c5084e4bf272,PC Taylor,2026-01-25 23:22:47.478881+00
2f7965cd-58cc-4394-9627-2bba582eb772,130df112-e80f-4aeb-a890-a84256140a32,PC Griffiths,2026-01-25 23:22:47.478881+00
2f7965cd-58cc-4394-9627-2bba582eb772,268114fa-2e8a-4509-800a-574dd23b4dda,Bernard,2026-01-25 23:22:47.478881+00
2f7965cd-58cc-4394-9627-2bba582eb772,275dbe66-da99-47d6-b1d8-ec528f5e54f4,Father Mackie,2026-01-25 23:22:47.478881+00
2f7965cd-58cc-4394-9627-2bba582eb772,28b15482-371d-49c7-972c-1b4ee044e920,Bogdan,2026-01-25 23:22:47.478881+00
2f7965cd-58cc-4394-9627-2bba582eb772,2a7bb4cf-0f64-4c89-a37c-f7ee75f344a7,Elizabeth,2026-01-25 23:22:47.478881+00
2f7965cd-58cc-4394-9627-2bba582eb772,2aab9df6-8f8a-40e2-a569-20d94053b3a6,Peter Mercer,2026-01-25 23:22:47.478881+00
2f7965cd-58cc-4394-9627-2bba582eb772,3f87eebc-a39e-4320-bd37-e9c3e8bfa232,Donna De Freitas,2026-01-25 23:22:47.478881+00
2f7965cd-58cc-4394-9627-2bba582eb772,5a3c591a-13bf-4fb6-b557-194b374beea6,Joanna,2026-01-25 23:22:47.478881+00
2f7965cd-58cc-4394-9627-2bba582eb772,70f7a63b-819e-411a-8221-0bbe59ad3384,Bobby Tanner,2026-01-25 23:22:47.478881+00
2f7965cd-58cc-4394-9627-2bba582eb772,8c3280f5-d0f6-4675-899e-20ad105b590c,Chris Hudson,2026-01-25 23:22:47.478881+00
2f7965cd-58cc-4394-9627-2bba582eb772,9164fc04-3d9e-409b-b584-56e4bc5519c5,Joyce,2026-01-25 23:22:47.478881+00
2f7965cd-58cc-4394-9627-2bba582eb772,91a3421d-9241-475e-9caa-873c91dda371,Tony Curran,2026-01-25 23:22:47.478881+00
2f7965cd-58cc-4394-9627-2bba582eb772,957927cb-acf7-4bfc-8475-71fdfa9c9fbb,Ian,2026-01-25 23:22:47.478881+00
2f7965cd-58cc-4394-9627-2bba582eb772,9d0f0a32-b763-4c85-8452-670ee39880f9,Ron,2026-01-25 23:22:47.478881+00
2f7965cd-58cc-4394-9627-2bba582eb772,9f95e5a6-be87-4c64-be4b-d573dac699c1,Jason,2026-01-25 23:22:47.478881+00
2f7965cd-58cc-4394-9627-2bba582eb772,ae9fc57e-7053-4ba4-89c7-9d57c21ba7a2,Stephen,2026-01-25 23:22:47.478881+00
2f7965cd-58cc-4394-9627-2bba582eb772,d6d44b4d-b819-4237-a19c-5a0ce9a8f685,Ibrahim,2026-01-25 23:22:47.478881+00
2f7965cd-58cc-4394-9627-2bba582eb772,d9d14c07-7156-4830-8c8d-ac2c03e3fe6f,John,2026-01-25 23:22:47.478881+00
2f7965cd-58cc-4394-9627-2bba582eb772,f9038ccb-7a94-482a-8559-01c2bd194d69,Aunt Maud,2026-01-25 23:22:47.478881+00
2fb1e8f9-8e88-4a09-b17f-ecec21024bcd,00d980ec-c3b6-4eb3-876d-8ce377c5040d,Broomhilda von Shaft,2026-02-03 06:59:06.580183+00
2fb1e8f9-8e88-4a09-b17f-ecec21024bcd,03744ac7-a4b5-490f-94ab-96880b38999f,Dr. King Schultz,2026-02-03 06:59:06.580183+00
2fb1e8f9-8e88-4a09-b17f-ecec21024bcd,0e67d273-7b55-40d7-89d8-b19f97c6b803,D'Artagnan,2026-02-03 06:59:06.580183+00
2fb1e8f9-8e88-4a09-b17f-ecec21024bcd,1101db4d-bdb8-4b5f-8c95-98cec5c08fff,Billy Crash,2026-02-03 06:59:06.580183+00
2fb1e8f9-8e88-4a09-b17f-ecec21024bcd,2940db6c-cec0-4c42-9f68-11950a87ad55,Amerigo Vessepi,2026-02-03 06:59:06.580183+00
2fb1e8f9-8e88-4a09-b17f-ecec21024bcd,2b308549-87e4-49e0-be4d-a66af15594ed,Betina,2026-02-03 06:59:06.580183+00
2fb1e8f9-8e88-4a09-b17f-ecec21024bcd,3dd37c76-5be3-4546-8fb5-ef06a3f648b6,Big Fred,2026-02-03 06:59:06.580183+00
2fb1e8f9-8e88-4a09-b17f-ecec21024bcd,4c1994fc-e16a-4599-844f-a03fb236055b,Rodney,2026-02-03 06:59:06.580183+00
2fb1e8f9-8e88-4a09-b17f-ecec21024bcd,5b5e1354-3930-4c92-98e5-084c26d6b700,Calvin J. Candie,2026-02-03 06:59:06.580183+00
2fb1e8f9-8e88-4a09-b17f-ecec21024bcd,688fafd5-a31c-4ca4-a67d-3664c0faadb5,"Spencer ""Big Daddy"" Bennett",2026-02-03 06:59:06.580183+00
2fb1e8f9-8e88-4a09-b17f-ecec21024bcd,696c0b43-0135-4880-b7a7-b485f97eea34,Dicky Speck,2026-02-03 06:59:06.580183+00
2fb1e8f9-8e88-4a09-b17f-ecec21024bcd,878b5c91-34ef-4068-95bb-167959f28a38,Django Freeman,2026-02-03 06:59:06.580183+00
2fb1e8f9-8e88-4a09-b17f-ecec21024bcd,8973e988-1752-48b4-834a-01e2039bdf82,Cora,2026-02-03 06:59:06.580183+00
2fb1e8f9-8e88-4a09-b17f-ecec21024bcd,9eb96071-4d71-4522-87e6-9fa7113886fe,Sheba,2026-02-03 06:59:06.580183+00
2fb1e8f9-8e88-4a09-b17f-ecec21024bcd,a0c555e1-dd31-441b-bffe-a751c61605e8,Big Fred's Opponent,2026-02-03 06:59:06.580183+00
2fb1e8f9-8e88-4a09-b17f-ecec21024bcd,c9a3443c-9117-4209-be04-7933c51fed79,Stephen,2026-02-03 06:59:06.580183+00
2fb1e8f9-8e88-4a09-b17f-ecec21024bcd,cf4b766e-f936-41c3-bef5-f1b3ca128d92,Butch Pooch / Ace Speck,2026-02-03 06:59:06.580183+00
2fb1e8f9-8e88-4a09-b17f-ecec21024bcd,e314cd2e-82db-41fb-9c28-9801c4da2fc9,Leonide Moguy,2026-02-03 06:59:06.580183+00
2fb1e8f9-8e88-4a09-b17f-ecec21024bcd,ec30e607-850c-4826-9c40-905b4f5fc18f,Lara Lee Candie-Fitzwilly,2026-02-03 06:59:06.580183+00
2fb1e8f9-8e88-4a09-b17f-ecec21024bcd,ef044d18-83f1-4636-81aa-c006280d37b6,Mr. Stonesipher,2026-02-03 06:59:06.580183+00
34f7bbb1-80d3-4cce-9171-ffe15e8c374e,16727eac-532b-42ad-beca-4c7a05102b1f,Control Room Guard,2026-01-25 23:22:47.478881+00
34f7bbb1-80d3-4cce-9171-ffe15e8c374e,1b033d59-d5bb-440f-8e0e-583b007058b7,Benji,2026-01-25 23:22:47.478881+00
34f7bbb1-80d3-4cce-9171-ffe15e8c374e,2a3e600e-b80a-4181-be63-fa1679eaf533,Marek Stefanski,2026-01-25 23:22:47.478881+00
34f7bbb1-80d3-4cce-9171-ffe15e8c374e,2e5a1355-8ec6-46fc-8940-c5e368e01dde,Hanaway,2026-01-25 23:22:47.478881+00
34f7bbb1-80d3-4cce-9171-ffe15e8c374e,4a84e82e-aff4-46ad-9c69-b49aa336ac8c,Bogdan,2026-01-25 23:22:47.478881+00
34f7bbb1-80d3-4cce-9171-ffe15e8c374e,58ef514a-12b0-468b-adb0-2a7a84b8e7b4,Sabine Moreau,2026-01-25 23:22:47.478881+00
34f7bbb1-80d3-4cce-9171-ffe15e8c374e,660f9f8b-a720-4f8e-b93b-d59684287e8c,Jane,2026-01-25 23:22:47.478881+00
34f7bbb1-80d3-4cce-9171-ffe15e8c374e,79edf54f-689c-4737-be6e-426479e1332e,Brij Nath,2026-01-25 23:22:47.478881+00
34f7bbb1-80d3-4cce-9171-ffe15e8c374e,88a6e117-fc6b-4bf5-a2a9-79649b3ecf18,Wistrom,2026-01-25 23:22:47.478881+00
34f7bbb1-80d3-4cce-9171-ffe15e8c374e,a06ef16c-fb61-4781-8cc0-74535e6f75e7,Hendricks,2026-01-25 23:22:47.478881+00
34f7bbb1-80d3-4cce-9171-ffe15e8c374e,b0ffbfb2-2190-46bf-bd74-66a15a20efae,Control Room Guard,2026-01-25 23:22:47.478881+00
34f7bbb1-80d3-4cce-9171-ffe15e8c374e,b5bfb8d9-7c30-4cb0-84e5-f735c73f72d6,Leonid Lisenker,2026-01-25 23:22:47.478881+00
34f7bbb1-80d3-4cce-9171-ffe15e8c374e,b9065d31-9f14-4da8-bf83-f85e758d0353,Prison Guard,2026-01-25 23:22:47.478881+00
34f7bbb1-80d3-4cce-9171-ffe15e8c374e,d34c6d61-a851-453a-87c2-b87e625c2c85,Control Room Guard,2026-01-25 23:22:47.478881+00
34f7bbb1-80d3-4cce-9171-ffe15e8c374e,d82a07d4-64e8-4bf4-924c-fbdc6b034646,Burly Russian Prisoner,2026-01-25 23:22:47.478881+00
34f7bbb1-80d3-4cce-9171-ffe15e8c374e,eb6fe15e-fce6-4000-97b0-c10e088fa6d4,Brandt,2026-01-25 23:22:47.478881+00
34f7bbb1-80d3-4cce-9171-ffe15e8c374e,f1653b9a-a429-4779-9749-b4c48534e79a,The Fog,2026-01-25 23:22:47.478881+00
34f7bbb1-80d3-4cce-9171-ffe15e8c374e,f5007b0c-63df-4a2a-ad37-f6f34009867d,Control Room Guard,2026-01-25 23:22:47.478881+00
34f7bbb1-80d3-4cce-9171-ffe15e8c374e,f7c1d3b1-86da-4eae-86cc-3400bc57efe3,Ethan Hunt,2026-01-25 23:22:47.478881+00
34f7bbb1-80d3-4cce-9171-ffe15e8c374e,f98884e1-c197-4f78-8921-ac4a1c487a21,Sidorov,2026-01-25 23:22:47.478881+00
3a25b4a4-35c9-4143-a33b-67578b394c41,0b13f61c-9185-4f73-af82-c6eef4bfb5cd,Steven Murphy,2026-01-25 23:22:47.478881+00
3a25b4a4-35c9-4143-a33b-67578b394c41,1dea9718-2ecf-41d3-b6c5-6fe775c5d376,Mary Williams,2026-01-25 23:22:47.478881+00
3a25b4a4-35c9-4143-a33b-67578b394c41,2698acb0-72f8-4c79-ae05-e93746aca50e,Paramedic (uncredited),2026-01-25 23:22:47.478881+00
3a25b4a4-35c9-4143-a33b-67578b394c41,3e0d62e9-3b98-4416-8407-46df2bbb0978,Doctor at Conference and Event Dinner (uncredited),2026-01-25 23:22:47.478881+00
3a25b4a4-35c9-4143-a33b-67578b394c41,44694f63-76c0-4d7b-a60e-36ad2f8525bb,Kim Murphy,2026-01-25 23:22:47.478881+00
3a25b4a4-35c9-4143-a33b-67578b394c41,47deea08-62e6-4735-be1d-818753564a9f,Ed Thompson (Hospital Director),2026-01-25 23:22:47.478881+00
3a25b4a4-35c9-4143-a33b-67578b394c41,5d0a4f6f-3ba5-40f4-852f-7ee6af89ff64,Anna Murphy,2026-01-25 23:22:47.478881+00
3a25b4a4-35c9-4143-a33b-67578b394c41,69c36c1c-0681-4afc-8f6b-8f29786abcdf,Martin's Mother,2026-01-25 23:22:47.478881+00
3a25b4a4-35c9-4143-a33b-67578b394c41,78edb437-717c-42fb-8d7b-f59ae244cd32,Principal,2026-01-25 23:22:47.478881+00
3a25b4a4-35c9-4143-a33b-67578b394c41,873ff7f0-03e6-4d0e-ac08-0da13a1ff356,Martin Lang,2026-01-25 23:22:47.478881+00
3a25b4a4-35c9-4143-a33b-67578b394c41,a0ef3eaf-79b2-4e43-adc7-d20963b209ef,Matthew Williams,2026-01-25 23:22:47.478881+00
3a25b4a4-35c9-4143-a33b-67578b394c41,a7d68b85-2232-4fe8-aa9b-927b44ed8ee7,Patient / Fisherman (uncredited),2026-01-25 23:22:47.478881+00
3a25b4a4-35c9-4143-a33b-67578b394c41,ae3cbc7c-0845-42eb-94d0-003dcd217af9,Medical Conference Attendee (uncredited),2026-01-25 23:22:47.478881+00
3a25b4a4-35c9-4143-a33b-67578b394c41,bbf261ec-4a4b-4ac8-a369-4a86ee80d12d,Nurse (uncredited),2026-01-25 23:22:47.478881+00
3a25b4a4-35c9-4143-a33b-67578b394c41,c061fe75-bd34-43f9-8175-2bb514c5b25b,Conference Guest (uncredited),2026-01-25 23:22:47.478881+00
3a25b4a4-35c9-4143-a33b-67578b394c41,c0c265d8-b354-42da-bed5-a403edfbfc0c,Bob Murphy,2026-01-25 23:22:47.478881+00
3a25b4a4-35c9-4143-a33b-67578b394c41,c6f678b7-a505-44c9-87ae-4b8ec66c40d6,Conference Guest / Paramedic (uncredited),2026-01-25 23:22:47.478881+00
3a25b4a4-35c9-4143-a33b-67578b394c41,dad13cbd-7c5d-49ae-b485-5ed8e50eb90f,Dr. Larry Banks,2026-01-25 23:22:47.478881+00
3a25b4a4-35c9-4143-a33b-67578b394c41,ddaad3f9-07d3-4a1e-b26f-b81b26ba8d88,Doctor (Abdominal),2026-01-25 23:22:47.478881+00
3a25b4a4-35c9-4143-a33b-67578b394c41,f8360b5a-228c-427f-9c4e-c8f8e1762a9d,Elderly Man,2026-01-25 23:22:47.478881+00
3a9e3d9a-c33b-48f6-aeb6-c8ebf272727a,093de7dd-9741-4fd6-b23b-f627228a6fb0,Sergio,2026-01-25 23:22:47.478881+00
3a9e3d9a-c33b-48f6-aeb6-c8ebf272727a,3ab636b9-2e0b-49b1-a7b2-34a2a8c693ce,Broadcloth,2026-01-25 23:22:47.478881+00
3a9e3d9a-c33b-48f6-aeb6-c8ebf272727a,3af71213-ea1a-4c71-8dcc-641246555dad,Prophet,2026-01-25 23:22:47.478881+00
3a9e3d9a-c33b-48f6-aeb6-c8ebf272727a,401e6fe0-9be5-4adc-83c0-d188855b014f,Excalibur,2026-01-25 23:22:47.478881+00
3a9e3d9a-c33b-48f6-aeb6-c8ebf272727a,458c73e5-e190-4012-9416-46bfe84b00da,Mother Superior,2026-01-25 23:22:47.478881+00
3a9e3d9a-c33b-48f6-aeb6-c8ebf272727a,473ee190-afd3-4a47-ad8d-cd47413ce6f4,1st Wife,2026-01-25 23:22:47.478881+00
3a9e3d9a-c33b-48f6-aeb6-c8ebf272727a,79c6d245-c493-49c1-9d1a-47da885b9c55,Cousin Hilda,2026-01-25 23:22:47.478881+00
3a9e3d9a-c33b-48f6-aeb6-c8ebf272727a,7d0d9c96-6544-4304-8b23-02587eeb4230,Leland,2026-01-25 23:22:47.478881+00
3a9e3d9a-c33b-48f6-aeb6-c8ebf272727a,96f00448-6563-4de2-9775-5da36600b24e,The Pilot,2026-01-25 23:22:47.478881+00
3a9e3d9a-c33b-48f6-aeb6-c8ebf272727a,9c018897-876b-45f1-8a69-8a206bf27dce,Bjorn Lund,2026-01-25 23:22:47.478881+00
3a9e3d9a-c33b-48f6-aeb6-c8ebf272727a,a5ef8a96-9882-441d-b42d-8a8bd646e9d4,Uncle Nubar,2026-01-25 23:22:47.478881+00
3a9e3d9a-c33b-48f6-aeb6-c8ebf272727a,b2d40385-b91d-46fe-8c6c-b367ff06ade3,God,2026-01-25 23:22:47.478881+00
3a9e3d9a-c33b-48f6-aeb6-c8ebf272727a,b6d62e7c-6d27-4117-817c-164e341aeb90,Knave,2026-01-25 23:22:47.478881+00
3a9e3d9a-c33b-48f6-aeb6-c8ebf272727a,bd7dcfbb-4bfd-48eb-96c3-e73de72c1d08,Prince Farouk,2026-01-25 23:22:47.478881+00
3a9e3d9a-c33b-48f6-aeb6-c8ebf272727a,cff19bf0-5789-4a9c-91db-925230c0665c,Marseille Bob,2026-01-25 23:22:47.478881+00
3a9e3d9a-c33b-48f6-aeb6-c8ebf272727a,de22dc0a-3aae-4e03-949d-68259fc22b5f,Marty,2026-01-25 23:22:47.478881+00
3a9e3d9a-c33b-48f6-aeb6-c8ebf272727a,e33c4ab1-f209-41b3-88ee-938d88738db8,Field Reporter,2026-01-25 23:22:47.478881+00
3a9e3d9a-c33b-48f6-aeb6-c8ebf272727a,e9800e53-22ac-4cf1-a964-fa382e2dee7b,Reagan,2026-01-25 23:22:47.478881+00
3a9e3d9a-c33b-48f6-aeb6-c8ebf272727a,eab30bfe-5165-4288-ba7f-ef1e05bf5c3a,Sister Liesl,2026-01-25 23:22:47.478881+00
3a9e3d9a-c33b-48f6-aeb6-c8ebf272727a,f9a033c9-21ba-4770-979c-fbb238107849,Zsa-zsa Korda,2026-01-25 23:22:47.478881+00
3c0b42b1-c63b-4721-80d9-dde309096411,0882ba07-827d-4f6e-8d52-d477fa91baec,Uncle Nick,2026-02-03 07:02:20.91145+00
3c0b42b1-c63b-4721-80d9-dde309096411,1f4e77b2-c27d-4e79-bab2-7352c7859741,Chief Magistrate,2026-02-03 07:02:20.91145+00
3c0b42b1-c63b-4721-80d9-dde309096411,27aa1884-9a58-428d-b53d-e9ec50f57996,Lucinda Krementz,2026-02-03 07:02:20.91145+00
3c0b42b1-c63b-4721-80d9-dde309096411,293e2fa3-c042-429e-90ef-b4ae3cc5ade1,Herbsaint Sazerac,2026-02-03 07:02:20.91145+00
3c0b42b1-c63b-4721-80d9-dde309096411,3a701bb6-2151-43a7-b2a4-d53853000f1d,Upshur 'Maw' Clampette,2026-02-03 07:02:20.91145+00
3c0b42b1-c63b-4721-80d9-dde309096411,52f1f8f8-3c67-45ff-873b-b8e48eade869,Zeffirelli,2026-02-03 07:02:20.91145+00
3c0b42b1-c63b-4721-80d9-dde309096411,58ef514a-12b0-468b-adb0-2a7a84b8e7b4,Simone,2026-02-03 07:02:20.91145+00
3c0b42b1-c63b-4721-80d9-dde309096411,77c0792d-afc9-4fc4-a563-74dd43f9fd3b,Head Caterer,2026-02-03 07:02:20.91145+00
3c0b42b1-c63b-4721-80d9-dde309096411,819e8278-13da-405d-93d4-ed37085730ec,Uncle Joe,2026-02-03 07:02:20.91145+00
3c0b42b1-c63b-4721-80d9-dde309096411,83a732d8-5cac-43c5-b58e-31647c7591a2,Prison Guard,2026-02-03 07:02:20.91145+00
3c0b42b1-c63b-4721-80d9-dde309096411,96f00448-6563-4de2-9775-5da36600b24e,Nescaffier,2026-02-03 07:02:20.91145+00
3c0b42b1-c63b-4721-80d9-dde309096411,9980cb75-7d9c-4797-9adb-a6d26b01c14c,Young Rosenthaler,2026-02-03 07:02:20.91145+00
3c0b42b1-c63b-4721-80d9-dde309096411,9b7828ba-c752-4ca4-864f-577bdb63f90a,J.K.L. Berensen,2026-02-03 07:02:20.91145+00
3c0b42b1-c63b-4721-80d9-dde309096411,b2d40385-b91d-46fe-8c6c-b367ff06ade3,"Arthur Howitzer, Jr.",2026-02-03 07:02:20.91145+00
3c0b42b1-c63b-4721-80d9-dde309096411,b72c7eb1-4df5-4614-8c5d-d5a230213888,Julian Cadazio,2026-02-03 07:02:20.91145+00
3c0b42b1-c63b-4721-80d9-dde309096411,cff19bf0-5789-4a9c-91db-925230c0665c,The Commissaire,2026-02-03 07:02:20.91145+00
3c0b42b1-c63b-4721-80d9-dde309096411,de22dc0a-3aae-4e03-949d-68259fc22b5f,Roebuck Wright,2026-02-03 07:02:20.91145+00
3c0b42b1-c63b-4721-80d9-dde309096411,efe1a079-604c-4358-ab7b-8e159abaab04,Juliette,2026-02-03 07:02:20.91145+00
3c0b42b1-c63b-4721-80d9-dde309096411,f9a033c9-21ba-4770-979c-fbb238107849,Moses Rosenthaler,2026-02-03 07:02:20.91145+00
3c0b42b1-c63b-4721-80d9-dde309096411,ffbd9c73-b19e-4325-a928-bfb890dc4a46,Girlfriend,2026-02-03 07:02:20.91145+00
3cd2e735-a7b3-4ae2-b968-6b3eb081066e,2a0b7e2f-2611-424a-b203-409d8492afa7,Dr. Collins,2026-01-25 23:22:47.478881+00
3cd2e735-a7b3-4ae2-b968-6b3eb081066e,3d4504c5-e451-4709-8b89-d5a966896a84,Homeless Woman Maria,2026-01-25 23:22:47.478881+00
3cd2e735-a7b3-4ae2-b968-6b3eb081066e,45699f7b-7788-4c83-ad81-542b2c90c87e,Cletus Kasady / Carnage,2026-01-25 23:22:47.478881+00
3cd2e735-a7b3-4ae2-b968-6b3eb081066e,56ab2f8c-0eb3-460d-9a66-a4cd225898b9,Eddie's TV Producer,2026-01-25 23:22:47.478881+00
3cd2e735-a7b3-4ae2-b968-6b3eb081066e,5ea1e413-9957-491e-8f72-9132912093d7,Malaysia EMT / Riot Host,2026-01-25 23:22:47.478881+00
3cd2e735-a7b3-4ae2-b968-6b3eb081066e,6084f551-ca59-4182-ba31-32b6b52a94ae,Lewis Donate,2026-01-25 23:22:47.478881+00
3cd2e735-a7b3-4ae2-b968-6b3eb081066e,6d9cc007-d912-4edc-ae0a-3f845bb2bdef,Drake Interview Guard #1,2026-01-25 23:22:47.478881+00
3cd2e735-a7b3-4ae2-b968-6b3eb081066e,7cc5a9ea-3467-4d0f-a575-d02593df0d2c,Mrs. Chen,2026-01-25 23:22:47.478881+00
3cd2e735-a7b3-4ae2-b968-6b3eb081066e,831c891a-9560-4fa7-8a52-4116fddc7b7a,Allie,2026-01-25 23:22:47.478881+00
3cd2e735-a7b3-4ae2-b968-6b3eb081066e,876fe812-704d-4b9c-9bf9-fb8983f3739f,Dr. Emerson,2026-01-25 23:22:47.478881+00
3cd2e735-a7b3-4ae2-b968-6b3eb081066e,88348765-3aa4-44ce-bd58-17d9d630ee3c,Lobby Guard Richard,2026-01-25 23:22:47.478881+00
3cd2e735-a7b3-4ae2-b968-6b3eb081066e,8a3531bd-ff6f-4046-9d53-6d5e81c43c45,Dr. Dan Lewis,2026-01-25 23:22:47.478881+00
3cd2e735-a7b3-4ae2-b968-6b3eb081066e,8f6e6002-74c5-4f5e-9465-24179b65be53,Eddie Brock / Venom,2026-01-25 23:22:47.478881+00
3cd2e735-a7b3-4ae2-b968-6b3eb081066e,bd60047b-6446-4707-b809-8f3f97a19fa9,Anne Weying,2026-01-25 23:22:47.478881+00
3cd2e735-a7b3-4ae2-b968-6b3eb081066e,bd7dcfbb-4bfd-48eb-96c3-e73de72c1d08,Carlton Drake / Riot,2026-01-25 23:22:47.478881+00
3cd2e735-a7b3-4ae2-b968-6b3eb081066e,c3b4f278-178a-4fbf-8bcd-ff23ff4d4c9d,Drake Interview Guard #2,2026-01-25 23:22:47.478881+00
3cd2e735-a7b3-4ae2-b968-6b3eb081066e,d6d431cf-7d5c-45c9-99b6-4b9c47836086,Mission Control Translator,2026-01-25 23:22:47.478881+00
3cd2e735-a7b3-4ae2-b968-6b3eb081066e,dfc31125-5eb0-44eb-ad92-8461cbd833e5,Astronaut J. J. Jameson III,2026-01-25 23:22:47.478881+00
3cd2e735-a7b3-4ae2-b968-6b3eb081066e,e7f21002-e064-41da-8bba-748dc460cb52,Security Chief Roland Treece,2026-01-25 23:22:47.478881+00
3cd2e735-a7b3-4ae2-b968-6b3eb081066e,f7ed1f41-e571-427c-9077-f054a4aa8dcf,Dr. Dora Skirth,2026-01-25 23:22:47.478881+00
3dbc0fa6-acbe-407d-94e7-b83f483a5a25,001646c5-0c55-48c2-8cfe-7a33bca7e944,DIA,2026-01-25 23:22:47.478881+00
3dbc0fa6-acbe-407d-94e7-b83f483a5a25,063ed5ee-80c3-46ce-825c-fc9660d8f91d,Degas,2026-01-25 23:22:47.478881+00
3dbc0fa6-acbe-407d-94e7-b83f483a5a25,073fbfcb-f7ac-423b-89d9-ef275d7c1f7f,Paris,2026-01-25 23:22:47.478881+00
3dbc0fa6-acbe-407d-94e7-b83f483a5a25,1b033d59-d5bb-440f-8e0e-583b007058b7,Benji Dunn,2026-01-25 23:22:47.478881+00
3dbc0fa6-acbe-407d-94e7-b83f483a5a25,20d74867-78f1-4806-bcf7-44f7a1ec691c,Zola,2026-01-25 23:22:47.478881+00
3dbc0fa6-acbe-407d-94e7-b83f483a5a25,27a81bed-3756-41b0-8c0a-63118dd41d69,JSOC,2026-01-25 23:22:47.478881+00
3dbc0fa6-acbe-407d-94e7-b83f483a5a25,32915a65-6503-4e89-b78e-c03b052eb577,NSA,2026-01-25 23:22:47.478881+00
3dbc0fa6-acbe-407d-94e7-b83f483a5a25,3e98fdc1-5b03-40e0-89da-0c91471b329f,Luther Stickell,2026-01-25 23:22:47.478881+00
3dbc0fa6-acbe-407d-94e7-b83f483a5a25,44c48482-ad9f-4ce0-a26e-283aec88220b,Marie,2026-01-25 23:22:47.478881+00
3dbc0fa6-acbe-407d-94e7-b83f483a5a25,476b7ce7-ec8c-43d8-874e-60bf3f7a46b7,Gabriel,2026-01-25 23:22:47.478881+00
3dbc0fa6-acbe-407d-94e7-b83f483a5a25,5a384060-e94e-4ce4-b14a-4bd0a8168799,Denlinger,2026-01-25 23:22:47.478881+00
3dbc0fa6-acbe-407d-94e7-b83f483a5a25,5d111cfa-5114-4601-b265-ad683cc472e8,NRO,2026-01-25 23:22:47.478881+00
3dbc0fa6-acbe-407d-94e7-b83f483a5a25,62b843eb-4a74-40ed-ad98-5cce01cae121,Masked Adjutant,2026-01-25 23:22:47.478881+00
3dbc0fa6-acbe-407d-94e7-b83f483a5a25,697f54af-8e86-4f85-a714-c74184a4eacb,Kittridge,2026-01-25 23:22:47.478881+00
3dbc0fa6-acbe-407d-94e7-b83f483a5a25,773b207b-dbb4-4995-b991-6ddcd48b3dad,Grace,2026-01-25 23:22:47.478881+00
3dbc0fa6-acbe-407d-94e7-b83f483a5a25,9f0b494f-71eb-49f9-ab0e-96799b498d22,The White Widow,2026-01-25 23:22:47.478881+00
3dbc0fa6-acbe-407d-94e7-b83f483a5a25,ae4328b3-83bf-4a30-860f-be733a74c0ab,Adjutant,2026-01-25 23:22:47.478881+00
3dbc0fa6-acbe-407d-94e7-b83f483a5a25,bdc8e693-c60b-4ce8-85fa-7537bf904e15,Briggs,2026-01-25 23:22:47.478881+00
3dbc0fa6-acbe-407d-94e7-b83f483a5a25,d0ac9105-d77a-4e23-a2eb-940c481b9e5b,Ilsa Faust,2026-01-25 23:22:47.478881+00
3dbc0fa6-acbe-407d-94e7-b83f483a5a25,f7c1d3b1-86da-4eae-86cc-3400bc57efe3,Ethan Hunt,2026-01-25 23:22:47.478881+00
3e69e1bc-90ae-4c08-9496-b70c75b7d523,0aee18dd-723b-48c8-9991-d807492290b9,Darth Vader,2026-01-25 23:22:47.478881+00
3e69e1bc-90ae-4c08-9496-b70c75b7d523,10587fa7-54f1-40cd-814d-c34eb3a5fd89,Lando Calrissian,2026-01-25 23:22:47.478881+00
3e69e1bc-90ae-4c08-9496-b70c75b7d523,258ab6f9-1a0f-4a25-8525-8ed15ebf7eb9,Han Solo,2026-01-25 23:22:47.478881+00
3e69e1bc-90ae-4c08-9496-b70c75b7d523,28a749f2-7a49-45bd-b352-96e0c8876e53,Moff Jerjerrod,2026-01-25 23:22:47.478881+00
3e69e1bc-90ae-4c08-9496-b70c75b7d523,31c1d55d-ccbf-4f43-bcce-3283a8a1a364,C-3PO,2026-01-25 23:22:47.478881+00
3e69e1bc-90ae-4c08-9496-b70c75b7d523,338e7d95-14b4-44fb-bb6e-fc57efb59ecc,Admiral Piett,2026-01-25 23:22:47.478881+00
3e69e1bc-90ae-4c08-9496-b70c75b7d523,53a2450e-eaca-45ac-bd33-b4ed47b9377d,R2-D2 / Paploo,2026-01-25 23:22:47.478881+00
3e69e1bc-90ae-4c08-9496-b70c75b7d523,6040dd7d-77b8-4bec-b5ed-cdb9e105a5c2,Mon Mothma,2026-01-25 23:22:47.478881+00
3e69e1bc-90ae-4c08-9496-b70c75b7d523,8035d8a2-1dfe-4e89-a43d-06a3d8fb28ba,Admiral Ackbar,2026-01-25 23:22:47.478881+00
3e69e1bc-90ae-4c08-9496-b70c75b7d523,885b6352-4d2c-48f2-867c-231abf95f7e0,Bib Fortuna,2026-01-25 23:22:47.478881+00
3e69e1bc-90ae-4c08-9496-b70c75b7d523,a90a4e30-cad7-41c8-b3da-c7142fca8c4b,Wedge,2026-01-25 23:22:47.478881+00
3e69e1bc-90ae-4c08-9496-b70c75b7d523,af8d8c3b-96ca-4a27-85da-fdb0a2a25dff,Yoda (voice),2026-01-25 23:22:47.478881+00
3e69e1bc-90ae-4c08-9496-b70c75b7d523,bbf0332f-23b9-4716-b1ce-295964442592,Anakin Skywalker,2026-01-25 23:22:47.478881+00
3e69e1bc-90ae-4c08-9496-b70c75b7d523,bfdf0cff-021e-45dc-8ef4-aa2f99da5464,Darth Vader (voice),2026-01-25 23:22:47.478881+00
3e69e1bc-90ae-4c08-9496-b70c75b7d523,c3cefe7e-b7ad-4f7e-bb8f-834ce0613d36,Luke Skywalker,2026-01-25 23:22:47.478881+00
3e69e1bc-90ae-4c08-9496-b70c75b7d523,c96916d8-47c7-4c61-866f-6dd9c8f92f2c,Ben 'Obi-Wan' Kenobi,2026-01-25 23:22:47.478881+00
3e69e1bc-90ae-4c08-9496-b70c75b7d523,d4e791b7-a78f-4fe3-afe8-8941852cb8ce,General Madine,2026-01-25 23:22:47.478881+00
3e69e1bc-90ae-4c08-9496-b70c75b7d523,e37b4039-3bae-4cf7-bd93-c148764d8f5a,The Emperor,2026-01-25 23:22:47.478881+00
3e69e1bc-90ae-4c08-9496-b70c75b7d523,f71ed144-2460-4ea0-a386-614b5b2126d1,Princess Leia,2026-01-25 23:22:47.478881+00
3e69e1bc-90ae-4c08-9496-b70c75b7d523,f97a927d-3c6d-4092-8185-623111d01c6e,Chewbacca,2026-01-25 23:22:47.478881+00
3ef80d20-7a96-43d9-a241-048113e8beaf,1dcfeec4-6507-4f78-ad3c-6c680b3233c7,Luv,2026-01-25 23:22:47.478881+00
3ef80d20-7a96-43d9-a241-048113e8beaf,22469a6e-1384-40b4-a801-907bf4ea8760,'K',2026-01-25 23:22:47.478881+00
3ef80d20-7a96-43d9-a241-048113e8beaf,258ab6f9-1a0f-4a25-8525-8ed15ebf7eb9,Rick Deckard,2026-01-25 23:22:47.478881+00
3ef80d20-7a96-43d9-a241-048113e8beaf,4da04226-bd89-42fd-9601-a5168c8bed89,Gaff,2026-01-25 23:22:47.478881+00
3ef80d20-7a96-43d9-a241-048113e8beaf,59d25994-d281-4432-a52f-b027ee0ce55b,Nandez,2026-01-25 23:22:47.478881+00
3ef80d20-7a96-43d9-a241-048113e8beaf,5b8841ea-89c6-438f-9f9a-6d5bf48cc2b5,Joi,2026-01-25 23:22:47.478881+00
3ef80d20-7a96-43d9-a241-048113e8beaf,7c2cca2a-20cc-4b04-91f7-fca5bf08a2fb,Doc Badger,2026-01-25 23:22:47.478881+00
3ef80d20-7a96-43d9-a241-048113e8beaf,9295d1cb-dfc1-47fa-8da7-a1f34ab12adc,Rachael,2026-01-25 23:22:47.478881+00
3ef80d20-7a96-43d9-a241-048113e8beaf,97aa9cc8-f6cd-464a-89be-46b2ff2faf03,File Clerk,2026-01-25 23:22:47.478881+00
3ef80d20-7a96-43d9-a241-048113e8beaf,9a7811eb-ef7d-4b27-9597-ec4e199d2f41,Mariette,2026-01-25 23:22:47.478881+00
3ef80d20-7a96-43d9-a241-048113e8beaf,b54c8fbd-811e-48fd-951d-fb3dc925de1d,Lieutenant Joshi,2026-01-25 23:22:47.478881+00
3ef80d20-7a96-43d9-a241-048113e8beaf,b8610be2-c5f7-4bf2-be06-31dd12b0e554,Freysa,2026-01-25 23:22:47.478881+00
3ef80d20-7a96-43d9-a241-048113e8beaf,c1ebed8d-cd2c-4bbf-bf7e-d649abfbe0f0,Interviewer,2026-01-25 23:22:47.478881+00
3ef80d20-7a96-43d9-a241-048113e8beaf,c9291213-b36f-4fb0-aac6-bfda2ef72185,Coco,2026-01-25 23:22:47.478881+00
3ef80d20-7a96-43d9-a241-048113e8beaf,e775446b-f914-4fe2-96b8-14dca3f52b7a,Dr. Ana Stelline,2026-01-25 23:22:47.478881+00
3ef80d20-7a96-43d9-a241-048113e8beaf,eb62f697-44ae-4a99-b0bf-4292b79e8f55,Mister Cotton,2026-01-25 23:22:47.478881+00
3ef80d20-7a96-43d9-a241-048113e8beaf,ee326e95-44e5-44d2-a6af-8a3eca3ae589,Niander Wallace,2026-01-25 23:22:47.478881+00
3ef80d20-7a96-43d9-a241-048113e8beaf,eed1d4e4-a6d4-4c90-932c-fa7b341fe2d1,Replicant,2026-01-25 23:22:47.478881+00
3ef80d20-7a96-43d9-a241-048113e8beaf,f3c684b9-3610-4d0d-996b-b1bebd2b9e5e,Sapper Morton,2026-01-25 23:22:47.478881+00
3ef80d20-7a96-43d9-a241-048113e8beaf,f8283181-3ac4-47bb-a837-c6d74a3ff4f0,Rachael Double,2026-01-25 23:22:47.478881+00
3f5ee6dd-e3fd-4e84-8269-1ff8a8a8c735,0096a543-aab1-4fc5-b743-cc39146313f8,Tommy,2026-02-03 06:53:54.92923+00
3f5ee6dd-e3fd-4e84-8269-1ff8a8a8c735,07aa6b32-bab2-4d23-95ed-ee8a8dbe0df1,Sgt Laerrus,2026-02-03 06:53:54.92923+00
3f5ee6dd-e3fd-4e84-8269-1ff8a8a8c735,1cf6a837-e629-4fac-8ab3-e6567e2d0394,Ray,2026-02-03 06:53:54.92923+00
3f5ee6dd-e3fd-4e84-8269-1ff8a8a8c735,2812fffa-0bae-4cf7-bb99-a4f83418ff5d,Sam,2026-02-03 06:53:54.92923+00
3f5ee6dd-e3fd-4e84-8269-1ff8a8a8c735,2b842612-d4e8-4a98-be4c-80543454a56f,Brian,2026-02-03 06:53:54.92923+00
3f5ee6dd-e3fd-4e84-8269-1ff8a8a8c735,2e517d4c-60cf-48e5-aaa6-c2469b88acd5,Frank,2026-02-03 06:53:54.92923+00
3f5ee6dd-e3fd-4e84-8269-1ff8a8a8c735,2f136a73-c9fb-40ba-901d-7a620d2600dc,Pete,2026-02-03 06:53:54.92923+00
3f5ee6dd-e3fd-4e84-8269-1ff8a8a8c735,3844660d-d117-417d-b05c-37c0e1cd9ba6,Erik,2026-02-03 06:53:54.92923+00
3f5ee6dd-e3fd-4e84-8269-1ff8a8a8c735,388ad223-de54-49c8-9c1e-5dbde22af140,Ted,2026-02-03 06:53:54.92923+00
3f5ee6dd-e3fd-4e84-8269-1ff8a8a8c735,432aa713-6737-4488-a81b-1cfb78817a06,Elliott,2026-02-03 06:53:54.92923+00
3f5ee6dd-e3fd-4e84-8269-1ff8a8a8c735,51e267da-73c0-43bd-9157-7dd0f76e0e5e,Lt. MacDonald,2026-02-03 06:53:54.92923+00
3f5ee6dd-e3fd-4e84-8269-1ff8a8a8c735,7c9299ab-45a3-4c76-8f44-49b643dc8146,Brock,2026-02-03 06:53:54.92923+00
3f5ee6dd-e3fd-4e84-8269-1ff8a8a8c735,849b1373-fe3d-4f78-a8b5-58e67ef1a653,AJ,2026-02-03 06:53:54.92923+00
3f5ee6dd-e3fd-4e84-8269-1ff8a8a8c735,884572fa-79cb-427a-836b-10e2c9260994,Jake,2026-02-03 06:53:54.92923+00
3f5ee6dd-e3fd-4e84-8269-1ff8a8a8c735,90b57bdf-7932-4931-b05a-a24247e58482,Bob,2026-02-03 06:53:54.92923+00
3f5ee6dd-e3fd-4e84-8269-1ff8a8a8c735,91c934e5-c622-44ff-8488-086e865884e1,John,2026-02-03 06:53:54.92923+00
3f5ee6dd-e3fd-4e84-8269-1ff8a8a8c735,9620b3a1-d1c7-4f79-96bc-86213689f6d2,Mo,2026-02-03 06:53:54.92923+00
3f5ee6dd-e3fd-4e84-8269-1ff8a8a8c735,b7ab49f6-0401-4403-a38f-b4786c4e42fe,Mikey,2026-02-03 06:53:54.92923+00
3f5ee6dd-e3fd-4e84-8269-1ff8a8a8c735,ccee47db-980c-4904-b425-850bbff0eb7f,Kelly,2026-02-03 06:53:54.92923+00
3f5ee6dd-e3fd-4e84-8269-1ff8a8a8c735,d22664dd-fdb1-4477-b8c8-2b91d931b38d,Aaron,2026-02-03 06:53:54.92923+00
400cf67b-aec6-4345-964f-e4ad676d4d72,14dfc0cd-cac7-424d-bde6-838b6d6038a4,Lurtz,2026-01-25 23:22:47.478881+00
400cf67b-aec6-4345-964f-e4ad676d4d72,22baab50-72b5-4d7d-bb4a-d6b41619f61d,Haldir,2026-01-25 23:22:47.478881+00
400cf67b-aec6-4345-964f-e4ad676d4d72,2c06f1e7-d894-44d4-899c-84bc6b0b0703,Arwen,2026-01-25 23:22:47.478881+00
400cf67b-aec6-4345-964f-e4ad676d4d72,2e62e503-59df-4f1c-9895-24bd57e804b4,Frodo,2026-01-25 23:22:47.478881+00
400cf67b-aec6-4345-964f-e4ad676d4d72,2eb191fa-7873-48de-a773-0d0de7731754,Merry,2026-01-25 23:22:47.478881+00
400cf67b-aec6-4345-964f-e4ad676d4d72,4159bb04-f1a7-4969-92a4-b4f03eb87346,Aragorn,2026-01-25 23:22:47.478881+00
400cf67b-aec6-4345-964f-e4ad676d4d72,554624e7-41ee-4864-80fa-f138574ca32e,Gimli,2026-01-25 23:22:47.478881+00
400cf67b-aec6-4345-964f-e4ad676d4d72,5cd76341-17e7-437f-8823-3b0e32955e14,Witch-King,2026-01-25 23:22:47.478881+00
400cf67b-aec6-4345-964f-e4ad676d4d72,5f59dd58-778d-407d-8fbd-c6d7e1be7792,Bilbo,2026-01-25 23:22:47.478881+00
400cf67b-aec6-4345-964f-e4ad676d4d72,7a2e0ffd-3e34-4d67-a400-c1e8cfd6e8dc,Legolas,2026-01-25 23:22:47.478881+00
400cf67b-aec6-4345-964f-e4ad676d4d72,8a65e4ee-efe8-4024-949b-afee37081be8,Gandalf,2026-01-25 23:22:47.478881+00
400cf67b-aec6-4345-964f-e4ad676d4d72,8f097684-c6f4-4597-a789-9b098ab763f8,Sam,2026-01-25 23:22:47.478881+00
400cf67b-aec6-4345-964f-e4ad676d4d72,9a2777f6-4aa1-49dd-937b-63748fc5c53a,Gollum,2026-01-25 23:22:47.478881+00
400cf67b-aec6-4345-964f-e4ad676d4d72,af869e55-d244-4737-939c-2556598ab7a1,Celeborn,2026-01-25 23:22:47.478881+00
400cf67b-aec6-4345-964f-e4ad676d4d72,b60eb2f4-f839-4013-b00f-ce0ce25b8d54,Boromir,2026-01-25 23:22:47.478881+00
400cf67b-aec6-4345-964f-e4ad676d4d72,bf630b64-6b2d-4f54-af2e-19f9b61c7add,Pippin,2026-01-25 23:22:47.478881+00
400cf67b-aec6-4345-964f-e4ad676d4d72,c1e6f7dd-e1a8-4fa4-bb79-993bcc82e1b9,Elrond,2026-01-25 23:22:47.478881+00
400cf67b-aec6-4345-964f-e4ad676d4d72,d25c3813-336c-4c9e-9a85-91c8bbf9fd7b,Saruman,2026-01-25 23:22:47.478881+00
400cf67b-aec6-4345-964f-e4ad676d4d72,e6e62dea-2c83-4f80-baa5-75b9de83e969,Sauron,2026-01-25 23:22:47.478881+00
400cf67b-aec6-4345-964f-e4ad676d4d72,e970be33-901b-436d-8417-5379757a9fb1,Galadriel,2026-01-25 23:22:47.478881+00
417f300b-0eda-4911-98b2-ea2b3edb85bf,0020e8d4-4d29-471f-9e95-817f9e9e324d,Bomber Harris,2026-02-03 06:53:39.312707+00
417f300b-0eda-4911-98b2-ea2b3edb85bf,077ea7c7-3c0b-429e-a8b1-1890c47764c0,Doug The Head,2026-02-03 06:53:39.312707+00
417f300b-0eda-4911-98b2-ea2b3edb85bf,0fd48181-f902-4ada-9bc5-648e4489ff02,Errol,2026-02-03 06:53:39.312707+00
417f300b-0eda-4911-98b2-ea2b3edb85bf,30d9930b-5be3-46d5-a8f2-173483a1cc66,Brick Top,2026-02-03 06:53:39.312707+00
417f300b-0eda-4911-98b2-ea2b3edb85bf,4e9fffaf-d67d-4bef-b844-6b58419f4984,Darren,2026-02-03 06:53:39.312707+00
417f300b-0eda-4911-98b2-ea2b3edb85bf,57001273-b8c0-4ce7-9c8e-f4420a8cb216,Vinny,2026-02-03 06:53:39.312707+00
417f300b-0eda-4911-98b2-ea2b3edb85bf,67ec850d-7783-489f-af5a-451b2db7b8c0,Boris The Blade,2026-02-03 06:53:39.312707+00
417f300b-0eda-4911-98b2-ea2b3edb85bf,9244ad6c-39c7-4971-a828-d97050d48052,John,2026-02-03 06:53:39.312707+00
417f300b-0eda-4911-98b2-ea2b3edb85bf,93f7ec25-3143-4549-a955-3cc7653ee1ee,Tommy,2026-02-03 06:53:39.312707+00
417f300b-0eda-4911-98b2-ea2b3edb85bf,9ab351b8-179c-4135-9a3e-725d170febf0,Mickey O'Neil,2026-02-03 06:53:39.312707+00
417f300b-0eda-4911-98b2-ea2b3edb85bf,9b74f3d8-e4df-46ff-8f3c-af9479d76c48,The Russian,2026-02-03 06:53:39.312707+00
417f300b-0eda-4911-98b2-ea2b3edb85bf,a06536f7-f708-478d-b3b4-ce15193af453,Bullet Tooth Tony,2026-02-03 06:53:39.312707+00
417f300b-0eda-4911-98b2-ea2b3edb85bf,b650623c-b5a3-468c-9750-c504316940fd,Turkish,2026-02-03 06:53:39.312707+00
417f300b-0eda-4911-98b2-ea2b3edb85bf,c8819062-3c90-42df-ac98-32a22b7a722a,MC,2026-02-03 06:53:39.312707+00
417f300b-0eda-4911-98b2-ea2b3edb85bf,d2d13857-7486-46df-b5fd-9eacf94f2f6d,Mum O'Neil,2026-02-03 06:53:39.312707+00
417f300b-0eda-4911-98b2-ea2b3edb85bf,d6947916-76dc-42ed-8700-b40518f8c8b4,Avi,2026-02-03 06:53:39.312707+00
417f300b-0eda-4911-98b2-ea2b3edb85bf,e515313c-91e1-4d2d-ab27-85dda2f0b49d,Tyrone,2026-02-03 06:53:39.312707+00
417f300b-0eda-4911-98b2-ea2b3edb85bf,eb62f697-44ae-4a99-b0bf-4292b79e8f55,Sol,2026-02-03 06:53:39.312707+00
417f300b-0eda-4911-98b2-ea2b3edb85bf,ee4e4173-369c-4475-a3d1-1c8cbff98aff,Mullet,2026-02-03 06:53:39.312707+00
417f300b-0eda-4911-98b2-ea2b3edb85bf,f9a033c9-21ba-4770-979c-fbb238107849,Franky Four Fingers,2026-02-03 06:53:39.312707+00
41ed2834-1748-4b37-a748-7965ba021030,12cecd0b-0a5a-43cf-b60d-b5963e46abdb,Deertz,2026-02-03 07:02:02.510498+00
41ed2834-1748-4b37-a748-7965ba021030,18a21a58-42bc-4992-bbc9-c9d18834caee,Bazooka Boy,2026-02-03 07:02:02.510498+00
41ed2834-1748-4b37-a748-7965ba021030,1d21368d-aa7f-4229-beb0-9e5fe1f28c8b,Herr Klum,2026-02-03 07:02:02.510498+00
41ed2834-1748-4b37-a748-7965ba021030,1d9c30bf-046d-449a-ae64-02e717cd6dd1,Doctor,2026-02-03 07:02:02.510498+00
41ed2834-1748-4b37-a748-7965ba021030,28afa42f-d023-4d39-aefd-bdfde633465d,Christoph,2026-02-03 07:02:02.510498+00
41ed2834-1748-4b37-a748-7965ba021030,358b278e-fd01-4bd5-adda-c66a0cdc9f8b,Russian Soldier,2026-02-03 07:02:02.510498+00
41ed2834-1748-4b37-a748-7965ba021030,3d17a539-b372-44d5-bab8-15887ed83f9f,Yorki,2026-02-03 07:02:02.510498+00
41ed2834-1748-4b37-a748-7965ba021030,41b300d5-b5fe-4b9e-9b98-7b7d2a7f959c,Captain Klenzendorf,2026-02-03 07:02:02.510498+00
41ed2834-1748-4b37-a748-7965ba021030,428ac6ba-f4d9-4d1c-8bb0-66d8625301b3,Hans,2026-02-03 07:02:02.510498+00
41ed2834-1748-4b37-a748-7965ba021030,6b853c47-050f-4dda-85d3-6317a47f8a40,Adolf,2026-02-03 07:02:02.510498+00
41ed2834-1748-4b37-a748-7965ba021030,76ba91e3-7689-44c4-95d0-53721dcc1538,Herr Frosch,2026-02-03 07:02:02.510498+00
41ed2834-1748-4b37-a748-7965ba021030,79c6d245-c493-49c1-9d1a-47da885b9c55,Rosie,2026-02-03 07:02:02.510498+00
41ed2834-1748-4b37-a748-7965ba021030,9166a2e4-862f-45de-800d-0a19aa324d23,Clone,2026-02-03 07:02:02.510498+00
41ed2834-1748-4b37-a748-7965ba021030,92d6791a-7296-4482-a883-7766f582243b,Elsa,2026-02-03 07:02:02.510498+00
41ed2834-1748-4b37-a748-7965ba021030,a05d5747-9f89-4469-86a8-174e30c36b90,Herr Junker,2026-02-03 07:02:02.510498+00
41ed2834-1748-4b37-a748-7965ba021030,a087e1d1-631c-4819-8468-b7a3e9bae3af,Jojo,2026-02-03 07:02:02.510498+00
41ed2834-1748-4b37-a748-7965ba021030,a2784b34-0b63-48a8-9bfe-398b512afe56,Clone,2026-02-03 07:02:02.510498+00
41ed2834-1748-4b37-a748-7965ba021030,a757e91e-19e4-4e28-a0a2-61b21474fc8e,Herr Mueller,2026-02-03 07:02:02.510498+00
41ed2834-1748-4b37-a748-7965ba021030,d798a076-d2e3-4f6a-be47-b7fbcc5bc54b,Finkel,2026-02-03 07:02:02.510498+00
41ed2834-1748-4b37-a748-7965ba021030,ec1f1f87-e12d-478f-a1b6-2fcb72c1dd3a,Fraulein Rahm,2026-02-03 07:02:02.510498+00
433ae44f-0591-4b36-b10b-3e5ad96d3f61,0e6108e1-5e1d-4e56-b3b8-6fa0c6793297,Congressman,2026-01-25 23:22:47.478881+00
433ae44f-0591-4b36-b10b-3e5ad96d3f61,10cf3847-f149-45e3-bb6b-a8c914a98396,Commissioner Gordon,2026-01-25 23:22:47.478881+00
433ae44f-0591-4b36-b10b-3e5ad96d3f61,1d5f47a8-a490-4622-9b30-78002d6c8e5b,CIA Op,2026-01-25 23:22:47.478881+00
433ae44f-0591-4b36-b10b-3e5ad96d3f61,27cf9e07-d8a2-48af-a9be-197741de779f,Dr. Pavel,2026-01-25 23:22:47.478881+00
433ae44f-0591-4b36-b10b-3e5ad96d3f61,2ad14183-e427-473a-918b-98d6d4f20d9f,Fox,2026-01-25 23:22:47.478881+00
433ae44f-0591-4b36-b10b-3e5ad96d3f61,586c7398-244c-465a-bd3c-42352eef005d,Daggett,2026-01-25 23:22:47.478881+00
433ae44f-0591-4b36-b10b-3e5ad96d3f61,70f2bca5-b2d7-4324-8394-de9cf1d1e22c,Special Ops Sergeant,2026-01-25 23:22:47.478881+00
433ae44f-0591-4b36-b10b-3e5ad96d3f61,738ddf74-86cb-4684-8f4d-30a928e0a1b4,Hooded Man #2,2026-01-25 23:22:47.478881+00
433ae44f-0591-4b36-b10b-3e5ad96d3f61,78f9c07f-9783-422e-ace1-b6eb07f0a61e,Miranda,2026-01-25 23:22:47.478881+00
433ae44f-0591-4b36-b10b-3e5ad96d3f61,8522b8f3-8cb5-4fef-a0d1-aa2909de6121,Stryver,2026-01-25 23:22:47.478881+00
433ae44f-0591-4b36-b10b-3e5ad96d3f61,8f6e6002-74c5-4f5e-9465-24179b65be53,Bane,2026-01-25 23:22:47.478881+00
433ae44f-0591-4b36-b10b-3e5ad96d3f61,a1ec3e04-0449-4d25-8d88-0686768fb67e,Bruce Wayne,2026-01-25 23:22:47.478881+00
433ae44f-0591-4b36-b10b-3e5ad96d3f61,a3f67a09-bd87-4870-bb68-e15baa605d14,Alfred,2026-01-25 23:22:47.478881+00
433ae44f-0591-4b36-b10b-3e5ad96d3f61,a472bb6e-b852-46fd-9309-8a8436d572e0,Maid #2,2026-01-25 23:22:47.478881+00
433ae44f-0591-4b36-b10b-3e5ad96d3f61,a6115430-cf1c-4a2a-b47f-cb1905352fee,Mayor,2026-01-25 23:22:47.478881+00
433ae44f-0591-4b36-b10b-3e5ad96d3f61,bda2c41b-b51c-4130-b351-1b121fab4add,Captain Jones,2026-01-25 23:22:47.478881+00
433ae44f-0591-4b36-b10b-3e5ad96d3f61,d5d0df30-7794-4080-9b70-92c06ee280bf,Foley,2026-01-25 23:22:47.478881+00
433ae44f-0591-4b36-b10b-3e5ad96d3f61,d6c62c93-0ed3-457d-8d7a-0da38a65b4ce,Selina,2026-01-25 23:22:47.478881+00
433ae44f-0591-4b36-b10b-3e5ad96d3f61,dc485178-6b95-441e-a6f4-39f8ad61eaa6,Caterer,2026-01-25 23:22:47.478881+00
433ae44f-0591-4b36-b10b-3e5ad96d3f61,f63fdb92-3012-4121-a252-613dd4f05349,Blake,2026-01-25 23:22:47.478881+00
439729aa-1170-4427-8cf8-eca8c7cfb3e5,08cfb854-624d-4e43-921b-8893d788477e,Elizabeth Swann,2026-01-25 23:22:47.478881+00
439729aa-1170-4427-8cf8-eca8c7cfb3e5,0c579fad-c818-4130-9f0c-b45db069e8fe,Palifico / Dutchman,2026-01-25 23:22:47.478881+00
439729aa-1170-4427-8cf8-eca8c7cfb3e5,354d2034-0117-4c5e-b8ed-57c37ec753c2,Cutler Beckett,2026-01-25 23:22:47.478881+00
439729aa-1170-4427-8cf8-eca8c7cfb3e5,61440dd0-9766-421e-8e44-c58ade75a5f9,Cotton,2026-01-25 23:22:47.478881+00
439729aa-1170-4427-8cf8-eca8c7cfb3e5,6f8d2c73-5cf3-437d-bf90-1e4ec469c82c,Gibbs,2026-01-25 23:22:47.478881+00
439729aa-1170-4427-8cf8-eca8c7cfb3e5,7a2e0ffd-3e34-4d67-a400-c1e8cfd6e8dc,Will Turner,2026-01-25 23:22:47.478881+00
439729aa-1170-4427-8cf8-eca8c7cfb3e5,7c544070-5846-4ef3-86e3-8d0d93b9c257,Jack Sparrow,2026-01-25 23:22:47.478881+00
439729aa-1170-4427-8cf8-eca8c7cfb3e5,847691dd-8615-4afd-9886-5e53a2e1f42b,Pintel,2026-01-25 23:22:47.478881+00
439729aa-1170-4427-8cf8-eca8c7cfb3e5,87bebec3-7557-4db1-bc8a-81b46a252919,Tia Dalma,2026-01-25 23:22:47.478881+00
439729aa-1170-4427-8cf8-eca8c7cfb3e5,ad173672-4dab-4f6f-83c1-3c1ffcb50773,Scarlett,2026-01-25 23:22:47.478881+00
439729aa-1170-4427-8cf8-eca8c7cfb3e5,ae9fc57e-7053-4ba4-89c7-9d57c21ba7a2,Governor Weatherby Swann,2026-01-25 23:22:47.478881+00
439729aa-1170-4427-8cf8-eca8c7cfb3e5,ba007c31-0228-4c0b-9603-383be5d429cd,Bootstrap Bill,2026-01-25 23:22:47.478881+00
439729aa-1170-4427-8cf8-eca8c7cfb3e5,bc930feb-98c9-4152-a921-9d92f42b5ef2,Koleniko / Dutchman,2026-01-25 23:22:47.478881+00
439729aa-1170-4427-8cf8-eca8c7cfb3e5,c9ea9cb9-9474-4c8a-b15d-0f8ef6905b51,Marty,2026-01-25 23:22:47.478881+00
439729aa-1170-4427-8cf8-eca8c7cfb3e5,cc571cea-7165-469a-8f28-8beaa5ca7a8f,Maccus / Dutchman,2026-01-25 23:22:47.478881+00
439729aa-1170-4427-8cf8-eca8c7cfb3e5,d70c47d2-70d5-44ac-b9f2-01763fcde11a,Davy Jones,2026-01-25 23:22:47.478881+00
439729aa-1170-4427-8cf8-eca8c7cfb3e5,d83ce832-780f-45ea-bfc6-b014a7277325,Norrington,2026-01-25 23:22:47.478881+00
439729aa-1170-4427-8cf8-eca8c7cfb3e5,d8e719ea-e16c-4b0c-b09b-5f573bb6145c,Ragetti,2026-01-25 23:22:47.478881+00
439729aa-1170-4427-8cf8-eca8c7cfb3e5,ee41a10d-c843-4e99-95e6-6d5fb12fc256,Barbossa,2026-01-25 23:22:47.478881+00
439729aa-1170-4427-8cf8-eca8c7cfb3e5,f83f3ed4-1a8c-41f8-99a0-d66d61922bc2,Mercer,2026-01-25 23:22:47.478881+00
440c47eb-f600-4a36-aef5-dd9d4b8a32cb,11bec63f-7702-4e67-bb03-3a68543c1b88,Peter La Fleur,2026-01-25 23:22:47.478881+00
440c47eb-f600-4a36-aef5-dd9d4b8a32cb,1a7a67e8-c8c8-4700-971a-e2481a39092a,White Goodman,2026-01-25 23:22:47.478881+00
440c47eb-f600-4a36-aef5-dd9d4b8a32cb,2ff93300-6770-4886-84c9-fc700adf459e,Me'Shell Jones,2026-01-25 23:22:47.478881+00
440c47eb-f600-4a36-aef5-dd9d4b8a32cb,315bf19b-7cf8-42a2-b3af-16f1820172c8,Fran Stalinovskovichdaviddivichski,2026-01-25 23:22:47.478881+00
440c47eb-f600-4a36-aef5-dd9d4b8a32cb,31c94359-554f-472f-ae09-9db9880f884b,Kate Veatch,2026-01-25 23:22:47.478881+00
440c47eb-f600-4a36-aef5-dd9d4b8a32cb,3bc20749-05e7-483a-8083-6437c4468e29,Pepper Brooks,2026-01-25 23:22:47.478881+00
440c47eb-f600-4a36-aef5-dd9d4b8a32cb,3ed2dc4f-6551-4a5b-9544-7bf75349be00,Gordon,2026-01-25 23:22:47.478881+00
440c47eb-f600-4a36-aef5-dd9d4b8a32cb,43c1db69-0ded-4e54-9636-242d4508b451,Justin,2026-01-25 23:22:47.478881+00
440c47eb-f600-4a36-aef5-dd9d4b8a32cb,53361e46-bdf4-49c7-96d3-217ae44eb0bd,Cotton McKnight,2026-01-25 23:22:47.478881+00
440c47eb-f600-4a36-aef5-dd9d4b8a32cb,5e500c66-eb20-4965-b7a8-ea11d94ce801,Owen,2026-01-25 23:22:47.478881+00
440c47eb-f600-4a36-aef5-dd9d4b8a32cb,72aefe6c-e9c8-4f6b-b29c-5c3407688b8a,German Coach,2026-01-25 23:22:47.478881+00
440c47eb-f600-4a36-aef5-dd9d4b8a32cb,7bf5a31d-6f40-4101-9825-65616fd9ecef,Young Patches O'Houlihan,2026-01-25 23:22:47.478881+00
440c47eb-f600-4a36-aef5-dd9d4b8a32cb,7d7aba5f-1728-4a2c-88e9-f4e16b058bec,Lance Armstrong,2026-01-25 23:22:47.478881+00
440c47eb-f600-4a36-aef5-dd9d4b8a32cb,7e3b8044-50b0-4ec7-8131-0db66036bde1,Steve the Pirate,2026-01-25 23:22:47.478881+00
440c47eb-f600-4a36-aef5-dd9d4b8a32cb,8fddd166-baba-4d16-ac78-38fe9afdefe9,Amber,2026-01-25 23:22:47.478881+00
440c47eb-f600-4a36-aef5-dd9d4b8a32cb,90e567cc-6df5-43ff-8b28-a9b495e5f03c,Dwight,2026-01-25 23:22:47.478881+00
440c47eb-f600-4a36-aef5-dd9d4b8a32cb,a14ca5ca-5bda-4797-a3b1-433f57714bd6,Patches O'Houlihan,2026-01-25 23:22:47.478881+00
440c47eb-f600-4a36-aef5-dd9d4b8a32cb,a7832be6-7ed9-4731-b60f-0b58beed90ff,Dodgeball Chancellor,2026-01-25 23:22:47.478881+00
440c47eb-f600-4a36-aef5-dd9d4b8a32cb,d3351c79-c3c2-429f-bcab-dbabae70ec82,Tournament Referee,2026-01-25 23:22:47.478881+00
440c47eb-f600-4a36-aef5-dd9d4b8a32cb,db5719ab-84af-4b33-a9f6-d7878822c804,Chuck Norris,2026-01-25 23:22:47.478881+00
4457c943-a504-4eb7-9e0a-6377810eba0e,05f5d400-8734-4a29-979e-8629d0448c56,Brenda,2026-02-03 06:54:56.817093+00
4457c943-a504-4eb7-9e0a-6377810eba0e,0e9d1a57-bc18-4fd1-b7bc-f6b3c76d334f,Dolly Polito,2026-02-03 06:54:56.817093+00
4457c943-a504-4eb7-9e0a-6377810eba0e,198ecc0d-1919-4f9c-abd5-6b9865f0476d,Irv's Sheik Plant,2026-02-03 06:54:56.817093+00
4457c943-a504-4eb7-9e0a-6377810eba0e,2750f36e-ccf2-4794-928d-61a8256671d1,Stoddard Thorsen,2026-02-03 06:54:56.817093+00
4457c943-a504-4eb7-9e0a-6377810eba0e,281828dd-c01b-426d-8ec3-e6600af9dd29,Richie DiMaso,2026-02-03 06:54:56.817093+00
4457c943-a504-4eb7-9e0a-6377810eba0e,44ee93ac-c231-4769-ab8e-7e40722233e5,Dominic Polito,2026-02-03 06:54:56.817093+00
4457c943-a504-4eb7-9e0a-6377810eba0e,4781a60c-b255-4c39-9802-a23fd4a425af,Paco Hernandez / Sheik Abdullah,2026-02-03 06:54:56.817093+00
4457c943-a504-4eb7-9e0a-6377810eba0e,5fa6d81e-2d3c-48f8-802d-a8b7f7fedd7a,Agent Schmidt,2026-02-03 06:54:56.817093+00
4457c943-a504-4eb7-9e0a-6377810eba0e,68b82d1e-e69b-44a1-98f0-a0eb3e13afb8,Rosalyn Rosenfeld,2026-02-03 06:54:56.817093+00
4457c943-a504-4eb7-9e0a-6377810eba0e,86732cda-bd5f-4b5e-819e-d622329eb645,Senator Horton Mitchell,2026-02-03 06:54:56.817093+00
4457c943-a504-4eb7-9e0a-6377810eba0e,875507da-cccf-4e2b-ab79-66bc1797de4d,Alfonse Simone,2026-02-03 06:54:56.817093+00
4457c943-a504-4eb7-9e0a-6377810eba0e,a1ec3e04-0449-4d25-8d88-0686768fb67e,Irving Rosenfeld,2026-02-03 06:54:56.817093+00
4457c943-a504-4eb7-9e0a-6377810eba0e,a83e6d21-5532-48a5-bc36-ba42c85984c3,Julius,2026-02-03 06:54:56.817093+00
4457c943-a504-4eb7-9e0a-6377810eba0e,aee03877-7262-4876-a749-9cbac7837605,Agent Stock,2026-02-03 06:54:56.817093+00
4457c943-a504-4eb7-9e0a-6377810eba0e,ba9329b4-0600-4313-b5df-26456c501ff2,Anthony Amado,2026-02-03 06:54:56.817093+00
4457c943-a504-4eb7-9e0a-6377810eba0e,bdc8e693-c60b-4ce8-85fa-7537bf904e15,Carl Elway,2026-02-03 06:54:56.817093+00
4457c943-a504-4eb7-9e0a-6377810eba0e,e56614dc-f0de-4cde-b15c-9a0407312f7f,Sydney Prosser,2026-02-03 06:54:56.817093+00
4457c943-a504-4eb7-9e0a-6377810eba0e,eb6fe15e-fce6-4000-97b0-c10e088fa6d4,Mayor Carmine Polito,2026-02-03 06:54:56.817093+00
4457c943-a504-4eb7-9e0a-6377810eba0e,fad12c49-49dd-4b5e-814f-385115ee1ff1,Pete Musane,2026-02-03 06:54:56.817093+00
4457c943-a504-4eb7-9e0a-6377810eba0e,fd7b5c64-ab65-4c95-8f2a-65f9952160fa,Francis Polito,2026-02-03 06:54:56.817093+00
45881880-57dd-4495-8501-6158f3db170e,23fd7c37-2638-4168-b104-684a270a0fba,Zam Wesell,2026-01-25 23:22:47.478881+00
45881880-57dd-4495-8501-6158f3db170e,31c1d55d-ccbf-4f43-bcce-3283a8a1a364,C-3PO / Dannl Faytonni,2026-01-25 23:22:47.478881+00
45881880-57dd-4495-8501-6158f3db170e,377a8db3-f5d3-4fbb-941a-819858ef9ff6,Cliegg Lars,2026-01-25 23:22:47.478881+00
45881880-57dd-4495-8501-6158f3db170e,6fdda397-2b15-457a-a434-3d491c5516c8,Dexter Jettster (voice),2026-01-25 23:22:47.478881+00
45881880-57dd-4495-8501-6158f3db170e,745b90e1-c6fc-4270-8700-3a41053941bf,Governor Sio Bibble,2026-01-25 23:22:47.478881+00
45881880-57dd-4495-8501-6158f3db170e,7d9aa9ca-d53f-41ad-9e07-f1fc75033299,Viceroy Nute Gunray / Ki-Adi Mundi,2026-01-25 23:22:47.478881+00
45881880-57dd-4495-8501-6158f3db170e,7f3c28e1-66ca-4587-8b2f-974bd0776b6a,Jango Fett / Clone Troopers,2026-01-25 23:22:47.478881+00
45881880-57dd-4495-8501-6158f3db170e,8799a2af-fcc9-4838-bf56-df92d4f136b8,Dormé,2026-01-25 23:22:47.478881+00
45881880-57dd-4495-8501-6158f3db170e,a096b372-6517-494b-98c7-c77dc05cb077,Watto (voice),2026-01-25 23:22:47.478881+00
45881880-57dd-4495-8501-6158f3db170e,aa5e9bb9-1af4-447f-afe8-046890a690a9,Shmi Skywalker,2026-01-25 23:22:47.478881+00
45881880-57dd-4495-8501-6158f3db170e,af514640-df4e-46b4-8ca9-3b02593eb6a7,Senator Bail Organa,2026-01-25 23:22:47.478881+00
45881880-57dd-4495-8501-6158f3db170e,af8d8c3b-96ca-4a27-85da-fdb0a2a25dff,Yoda (voice),2026-01-25 23:22:47.478881+00
45881880-57dd-4495-8501-6158f3db170e,b90e26b8-d950-43a0-8035-86e2ac50f536,Obi-Wan Kenobi,2026-01-25 23:22:47.478881+00
45881880-57dd-4495-8501-6158f3db170e,c033f4ec-c9f1-477e-b710-186572f416ad,Padmé Amidala,2026-01-25 23:22:47.478881+00
45881880-57dd-4495-8501-6158f3db170e,c9a3443c-9117-4209-be04-7933c51fed79,Mace Windu,2026-01-25 23:22:47.478881+00
45881880-57dd-4495-8501-6158f3db170e,d1c27272-6ae7-46c7-a6d8-a4521548e93f,Captain Typho,2026-01-25 23:22:47.478881+00
45881880-57dd-4495-8501-6158f3db170e,d25c3813-336c-4c9e-9a85-91c8bbf9fd7b,Count Dooku,2026-01-25 23:22:47.478881+00
45881880-57dd-4495-8501-6158f3db170e,df3f205d-f5c7-4825-98b4-7ba4dbb0ae11,Jar Jar Binks / Achk Med-Beq (voice),2026-01-25 23:22:47.478881+00
45881880-57dd-4495-8501-6158f3db170e,dff1c9bf-dd31-49c9-9f31-ad92a97834b9,Anakin Skywalker,2026-01-25 23:22:47.478881+00
45881880-57dd-4495-8501-6158f3db170e,e37b4039-3bae-4cf7-bd93-c148764d8f5a,Chancellor Palpatine,2026-01-25 23:22:47.478881+00
45c1bb98-05b6-4498-b083-55aa2fccdd45,12212b1f-5025-41bd-992f-5da8e6ae4c8d,El Paso Sheriff,2026-01-25 23:22:47.478881+00
45c1bb98-05b6-4498-b083-55aa2fccdd45,2709352f-38ee-475d-a019-1536b387f562,Strangled Deputy,2026-01-25 23:22:47.478881+00
45c1bb98-05b6-4498-b083-55aa2fccdd45,3ed2dc4f-6551-4a5b-9544-7bf75349be00,Man Who Hires Wells,2026-01-25 23:22:47.478881+00
45c1bb98-05b6-4498-b083-55aa2fccdd45,45699f7b-7788-4c83-ad81-542b2c90c87e,Carson Wells,2026-01-25 23:22:47.478881+00
45c1bb98-05b6-4498-b083-55aa2fccdd45,476170b0-332b-4180-8c50-0e5ea94ed767,Loretta Bell,2026-01-25 23:22:47.478881+00
45c1bb98-05b6-4498-b083-55aa2fccdd45,697ba5b3-a244-470f-8f1d-49f479c66a44,"""Agua"" Man",2026-01-25 23:22:47.478881+00
45c1bb98-05b6-4498-b083-55aa2fccdd45,6bf03827-3a86-435a-a483-444ebd632b7a,Wendell,2026-01-25 23:22:47.478881+00
45c1bb98-05b6-4498-b083-55aa2fccdd45,707c7ae8-7e2c-42ac-a76f-4f4966b543dd,Llewelyn Moss,2026-01-25 23:22:47.478881+00
45c1bb98-05b6-4498-b083-55aa2fccdd45,7170c87d-d4a7-4903-9e59-a2c70bb1d979,Carla Jean's Mother,2026-01-25 23:22:47.478881+00
45c1bb98-05b6-4498-b083-55aa2fccdd45,936dd2b5-8dc9-4167-8650-bfa6aa289de5,"""Managerial"" Victim",2026-01-25 23:22:47.478881+00
45c1bb98-05b6-4498-b083-55aa2fccdd45,bcdf765a-61f5-478e-88fa-fac82056e0c8,Ellis,2026-01-25 23:22:47.478881+00
45c1bb98-05b6-4498-b083-55aa2fccdd45,c9ad9a66-f276-4d53-9dac-caa7a2c67230,Carla Jean Moss,2026-01-25 23:22:47.478881+00
45c1bb98-05b6-4498-b083-55aa2fccdd45,da0c6d16-fe09-4434-a029-e7cc0176aeb6,Gas Station Proprietor,2026-01-25 23:22:47.478881+00
45c1bb98-05b6-4498-b083-55aa2fccdd45,dbad345c-8294-4aa4-861e-8e8375a4ae22,Sheriff Bell's Secretary,2026-01-25 23:22:47.478881+00
45c1bb98-05b6-4498-b083-55aa2fccdd45,e26f8865-1c19-4b77-974a-525bf134cc48,Man in Ford,2026-01-25 23:22:47.478881+00
45c1bb98-05b6-4498-b083-55aa2fccdd45,ea184a83-17dc-45a4-ae54-c4c6acfcb176,Ed Tom Bell,2026-01-25 23:22:47.478881+00
45c1bb98-05b6-4498-b083-55aa2fccdd45,f37de584-35c7-4b19-b9b8-f460637e1dfa,"""Managerial"" Victim",2026-01-25 23:22:47.478881+00
45c1bb98-05b6-4498-b083-55aa2fccdd45,fbf5f1a4-6b04-47bb-98f3-ddd78dcbe592,Desert Aire Manager,2026-01-25 23:22:47.478881+00
45c1bb98-05b6-4498-b083-55aa2fccdd45,fd97431d-4971-4a57-b989-56ace50ddad6,Anton Chigurh,2026-01-25 23:22:47.478881+00
45c1bb98-05b6-4498-b083-55aa2fccdd45,fe66d642-f336-4ac2-8e4c-c0274d0b7412,Poolside Woman,2026-01-25 23:22:47.478881+00
461d01a3-28e3-4b0b-b09c-cb2649c2b574,10587fa7-54f1-40cd-814d-c34eb3a5fd89,Lando Calrissian,2026-01-25 23:22:47.478881+00
461d01a3-28e3-4b0b-b09c-cb2649c2b574,1618d687-cc7f-4b04-9577-1b37968f4fa1,Rose Tico,2026-01-25 23:22:47.478881+00
461d01a3-28e3-4b0b-b09c-cb2649c2b574,2307875b-4738-4667-8cfb-6738559b7cf1,Snap Wexley,2026-01-25 23:22:47.478881+00
461d01a3-28e3-4b0b-b09c-cb2649c2b574,2914a768-68f2-4db9-9712-9a54ca124401,Lieutenant Connix,2026-01-25 23:22:47.478881+00
461d01a3-28e3-4b0b-b09c-cb2649c2b574,2eb191fa-7873-48de-a773-0d0de7731754,Beaumont Kin,2026-01-25 23:22:47.478881+00
461d01a3-28e3-4b0b-b09c-cb2649c2b574,31c1d55d-ccbf-4f43-bcce-3283a8a1a364,C-3PO,2026-01-25 23:22:47.478881+00
461d01a3-28e3-4b0b-b09c-cb2649c2b574,31e66b08-11af-4bb4-a23a-ac3ee3f30464,Kylo Ren / Ben Solo,2026-01-25 23:22:47.478881+00
461d01a3-28e3-4b0b-b09c-cb2649c2b574,3f87eebc-a39e-4320-bd37-e9c3e8bfa232,Jannah,2026-01-25 23:22:47.478881+00
461d01a3-28e3-4b0b-b09c-cb2649c2b574,70f7a63b-819e-411a-8221-0bbe59ad3384,Allegiant General Pryde,2026-01-25 23:22:47.478881+00
461d01a3-28e3-4b0b-b09c-cb2649c2b574,78ac5986-02e2-464a-9055-d4a085e0ad62,Babu Frik (voice),2026-01-25 23:22:47.478881+00
461d01a3-28e3-4b0b-b09c-cb2649c2b574,7f39dc76-ae90-48d2-bc45-682e3610cd33,Maz Kanata,2026-01-25 23:22:47.478881+00
461d01a3-28e3-4b0b-b09c-cb2649c2b574,9f1c9afd-cc8c-4bb5-81f7-eb89d59dfa09,Finn,2026-01-25 23:22:47.478881+00
461d01a3-28e3-4b0b-b09c-cb2649c2b574,b94d5fe2-3512-4ac3-b835-c664e9e813e2,General Hux,2026-01-25 23:22:47.478881+00
461d01a3-28e3-4b0b-b09c-cb2649c2b574,c3cefe7e-b7ad-4f7e-bb8f-834ce0613d36,Luke Skywalker,2026-01-25 23:22:47.478881+00
461d01a3-28e3-4b0b-b09c-cb2649c2b574,c480713e-b29c-4e48-a985-f64fa74193fb,Zorii Bliss,2026-01-25 23:22:47.478881+00
461d01a3-28e3-4b0b-b09c-cb2649c2b574,e2df013f-ac4a-493b-b3b1-882c5b34eb8b,Rey,2026-01-25 23:22:47.478881+00
461d01a3-28e3-4b0b-b09c-cb2649c2b574,e37b4039-3bae-4cf7-bd93-c148764d8f5a,Emperor Palpatine,2026-01-25 23:22:47.478881+00
461d01a3-28e3-4b0b-b09c-cb2649c2b574,edcfd352-95b6-422a-80bc-75bad3e7905c,Chewbacca,2026-01-25 23:22:47.478881+00
461d01a3-28e3-4b0b-b09c-cb2649c2b574,f0320462-cfca-4250-8eb3-dc278914590b,Poe Dameron,2026-01-25 23:22:47.478881+00
461d01a3-28e3-4b0b-b09c-cb2649c2b574,f71ed144-2460-4ea0-a386-614b5b2126d1,General Leia Organa,2026-01-25 23:22:47.478881+00
46cd7820-d43b-4714-8fc2-a082f8205a44,0ae0551a-bf8c-4810-a27f-6a6b8d8e0458,Grandpa,2026-02-03 07:01:08.932497+00
46cd7820-d43b-4714-8fc2-a082f8205a44,10d128cf-b36c-4d70-9d46-a85d96fb5306,Pavel,2026-02-03 07:01:08.932497+00
46cd7820-d43b-4714-8fc2-a082f8205a44,1838fcfa-9f27-4ff8-aeb6-6eb05d8c4d30,Heinz,2026-02-03 07:01:08.932497+00
46cd7820-d43b-4714-8fc2-a082f8205a44,3fe8eda5-7077-484e-a3af-73c517836d64,Bruno,2026-02-03 07:01:08.932497+00
46cd7820-d43b-4714-8fc2-a082f8205a44,401e6fe0-9be5-4adc-83c0-d188855b014f,Lieutenant Kotler,2026-02-03 07:01:08.932497+00
46cd7820-d43b-4714-8fc2-a082f8205a44,44f453d1-a435-4786-ab86-ba50d4be5808,Palm Court Singer,2026-02-03 07:01:08.932497+00
46cd7820-d43b-4714-8fc2-a082f8205a44,4ed3103d-dcae-4441-a845-a5de953394f1,Martin,2026-02-03 07:01:08.932497+00
46cd7820-d43b-4714-8fc2-a082f8205a44,7d9b6cc6-8c8f-424b-ab1f-a88193e7248e,Shmuel,2026-02-03 07:01:08.932497+00
46cd7820-d43b-4714-8fc2-a082f8205a44,87369882-2800-4a54-bb89-f9d16ddacc4f,Maria,2026-02-03 07:01:08.932497+00
46cd7820-d43b-4714-8fc2-a082f8205a44,8ce0173e-eeef-4d9f-8e46-ef3580ad3f22,Meinberg,2026-02-03 07:01:08.932497+00
46cd7820-d43b-4714-8fc2-a082f8205a44,a2c23e25-de73-4b11-ab98-0146892cd11d,Herr Liszt,2026-02-03 07:01:08.932497+00
46cd7820-d43b-4714-8fc2-a082f8205a44,ae551121-955b-458f-b58f-96ca3588dc8e,Mother,2026-02-03 07:01:08.932497+00
46cd7820-d43b-4714-8fc2-a082f8205a44,b6b9c344-7608-4430-bce5-0767dd9a7bb8,Father,2026-02-03 07:01:08.932497+00
46cd7820-d43b-4714-8fc2-a082f8205a44,c0a50cea-bb04-4ff2-b621-732f536fa9bb,Karl,2026-02-03 07:01:08.932497+00
46cd7820-d43b-4714-8fc2-a082f8205a44,d4f0ea7f-b325-4a1a-bb3e-d5357551b9f1,Lars,2026-02-03 07:01:08.932497+00
46cd7820-d43b-4714-8fc2-a082f8205a44,d7ed1037-8604-47a9-ae22-c4d4612a76ff,Schultz,2026-02-03 07:01:08.932497+00
46cd7820-d43b-4714-8fc2-a082f8205a44,daf77b84-0aad-44d1-866b-b3fc18bd1b4d,Leon,2026-02-03 07:01:08.932497+00
46cd7820-d43b-4714-8fc2-a082f8205a44,ee7408a3-2d80-47ed-a890-f565540d0a8d,Grandma,2026-02-03 07:01:08.932497+00
46cd7820-d43b-4714-8fc2-a082f8205a44,f6228476-7d60-4197-a931-66ea05e6c1c2,Berlin Cook,2026-02-03 07:01:08.932497+00
46cd7820-d43b-4714-8fc2-a082f8205a44,fea452db-c506-401b-af3d-fde5a08b7080,Gretel,2026-02-03 07:01:08.932497+00
47506a65-e2c2-4aaf-b9f4-1354b2a104b6,0071b0c7-4215-4bf5-80b3-fcee054eeefa,Riley Bina,2026-01-25 23:22:47.478881+00
47506a65-e2c2-4aaf-b9f4-1354b2a104b6,12297c5e-0e23-4639-8c9f-6723e915c1d1,Jason Orlean,2026-01-25 23:22:47.478881+00
47506a65-e2c2-4aaf-b9f4-1354b2a104b6,265926c6-2830-42cc-936d-b76e4d450537,Congressman Tenant,2026-01-25 23:22:47.478881+00
47506a65-e2c2-4aaf-b9f4-1354b2a104b6,38ab8f0f-d44e-4766-96f1-644428239fa6,DJ Chello,2026-01-25 23:22:47.478881+00
47506a65-e2c2-4aaf-b9f4-1354b2a104b6,52f1f8f8-3c67-45ff-873b-b8e48eade869,Yule,2026-01-25 23:22:47.478881+00
47506a65-e2c2-4aaf-b9f4-1354b2a104b6,53c1cb9d-5d44-40e7-bf25-6dcda8ac9f1f,Oliver,2026-01-25 23:22:47.478881+00
47506a65-e2c2-4aaf-b9f4-1354b2a104b6,5b5e1354-3930-4c92-98e5-084c26d6b700,Dr. Randall Mindy,2026-01-25 23:22:47.478881+00
47506a65-e2c2-4aaf-b9f4-1354b2a104b6,5db34dac-0c7d-4aa3-892c-c6d5ebaa9bcc,Dan Pawketty,2026-01-25 23:22:47.478881+00
47506a65-e2c2-4aaf-b9f4-1354b2a104b6,63aae2aa-beb4-4a9a-a5a1-7824a9ff4327,Jack Bremmer,2026-01-25 23:22:47.478881+00
47506a65-e2c2-4aaf-b9f4-1354b2a104b6,68b82d1e-e69b-44a1-98f0-a0eb3e13afb8,Kate Dibiasky,2026-01-25 23:22:47.478881+00
47506a65-e2c2-4aaf-b9f4-1354b2a104b6,88414186-f57f-4345-af36-10eaad93bc04,General Themes,2026-01-25 23:22:47.478881+00
47506a65-e2c2-4aaf-b9f4-1354b2a104b6,92aa05f1-d2fd-4bec-88f3-5a7f0dc41129,President Orlean,2026-01-25 23:22:47.478881+00
47506a65-e2c2-4aaf-b9f4-1354b2a104b6,936ca221-ca89-4ff0-aadd-999405a3b848,June Mindy,2026-01-25 23:22:47.478881+00
47506a65-e2c2-4aaf-b9f4-1354b2a104b6,aa3b6393-0237-4278-b9f4-847030b87ec1,Phillip,2026-01-25 23:22:47.478881+00
47506a65-e2c2-4aaf-b9f4-1354b2a104b6,ada5d5db-b33a-44d1-9703-92575015210b,Adul Grelio,2026-01-25 23:22:47.478881+00
47506a65-e2c2-4aaf-b9f4-1354b2a104b6,ce751ecc-fbf3-4ca3-9409-0cd6500f9307,Dr. Teddy Oglethorpe,2026-01-25 23:22:47.478881+00
47506a65-e2c2-4aaf-b9f4-1354b2a104b6,d9c307d1-12fd-4390-b6ed-00d6e9184e08,Peter Isherwell,2026-01-25 23:22:47.478881+00
47506a65-e2c2-4aaf-b9f4-1354b2a104b6,e970be33-901b-436d-8417-5379757a9fb1,Brie Evantee,2026-01-25 23:22:47.478881+00
47506a65-e2c2-4aaf-b9f4-1354b2a104b6,f8059c08-9672-4a54-b53f-9d1e1b2c4246,Win,2026-01-25 23:22:47.478881+00
47506a65-e2c2-4aaf-b9f4-1354b2a104b6,f97cfa63-4515-4ae3-b8bc-c03d8f3fabc4,Benedict Drask,2026-01-25 23:22:47.478881+00
476140dd-1186-4b00-a50a-e93ecc45d746,03e33018-a3c6-4789-a61f-ae76bc387e3d,Elliot See,2026-02-03 06:55:35.124021+00
476140dd-1186-4b00-a50a-e93ecc45d746,08df5f7d-5c82-40d4-aff7-9801257151f0,Deke Slayton,2026-02-03 06:55:35.124021+00
476140dd-1186-4b00-a50a-e93ecc45d746,22469a6e-1384-40b4-a801-907bf4ea8760,Neil Armstrong,2026-02-03 06:55:35.124021+00
476140dd-1186-4b00-a50a-e93ecc45d746,2fe398b5-e0fb-44ae-bb59-58f24831052d,Buzz Aldrin,2026-02-03 06:55:35.124021+00
476140dd-1186-4b00-a50a-e93ecc45d746,3ccc14ca-2c05-423f-9d53-e67d48f40ebf,Joseph A. Walker,2026-02-03 06:55:35.124021+00
476140dd-1186-4b00-a50a-e93ecc45d746,82406055-bf1d-4990-af3a-8de0dca5f86d,Michael Collins,2026-02-03 06:55:35.124021+00
476140dd-1186-4b00-a50a-e93ecc45d746,8566e63d-de47-44c3-9668-a9813ec6e319,Janet Shearon,2026-02-03 06:55:35.124021+00
476140dd-1186-4b00-a50a-e93ecc45d746,89eabef2-74c2-4880-bb70-15369c646e7d,Karen Armstrong,2026-02-03 06:55:35.124021+00
476140dd-1186-4b00-a50a-e93ecc45d746,8bd0d152-aba6-495c-96cd-b396a1b28dc3,Ed White,2026-02-03 06:55:35.124021+00
476140dd-1186-4b00-a50a-e93ecc45d746,a4defb63-68a5-467a-af72-1812b9a4948c,Jim Lovell,2026-02-03 06:55:35.124021+00
476140dd-1186-4b00-a50a-e93ecc45d746,ac0537a1-3469-4fdb-b80b-5e7712d12d7b,Roger B. Chaffee,2026-02-03 06:55:35.124021+00
476140dd-1186-4b00-a50a-e93ecc45d746,b1535f0f-5507-4606-b6fa-a80eb27d20d0,David Scott,2026-02-03 06:55:35.124021+00
476140dd-1186-4b00-a50a-e93ecc45d746,bdc8e693-c60b-4ce8-85fa-7537bf904e15,Gus Grissom,2026-02-03 06:55:35.124021+00
476140dd-1186-4b00-a50a-e93ecc45d746,c4a34169-7c76-4868-9d81-22bdf437955f,Pete Conrad,2026-02-03 06:55:35.124021+00
476140dd-1186-4b00-a50a-e93ecc45d746,cf11e75a-f881-4a68-a843-5244ff99ab16,Patricia White,2026-02-03 06:55:35.124021+00
476140dd-1186-4b00-a50a-e93ecc45d746,da2d6969-81d4-4515-809c-c4a1c60bd832,Marilyn See,2026-02-03 06:55:35.124021+00
476140dd-1186-4b00-a50a-e93ecc45d746,e3cb772d-8512-43a6-a1a6-d1783252e1ff,Robert R. Gilruth,2026-02-03 06:55:35.124021+00
476140dd-1186-4b00-a50a-e93ecc45d746,f3fd44e0-14f3-4605-a23f-41508312ab90,Mark Armstrong,2026-02-03 06:55:35.124021+00
476140dd-1186-4b00-a50a-e93ecc45d746,fc050eef-3974-4e10-b244-659e40346c8a,Young Rick Armstrong,2026-02-03 06:55:35.124021+00
476140dd-1186-4b00-a50a-e93ecc45d746,ff131aa4-81da-4554-8be6-5d9faa6f41dc,Older Rick Armstrong,2026-02-03 06:55:35.124021+00
48154403-8503-4b35-a477-9d11c95aba00,10024ba2-e362-421e-a1ea-8e060d442655,Darth Maul,2026-01-25 23:22:47.478881+00
48154403-8503-4b35-a477-9d11c95aba00,2267aae2-b17f-453c-ae7b-c621033d94b7,Captain Panaka,2026-01-25 23:22:47.478881+00
48154403-8503-4b35-a477-9d11c95aba00,30ed65d8-fef0-4887-98ed-092a70e7dfa1,Boss Nass (voice),2026-01-25 23:22:47.478881+00
48154403-8503-4b35-a477-9d11c95aba00,31c1d55d-ccbf-4f43-bcce-3283a8a1a364,C-3PO (voice),2026-01-25 23:22:47.478881+00
48154403-8503-4b35-a477-9d11c95aba00,53a2450e-eaca-45ac-bd33-b4ed47b9377d,R2-D2,2026-01-25 23:22:47.478881+00
48154403-8503-4b35-a477-9d11c95aba00,5d67fc90-9e30-402d-8c55-80da84bb6601,Qui-Gon Jinn,2026-01-25 23:22:47.478881+00
48154403-8503-4b35-a477-9d11c95aba00,745b90e1-c6fc-4270-8700-3a41053941bf,Governor Sio Bibble,2026-01-25 23:22:47.478881+00
48154403-8503-4b35-a477-9d11c95aba00,7d9aa9ca-d53f-41ad-9e07-f1fc75033299,Nute Gunray / Ki-Adi-Mundi / Lott Dodd / Republic Cruiser Pilot,2026-01-25 23:22:47.478881+00
48154403-8503-4b35-a477-9d11c95aba00,925333b7-4820-4a61-9f63-7f3c7585edf4,Chancellor Valorum,2026-01-25 23:22:47.478881+00
48154403-8503-4b35-a477-9d11c95aba00,9aeb4274-ed23-4e11-9848-0df5bdd4d9fe,Anakin Skywalker,2026-01-25 23:22:47.478881+00
48154403-8503-4b35-a477-9d11c95aba00,a096b372-6517-494b-98c7-c77dc05cb077,Watto (voice),2026-01-25 23:22:47.478881+00
48154403-8503-4b35-a477-9d11c95aba00,aa5e9bb9-1af4-447f-afe8-046890a690a9,Shmi Skywalker,2026-01-25 23:22:47.478881+00
48154403-8503-4b35-a477-9d11c95aba00,af8d8c3b-96ca-4a27-85da-fdb0a2a25dff,Yoda (voice),2026-01-25 23:22:47.478881+00
48154403-8503-4b35-a477-9d11c95aba00,b592b539-0abf-4e7d-9b2e-749e66722aab,Captain Tarpals,2026-01-25 23:22:47.478881+00
48154403-8503-4b35-a477-9d11c95aba00,b90e26b8-d950-43a0-8035-86e2ac50f536,Obi-Wan Kenobi,2026-01-25 23:22:47.478881+00
48154403-8503-4b35-a477-9d11c95aba00,c033f4ec-c9f1-477e-b710-186572f416ad,Padmé Amidala,2026-01-25 23:22:47.478881+00
48154403-8503-4b35-a477-9d11c95aba00,df3f205d-f5c7-4825-98b4-7ba4dbb0ae11,Jar Jar Binks,2026-01-25 23:22:47.478881+00
48154403-8503-4b35-a477-9d11c95aba00,e37b4039-3bae-4cf7-bd93-c148764d8f5a,Senator Palpatine,2026-01-25 23:22:47.478881+00
48154403-8503-4b35-a477-9d11c95aba00,f561de05-ff7d-4373-83e7-ec275bab55e8,Sebulba (voice),2026-01-25 23:22:47.478881+00
48154403-8503-4b35-a477-9d11c95aba00,fe8cb1a7-1815-4f6b-a6fd-209663b9fd41,Wald / Pod race spectator / Mos Espa Citizen,2026-01-25 23:22:47.478881+00
49de1947-0763-4c40-b2b9-380e46d43341,03019f19-f1c6-4158-b348-b9b45baed7ee,Odette,2026-01-25 23:22:47.478881+00
49de1947-0763-4c40-b2b9-380e46d43341,0a1e21f6-5c5d-4ad0-ba87-c21affb0d48c,Policeman,2026-01-25 23:22:47.478881+00
49de1947-0763-4c40-b2b9-380e46d43341,224bb4d4-727c-450a-93f5-79bcb76f44a0,Old Guard,2026-01-25 23:22:47.478881+00
49de1947-0763-4c40-b2b9-380e46d43341,26b819c8-2e2e-4c35-a58b-ce0af2e0f400,Elys Rusesabagina,2026-01-25 23:22:47.478881+00
49de1947-0763-4c40-b2b9-380e46d43341,32e44a4e-226f-404a-af11-e85068d52662,David,2026-01-25 23:22:47.478881+00
49de1947-0763-4c40-b2b9-380e46d43341,39fc107d-f8a3-4056-8268-c6384d36ecc2,Dube,2026-01-25 23:22:47.478881+00
49de1947-0763-4c40-b2b9-380e46d43341,3aaeb745-b2ab-4989-9777-29d39080312e,General Bizimungu,2026-01-25 23:22:47.478881+00
49de1947-0763-4c40-b2b9-380e46d43341,455a004b-bdeb-4b66-a1d7-acfa8d803317,Head Chef,2026-01-25 23:22:47.478881+00
49de1947-0763-4c40-b2b9-380e46d43341,63dba2a5-11e2-43c6-9bcb-843a1108f3d0,Gregoire,2026-01-25 23:22:47.478881+00
49de1947-0763-4c40-b2b9-380e46d43341,6bed3ca5-c11b-465b-be32-7976451fc74b,George Rutaganda,2026-01-25 23:22:47.478881+00
49de1947-0763-4c40-b2b9-380e46d43341,82d6fbfc-7f8d-4ef5-825e-8af562b51935,Paul Rusesabagina,2026-01-25 23:22:47.478881+00
49de1947-0763-4c40-b2b9-380e46d43341,83b65e98-2a17-401a-b6b3-9d1f657836f4,Roger Rusesabagina,2026-01-25 23:22:47.478881+00
49de1947-0763-4c40-b2b9-380e46d43341,859f51d6-c186-4680-b328-cef056d5c2d1,Jean Jacques,2026-01-25 23:22:47.478881+00
49de1947-0763-4c40-b2b9-380e46d43341,b97f9061-5be1-4276-bbcb-38a41d63256a,Tatiana Rusesabagina,2026-01-25 23:22:47.478881+00
49de1947-0763-4c40-b2b9-380e46d43341,bac9cc1f-a502-42c6-8db9-7914f4c870e2,Thomas Mirama,2026-01-25 23:22:47.478881+00
49de1947-0763-4c40-b2b9-380e46d43341,c7856e9f-44dd-4221-abca-9fddb8cb4185,Colonel Oliver,2026-01-25 23:22:47.478881+00
49de1947-0763-4c40-b2b9-380e46d43341,cab89395-a234-463d-97b7-aa6b6bffa703,Jack Daglish,2026-01-25 23:22:47.478881+00
49de1947-0763-4c40-b2b9-380e46d43341,cb94e0cf-7729-4364-a6c0-a0f972ec68ad,Diane Rusesabagina,2026-01-25 23:22:47.478881+00
49de1947-0763-4c40-b2b9-380e46d43341,eb41276e-808a-4208-8292-a235b528298b,Receptionist,2026-01-25 23:22:47.478881+00
49de1947-0763-4c40-b2b9-380e46d43341,fe9792fa-a52a-4201-b3aa-88ea9f6a15d6,Pat Archer,2026-01-25 23:22:47.478881+00
4ca71b70-34c9-464e-a98d-52d4bde1e374,01508e33-d79c-454d-99d4-836d097f9218,SS Soldier,2026-01-25 23:22:47.478881+00
4ca71b70-34c9-464e-a98d-52d4bde1e374,07bf11e1-1add-4e86-b5d2-57b1c35c46cf,SS Soldier,2026-01-25 23:22:47.478881+00
4ca71b70-34c9-464e-a98d-52d4bde1e374,33f2bd95-fa10-415c-ac3c-cde0363ddd04,Aatami,2026-01-25 23:22:47.478881+00
4ca71b70-34c9-464e-a98d-52d4bde1e374,4925715a-f8a7-4cc9-9fdc-7ebb024cf763,SS Soldier 3,2026-01-25 23:22:47.478881+00
4ca71b70-34c9-464e-a98d-52d4bde1e374,49972c01-b25d-427d-8d50-c63b02b2ea3d,Bank Teller,2026-01-25 23:22:47.478881+00
4ca71b70-34c9-464e-a98d-52d4bde1e374,4c48207d-b53a-40a0-8faf-ade5c6a7f69e,Engineer,2026-01-25 23:22:47.478881+00
4ca71b70-34c9-464e-a98d-52d4bde1e374,54c90a81-274c-40d2-99b6-42f063f1ab6e,Rower,2026-01-25 23:22:47.478881+00
4ca71b70-34c9-464e-a98d-52d4bde1e374,8185ba2a-c589-4611-be20-aabf743f1df6,Wolf,2026-01-25 23:22:47.478881+00
4ca71b70-34c9-464e-a98d-52d4bde1e374,8a00d8c5-cf88-4892-8541-3aff6916fabf,Schütze,2026-01-25 23:22:47.478881+00
4ca71b70-34c9-464e-a98d-52d4bde1e374,8af5d45c-3b2f-4bc4-8c2b-371d7c3b354e,Troop Leader,2026-01-25 23:22:47.478881+00
4ca71b70-34c9-464e-a98d-52d4bde1e374,a72df894-5aae-42f6-8d78-30ed311214a2,SS Soldier 1,2026-01-25 23:22:47.478881+00
4ca71b70-34c9-464e-a98d-52d4bde1e374,a8ce5f16-0e45-48d3-ac72-1d0239e56ea2,SS Soldier,2026-01-25 23:22:47.478881+00
4ca71b70-34c9-464e-a98d-52d4bde1e374,ae7ab347-201f-4547-be76-0996c61b1edd,Pilot,2026-01-25 23:22:47.478881+00
4ca71b70-34c9-464e-a98d-52d4bde1e374,b26f7596-e601-4e92-9c1d-13193a772503,SS Soldier 4,2026-01-25 23:22:47.478881+00
4ca71b70-34c9-464e-a98d-52d4bde1e374,d35b8f7d-a790-4302-87fd-3aed55c00cfc,SS Soldier,2026-01-25 23:22:47.478881+00
4ca71b70-34c9-464e-a98d-52d4bde1e374,e4b59adf-83a6-4b1c-a209-27381a4a9e02,Personnel Truck Driver,2026-01-25 23:22:47.478881+00
4ca71b70-34c9-464e-a98d-52d4bde1e374,e7cd1c7d-110d-4499-8416-d425ce0853a6,Bruno,2026-01-25 23:22:47.478881+00
4ca71b70-34c9-464e-a98d-52d4bde1e374,ee372aba-62f8-4c56-adcc-87b399bb86b1,Fighter Pilot,2026-01-25 23:22:47.478881+00
4ca71b70-34c9-464e-a98d-52d4bde1e374,f716baf7-310c-4b6c-b747-73110a2725a4,Aino,2026-01-25 23:22:47.478881+00
4ca71b70-34c9-464e-a98d-52d4bde1e374,f8949d50-371e-4ed5-9044-466134f2e46b,Saara,2026-01-25 23:22:47.478881+00
4d88cef1-fd59-4735-8e3f-ae66f39e291e,0ad4b255-eabd-4bc9-93b9-c3ff670ae6dd,Eggsy,2026-01-25 23:22:47.478881+00
4d88cef1-fd59-4735-8e3f-ae66f39e291e,11ec30d4-e20f-4136-aff2-9c56178396df,Roxy,2026-01-25 23:22:47.478881+00
4d88cef1-fd59-4735-8e3f-ae66f39e291e,21bb5875-c948-4e0e-8ccb-20795c64ff9a,Princess Tilde,2026-01-25 23:22:47.478881+00
4d88cef1-fd59-4735-8e3f-ae66f39e291e,44a6c327-65de-42e6-92a0-aefb6e39ee51,Harry Hart,2026-01-25 23:22:47.478881+00
4d88cef1-fd59-4735-8e3f-ae66f39e291e,4ffad95a-013a-49ac-b431-24651a9630e0,Brandon,2026-01-25 23:22:47.478881+00
4d88cef1-fd59-4735-8e3f-ae66f39e291e,5e51ba64-a231-4da3-bded-d022fcf15acf,Liam,2026-01-25 23:22:47.478881+00
4d88cef1-fd59-4735-8e3f-ae66f39e291e,5f4002cd-2d23-4d03-9c68-dd53b69d30ce,Jamal,2026-01-25 23:22:47.478881+00
4d88cef1-fd59-4735-8e3f-ae66f39e291e,6e93def5-6f82-47ef-bf4b-4699ca9bdc7b,Charles,2026-01-25 23:22:47.478881+00
4d88cef1-fd59-4735-8e3f-ae66f39e291e,773debaa-a425-40ea-a6e6-716369486116,Arthur,2026-01-25 23:22:47.478881+00
4d88cef1-fd59-4735-8e3f-ae66f39e291e,7b63cf43-b412-4cca-857c-91bd8734a275,Merlin,2026-01-25 23:22:47.478881+00
4d88cef1-fd59-4735-8e3f-ae66f39e291e,7b721ca3-14a6-4062-9b15-c2efd0a6cd4c,Kingsman Cab Driver,2026-01-25 23:22:47.478881+00
4d88cef1-fd59-4735-8e3f-ae66f39e291e,7d3d4a5d-b12c-42f1-89f0-d7c891ef662d,Charlie,2026-01-25 23:22:47.478881+00
4d88cef1-fd59-4735-8e3f-ae66f39e291e,81ed46a9-4ced-4cbd-a4cd-e3fc32a5da92,Chief of Staff Fox,2026-01-25 23:22:47.478881+00
4d88cef1-fd59-4735-8e3f-ae66f39e291e,9bb78f80-998d-4f33-97c8-b6a9a649d9c7,Tequila,2026-01-25 23:22:47.478881+00
4d88cef1-fd59-4735-8e3f-ae66f39e291e,9cb46497-d4c5-44fc-bdce-51d9bf608165,Ginger,2026-01-25 23:22:47.478881+00
4d88cef1-fd59-4735-8e3f-ae66f39e291e,acc2dc83-c4ff-4c56-a7e8-b4f7ee3ba235,Poppy,2026-01-25 23:22:47.478881+00
4d88cef1-fd59-4735-8e3f-ae66f39e291e,bceca446-7bd4-45e6-a8be-6776ab005aaa,President of the United States,2026-01-25 23:22:47.478881+00
4d88cef1-fd59-4735-8e3f-ae66f39e291e,db190876-a435-4369-9ef3-4ea99dabc853,Champ,2026-01-25 23:22:47.478881+00
4d88cef1-fd59-4735-8e3f-ae66f39e291e,efc9458c-a6d3-4ab3-b049-e75ff6d2fad4,Whiskey,2026-01-25 23:22:47.478881+00
4d88cef1-fd59-4735-8e3f-ae66f39e291e,ff2a272e-6f9b-421f-8f16-26dbe2652ee0,Elton John,2026-01-25 23:22:47.478881+00
4f1a0ff1-b317-4867-b621-5ebde72d812b,070cdfd9-70a6-47f2-9b34-14faebb54e44,Verbal,2026-02-03 06:54:43.294347+00
4f1a0ff1-b317-4867-b621-5ebde72d812b,0c9e526b-3545-4ee4-88a0-7aae5beadb95,Renault,2026-02-03 06:54:43.294347+00
4f1a0ff1-b317-4867-b621-5ebde72d812b,22656dd2-f85d-4610-9dbf-3ea818fe1cce,Jeff Rabin,2026-02-03 06:54:43.294347+00
4f1a0ff1-b317-4867-b621-5ebde72d812b,2a29cfa4-ceb1-49fc-ad0c-e39bd3f5854f,Dave Kujan,2026-02-03 06:54:43.294347+00
4f1a0ff1-b317-4867-b621-5ebde72d812b,3075e1d5-3169-42ac-a72a-154dc1d791f4,Arkosh Kovash,2026-02-03 06:54:43.294347+00
4f1a0ff1-b317-4867-b621-5ebde72d812b,48673802-b2cf-4a24-a5b4-46a4743b28d1,Kobayashi,2026-02-03 06:54:43.294347+00
4f1a0ff1-b317-4867-b621-5ebde72d812b,4dc5a9ff-c418-4f9b-8a02-ee92afff37ed,Saul Berg,2026-02-03 06:54:43.294347+00
4f1a0ff1-b317-4867-b621-5ebde72d812b,5481a9df-18c3-4ba4-8233-27e39956030f,McManus,2026-02-03 06:54:43.294347+00
4f1a0ff1-b317-4867-b621-5ebde72d812b,6c795bcb-c781-49a7-8508-b898a0d97a3e,Dr. Plummer,2026-02-03 06:54:43.294347+00
4f1a0ff1-b317-4867-b621-5ebde72d812b,73573803-71fd-427b-bdcc-1101121ae554,Hockney,2026-02-03 06:54:43.294347+00
4f1a0ff1-b317-4867-b621-5ebde72d812b,87919c00-430c-464b-8556-eb0ca33871ff,Edie Finneran,2026-02-03 06:54:43.294347+00
4f1a0ff1-b317-4867-b621-5ebde72d812b,8f719733-8325-4fda-a7f6-736be6247d95,Keaton,2026-02-03 06:54:43.294347+00
4f1a0ff1-b317-4867-b621-5ebde72d812b,a7c8e3f3-128f-4881-8773-e666a9b46934,Sketch Artist,2026-02-03 06:54:43.294347+00
4f1a0ff1-b317-4867-b621-5ebde72d812b,aad5d2be-9eec-45a1-9beb-1d7079973aa5,Strausz,2026-02-03 06:54:43.294347+00
4f1a0ff1-b317-4867-b621-5ebde72d812b,acb330c8-4d15-4a8d-a485-319a59adc149,Dr. Walters,2026-02-03 06:54:43.294347+00
4f1a0ff1-b317-4867-b621-5ebde72d812b,ae61028f-d58b-454e-9d5d-72bb1f26508f,Smuggler,2026-02-03 06:54:43.294347+00
4f1a0ff1-b317-4867-b621-5ebde72d812b,c57a30d3-5fc2-4302-94c4-7ea0c19e3513,Fortier,2026-02-03 06:54:43.294347+00
4f1a0ff1-b317-4867-b621-5ebde72d812b,caa27bd1-d84c-437a-9760-c4c5f6109690,Translator,2026-02-03 06:54:43.294347+00
4f1a0ff1-b317-4867-b621-5ebde72d812b,caccdfc0-1007-4b6c-8c11-50758dea4d3f,Jack Baer,2026-02-03 06:54:43.294347+00
4f1a0ff1-b317-4867-b621-5ebde72d812b,f9a033c9-21ba-4770-979c-fbb238107849,Fenster,2026-02-03 06:54:43.294347+00
4f86ddf6-aa04-4f00-b7ae-0dd101677825,09daf5b2-90c2-42cb-b834-e1355d40cd7c,Billy Clanton,2026-02-03 06:54:23.874938+00
4f86ddf6-aa04-4f00-b7ae-0dd101677825,1bda1d93-5d6a-4c3c-b675-21301c492fd6,Sherman McMasters,2026-02-03 06:54:23.874938+00
4f86ddf6-aa04-4f00-b7ae-0dd101677825,1f9008f6-2a21-4856-a863-9850bb106a19,Marshall Fred White,2026-02-03 06:54:23.874938+00
4f86ddf6-aa04-4f00-b7ae-0dd101677825,2a075477-c721-4193-a501-0aaea8b6d773,Mr. Fabian,2026-02-03 06:54:23.874938+00
4f86ddf6-aa04-4f00-b7ae-0dd101677825,2fbc371d-4561-4782-96d0-3f3307b22a7a,Josephine,2026-02-03 06:54:23.874938+00
4f86ddf6-aa04-4f00-b7ae-0dd101677825,39af54a3-43a4-4a29-a5b8-34ffbc5ca4e4,Wyatt Earp,2026-02-03 06:54:23.874938+00
4f86ddf6-aa04-4f00-b7ae-0dd101677825,3d782775-1cc5-4cdb-a691-862872ae4d1f,Kate,2026-02-03 06:54:23.874938+00
4f86ddf6-aa04-4f00-b7ae-0dd101677825,598039cf-5dd4-49b6-9bc8-3dead0251322,Doc Holliday,2026-02-03 06:54:23.874938+00
4f86ddf6-aa04-4f00-b7ae-0dd101677825,5cb068e9-793b-4a7d-ab19-ed5135c19bd6,Ike Clanton,2026-02-03 06:54:23.874938+00
4f86ddf6-aa04-4f00-b7ae-0dd101677825,5dec7353-9b47-4260-b6ec-e1a1521b4422,Mayor Clum,2026-02-03 06:54:23.874938+00
4f86ddf6-aa04-4f00-b7ae-0dd101677825,778360a3-b2db-4c96-ae71-3016eecd49ef,Mattie Earp,2026-02-03 06:54:23.874938+00
4f86ddf6-aa04-4f00-b7ae-0dd101677825,a1172be1-80d3-4e66-8648-7a0573dcfed2,Behan,2026-02-03 06:54:23.874938+00
4f86ddf6-aa04-4f00-b7ae-0dd101677825,bae8c3af-af9b-485a-8416-cbb624940dd9,Morgan Earp,2026-02-03 06:54:23.874938+00
4f86ddf6-aa04-4f00-b7ae-0dd101677825,bc8177f7-0a03-4aa8-ad5a-ef747f731cfb,Curly Bill,2026-02-03 06:54:23.874938+00
4f86ddf6-aa04-4f00-b7ae-0dd101677825,c1a8dd16-6326-498b-a41a-f3ba8526973f,Turkey Creek Jack Johnson,2026-02-03 06:54:23.874938+00
4f86ddf6-aa04-4f00-b7ae-0dd101677825,d83dc645-e097-4265-b831-0b988d0f749e,Billy Breckenridge,2026-02-03 06:54:23.874938+00
4f86ddf6-aa04-4f00-b7ae-0dd101677825,d960bf55-5467-49a5-a0b6-c5f404dcb2b0,Virgil Earp,2026-02-03 06:54:23.874938+00
4f86ddf6-aa04-4f00-b7ae-0dd101677825,e13b6f38-3d93-477e-9625-fbed662bc02f,Johnny Ringo,2026-02-03 06:54:23.874938+00
4f86ddf6-aa04-4f00-b7ae-0dd101677825,ee453a63-5694-4b89-9f66-c33dd6e559a4,Frank McLaury,2026-02-03 06:54:23.874938+00
4f86ddf6-aa04-4f00-b7ae-0dd101677825,fe3bc77d-c354-465d-8cd5-227aa2baf4be,Frank Stillwell,2026-02-03 06:54:23.874938+00
50181bee-6af5-44fc-a899-48ba33d6e12e,0cff8cb6-005e-47e5-8dec-8a38405e3572,Boy Getting Haircut,2026-01-25 23:22:47.478881+00
50181bee-6af5-44fc-a899-48ba33d6e12e,34495088-a7f0-4fdf-8d55-6ce291779608,Rose Bearer #2,2026-01-25 23:22:47.478881+00
50181bee-6af5-44fc-a899-48ba33d6e12e,3ade6b73-913a-40cc-9adc-8d313d959fd9,Imani Izzi,2026-01-25 23:22:47.478881+00
50181bee-6af5-44fc-a899-48ba33d6e12e,3ea76d2a-24f9-41e2-a214-acdf40c29fb8,Darryl Jenks,2026-01-25 23:22:47.478881+00
50181bee-6af5-44fc-a899-48ba33d6e12e,60902551-967e-4fb6-b045-3c93e14daf9c,Street Hustler,2026-01-25 23:22:47.478881+00
50181bee-6af5-44fc-a899-48ba33d6e12e,6d082a30-32e6-4b65-b8eb-4e288687f15b,Patrice McDowell,2026-01-25 23:22:47.478881+00
50181bee-6af5-44fc-a899-48ba33d6e12e,6e0a00f1-5518-4884-bf3b-b89603ee64d0,Maurice,2026-01-25 23:22:47.478881+00
50181bee-6af5-44fc-a899-48ba33d6e12e,6f755f0e-d0fd-4d4e-ab7b-c380f89e7b10,Colonel Izzi,2026-01-25 23:22:47.478881+00
50181bee-6af5-44fc-a899-48ba33d6e12e,780d166b-ba58-43a2-8b90-3ad72467f8a5,Queen Aoleon,2026-01-25 23:22:47.478881+00
50181bee-6af5-44fc-a899-48ba33d6e12e,7f943a8d-db88-4e58-8157-22fe5c2b0a7d,Semmi / Extremely Ugly Girl / Morris / Reverend Brown,2026-01-25 23:22:47.478881+00
50181bee-6af5-44fc-a899-48ba33d6e12e,9168e3a7-e8c6-40fe-ad2a-f2f9d20d2a07,Cleo McDowell,2026-01-25 23:22:47.478881+00
50181bee-6af5-44fc-a899-48ba33d6e12e,9eff9dbb-4771-44e2-82b0-c7dddc357c8b,Rose Bearer #1,2026-01-25 23:22:47.478881+00
50181bee-6af5-44fc-a899-48ba33d6e12e,a87919d3-0ac9-4715-a746-caaac01013f6,Basketball Game Vendor,2026-01-25 23:22:47.478881+00
50181bee-6af5-44fc-a899-48ba33d6e12e,bfdf0cff-021e-45dc-8ef4-aa2f99da5464,King Jaffe Joffer,2026-01-25 23:22:47.478881+00
50181bee-6af5-44fc-a899-48ba33d6e12e,c1e9704f-9d00-49c1-9934-531f99b7af71,Landlord,2026-01-25 23:22:47.478881+00
50181bee-6af5-44fc-a899-48ba33d6e12e,c61b6ac4-b561-47cc-92ba-b3e65221a625,Lisa McDowell,2026-01-25 23:22:47.478881+00
50181bee-6af5-44fc-a899-48ba33d6e12e,c9a3443c-9117-4209-be04-7933c51fed79,Hold-Up Man,2026-01-25 23:22:47.478881+00
50181bee-6af5-44fc-a899-48ba33d6e12e,d4264929-99bb-46ee-bbe0-8b45f9ee14fb,Oha,2026-01-25 23:22:47.478881+00
50181bee-6af5-44fc-a899-48ba33d6e12e,e1764f5c-df04-4b6e-b3fd-5896870e780a,Prince Akeem / Clarence / Randy Watson / Saul,2026-01-25 23:22:47.478881+00
50181bee-6af5-44fc-a899-48ba33d6e12e,fb051fb4-37dc-49aa-8b44-8dc542ede4a5,Rose Bearer #3,2026-01-25 23:22:47.478881+00
50644cc9-1d2d-49c4-94d8-6fca5ef267c5,02a340ff-19ae-423b-accd-be299a88c25d,Tanner,2026-01-30 05:44:00.185787+00
50644cc9-1d2d-49c4-94d8-6fca5ef267c5,05af7c74-149f-4930-810a-062449b8df8c,CNN News Anchor,2026-01-30 05:44:00.185787+00
50644cc9-1d2d-49c4-94d8-6fca5ef267c5,22a71836-de7e-4e78-94cb-b801cd0b17c5,M's Driver,2026-01-30 05:44:00.185787+00
50644cc9-1d2d-49c4-94d8-6fca5ef267c5,2918e606-654a-4ca9-97f6-f2a54a3ee140,Séverine,2026-01-30 05:44:00.185787+00
50644cc9-1d2d-49c4-94d8-6fca5ef267c5,6650a547-0818-4198-8b1c-a7aadd8df0e5,M,2026-01-30 05:44:00.185787+00
50644cc9-1d2d-49c4-94d8-6fca5ef267c5,6ab0134a-fc43-450f-a55c-e1a9d378c3cd,Bond's Lover,2026-01-30 05:44:00.185787+00
50644cc9-1d2d-49c4-94d8-6fca5ef267c5,80ebd63b-910c-4839-bb7f-de27f593c0ce,Clair Dowar MP,2026-01-30 05:44:00.185787+00
50644cc9-1d2d-49c4-94d8-6fca5ef267c5,87bebec3-7557-4db1-bc8a-81b46a252919,Eve,2026-01-30 05:44:00.185787+00
50644cc9-1d2d-49c4-94d8-6fca5ef267c5,999b77f6-3d96-457f-aaba-3f309bc3f3ce,Kincade,2026-01-30 05:44:00.185787+00
50644cc9-1d2d-49c4-94d8-6fca5ef267c5,9b504a84-2afe-445f-8672-835a9e0f9e44,Vauxhall Bridge Police Guard,2026-01-30 05:44:00.185787+00
50644cc9-1d2d-49c4-94d8-6fca5ef267c5,a3d4928b-0ae1-4d20-8a38-27b60685b6a3,Q,2026-01-30 05:44:00.185787+00
50644cc9-1d2d-49c4-94d8-6fca5ef267c5,a41ead22-9c1e-487b-9a03-9ce20ff33bec,James Bond,2026-01-30 05:44:00.185787+00
50644cc9-1d2d-49c4-94d8-6fca5ef267c5,ac68a2de-21fd-4c63-a545-73d257094688,Doctor Hall,2026-01-30 05:44:00.185787+00
50644cc9-1d2d-49c4-94d8-6fca5ef267c5,c9fa457d-a6ba-4603-a284-67dda6150e1e,Patrice,2026-01-30 05:44:00.185787+00
50644cc9-1d2d-49c4-94d8-6fca5ef267c5,d1c6557c-c30b-480f-88ba-6a129b59a1ad,Vanessa (M's Assistant),2026-01-30 05:44:00.185787+00
50644cc9-1d2d-49c4-94d8-6fca5ef267c5,e6561552-9242-416b-bbbc-b3de86b20b08,Gareth Mallory,2026-01-30 05:44:00.185787+00
50644cc9-1d2d-49c4-94d8-6fca5ef267c5,ea1508e9-f5f4-44ca-9e13-768f2b52bbd1,MI6 Technician,2026-01-30 05:44:00.185787+00
50644cc9-1d2d-49c4-94d8-6fca5ef267c5,edcbbbde-1436-43f2-b80c-797c54af357a,Vauxhall Bridge Police Guard,2026-01-30 05:44:00.185787+00
50644cc9-1d2d-49c4-94d8-6fca5ef267c5,efb7a5e3-075c-4ca9-af5b-d97a658a3993,Ronson,2026-01-30 05:44:00.185787+00
50644cc9-1d2d-49c4-94d8-6fca5ef267c5,fd97431d-4971-4a57-b989-56ace50ddad6,Silva,2026-01-30 05:44:00.185787+00
51982468-6f17-422e-bf95-be99861437db,1ecc2d71-cab9-4c0f-b1b8-9815e7ccf411,Hyacinthia,2026-01-25 23:22:47.478881+00
51982468-6f17-422e-bf95-be99861437db,2706156f-6d3d-45b6-bb24-cfc1363af1b7,Leta | Lucilla's Servant,2026-01-25 23:22:47.478881+00
51982468-6f17-422e-bf95-be99861437db,2812fffa-0bae-4cf7-bb99-a4f83418ff5d,Emperor Geta,2026-01-25 23:22:47.478881+00
51982468-6f17-422e-bf95-be99861437db,391d1a4d-fe93-4321-bf30-2577f3f08df8,Senator Thraex,2026-01-25 23:22:47.478881+00
51982468-6f17-422e-bf95-be99861437db,39e619e1-c82c-4edf-a569-bd30452edfb2,Darius,2026-01-25 23:22:47.478881+00
51982468-6f17-422e-bf95-be99861437db,45bd43bd-b3fa-4d52-b2c2-c6e40276abf6,Bostar,2026-01-25 23:22:47.478881+00
51982468-6f17-422e-bf95-be99861437db,4a073435-571b-448c-bbb6-19155ba6f7f2,Master of Ceremonies,2026-01-25 23:22:47.478881+00
51982468-6f17-422e-bf95-be99861437db,62628c38-1a99-4673-b2b3-5514f76de6ad,Arishat,2026-01-25 23:22:47.478881+00
51982468-6f17-422e-bf95-be99861437db,6d6d4228-5716-404f-a0c5-b5409289e94f,Ravi,2026-01-25 23:22:47.478881+00
51982468-6f17-422e-bf95-be99861437db,83013156-0d86-40ca-994a-253155b55e1d,Quaestor,2026-01-25 23:22:47.478881+00
51982468-6f17-422e-bf95-be99861437db,830b24df-f09f-4475-9d08-7b6a4d15f073,Lucius,2026-01-25 23:22:47.478881+00
51982468-6f17-422e-bf95-be99861437db,96449dc6-b973-466e-91db-8a12fc5ce277,Jugurtha,2026-01-25 23:22:47.478881+00
51982468-6f17-422e-bf95-be99861437db,a1233ae6-7b05-47ca-9010-5a86cc829cdc,Viggo,2026-01-25 23:22:47.478881+00
51982468-6f17-422e-bf95-be99861437db,a3576c2a-5fef-4647-b2bb-21ae9d1722cf,Young Lucius,2026-01-25 23:22:47.478881+00
51982468-6f17-422e-bf95-be99861437db,a5cb243d-0e39-4ebf-b295-8616dbf6a8f1,Gracchus,2026-01-25 23:22:47.478881+00
51982468-6f17-422e-bf95-be99861437db,a5e2b44a-0958-4420-9088-9e917e6f0bf1,General Tegula,2026-01-25 23:22:47.478881+00
51982468-6f17-422e-bf95-be99861437db,ca6a03b7-a60c-473a-a7c3-22c8d654954a,Lucilla,2026-01-25 23:22:47.478881+00
51982468-6f17-422e-bf95-be99861437db,ec85e68d-7ec2-45b4-8b14-238eb937a1b5,Macrinus,2026-01-25 23:22:47.478881+00
51982468-6f17-422e-bf95-be99861437db,efc9458c-a6d3-4ab3-b049-e75ff6d2fad4,General Acacius,2026-01-25 23:22:47.478881+00
51982468-6f17-422e-bf95-be99861437db,fafbb071-0799-47a9-8fab-8b8e5511c984,Emperor Caracalla,2026-01-25 23:22:47.478881+00
52c0b4ee-ea55-481d-9985-15523d7360ae,0e6d60b8-6a60-44d7-b436-4376bac18bdd,"Gary ""Boo Boo"" Giuffrida",2026-01-25 23:22:47.478881+00
52c0b4ee-ea55-481d-9985-15523d7360ae,0fd14803-6c48-4c71-8697-6ced272d364a,George Ward,2026-01-25 23:22:47.478881+00
52c0b4ee-ea55-481d-9985-15523d7360ae,222d294e-6b09-4330-87ae-2478f5b81b7a,Donna Eklund Jaynes,2026-01-25 23:22:47.478881+00
52c0b4ee-ea55-481d-9985-15523d7360ae,66a7cecd-cf37-4803-b898-e5c3356d832c,Sherri Ward,2026-01-25 23:22:47.478881+00
52c0b4ee-ea55-481d-9985-15523d7360ae,74ff93d5-37e3-4b49-b61f-16d8f0fa40ea,"Cathy ""Pork"" Eklund",2026-01-25 23:22:47.478881+00
52c0b4ee-ea55-481d-9985-15523d7360ae,78fb34cc-9165-4455-9606-64bcee6ca32f,Wolfie,2026-01-25 23:22:47.478881+00
52c0b4ee-ea55-481d-9985-15523d7360ae,7e28d79e-c2c7-4cf2-bc13-5e46d9ae51e0,"Cindy ""Tar"" Eklund",2026-01-25 23:22:47.478881+00
52c0b4ee-ea55-481d-9985-15523d7360ae,88090baf-b396-4017-8d8c-17bf748f41c8,Karen,2026-01-25 23:22:47.478881+00
52c0b4ee-ea55-481d-9985-15523d7360ae,a1ec3e04-0449-4d25-8d88-0686768fb67e,Dicky Eklund,2026-01-25 23:22:47.478881+00
52c0b4ee-ea55-481d-9985-15523d7360ae,b1ca0a2f-8f22-4edc-8f34-8ee53c698486,Micky Ward,2026-01-25 23:22:47.478881+00
52c0b4ee-ea55-481d-9985-15523d7360ae,b44f73b0-3b7d-4eef-8c44-27b59d1c67c8,Lou Gold,2026-01-25 23:22:47.478881+00
52c0b4ee-ea55-481d-9985-15523d7360ae,bab179a9-d33d-4984-8af5-95c295c8adf6,Kasie Ward,2026-01-25 23:22:47.478881+00
52c0b4ee-ea55-481d-9985-15523d7360ae,c216cbeb-e24b-4caa-8a5d-201b96681b6f,"Phyllis ""Beaver"" Eklund",2026-01-25 23:22:47.478881+00
52c0b4ee-ea55-481d-9985-15523d7360ae,d6a2aa89-1424-49fa-978d-721a4a6a5ce7,"Gail ""Red Dog"" Eklund",2026-01-25 23:22:47.478881+00
52c0b4ee-ea55-481d-9985-15523d7360ae,d7fe0e63-65aa-4783-b9af-d70895ccb9f3,Alice Ward,2026-01-25 23:22:47.478881+00
52c0b4ee-ea55-481d-9985-15523d7360ae,e56614dc-f0de-4cde-b15c-9a0407312f7f,Charlene Fleming,2026-01-25 23:22:47.478881+00
52c0b4ee-ea55-481d-9985-15523d7360ae,f17d09e9-5b83-44ca-9e81-4b83fe21e2e1,Mickey O'Keefe,2026-01-25 23:22:47.478881+00
52c0b4ee-ea55-481d-9985-15523d7360ae,f747cd48-aabd-4f14-8357-7f7481da1c48,Mike Toma,2026-01-25 23:22:47.478881+00
52c0b4ee-ea55-481d-9985-15523d7360ae,ffdf4bb3-54ae-4bc1-b898-0d5b8dcdb531,Sal Lanano,2026-01-25 23:22:47.478881+00
52c0b4ee-ea55-481d-9985-15523d7360ae,ffedf12d-b8a0-466f-b4c7-84de8f0bb1b4,"""Little Alice"" Eklund",2026-01-25 23:22:47.478881+00
52c444b4-8ce2-4915-b1c9-1e8ec5efa052,025c464e-4983-4025-b9bc-8c52fefcb67c,McCool,2026-01-25 23:22:47.478881+00
52c444b4-8ce2-4915-b1c9-1e8ec5efa052,1dbd5a98-f9ce-4ede-ba8b-62c16cdab970,Cortez,2026-01-25 23:22:47.478881+00
52c444b4-8ce2-4915-b1c9-1e8ec5efa052,26262646-6362-4fc2-8dfb-599d8862bf3a,Wickwire,2026-01-25 23:22:47.478881+00
52c444b4-8ce2-4915-b1c9-1e8ec5efa052,2e72f16c-0276-4fbb-92c4-9836695e9109,Flag Officer,2026-01-25 23:22:47.478881+00
52c444b4-8ce2-4915-b1c9-1e8ec5efa052,3889bde5-ed9e-4159-bd4c-0e350af4054e,Slovnik,2026-01-25 23:22:47.478881+00
52c444b4-8ce2-4915-b1c9-1e8ec5efa052,39dd6efd-419f-43c3-94f1-28a1eae88888,Miller,2026-01-25 23:22:47.478881+00
52c444b4-8ce2-4915-b1c9-1e8ec5efa052,4159bb04-f1a7-4969-92a4-b4f03eb87346,Master Chief John James Urgayle,2026-01-25 23:22:47.478881+00
52c444b4-8ce2-4915-b1c9-1e8ec5efa052,45ccf004-27ae-4697-92aa-0861eccbb0ba,Flag Officer,2026-01-25 23:22:47.478881+00
52c444b4-8ce2-4915-b1c9-1e8ec5efa052,63c71c36-9f09-4eea-b44d-b9e42a6a9884,Blondell,2026-01-25 23:22:47.478881+00
52c444b4-8ce2-4915-b1c9-1e8ec5efa052,97cb6ef0-c62a-433f-9559-fa3e161c97fb,C.O. Salem,2026-01-25 23:22:47.478881+00
52c444b4-8ce2-4915-b1c9-1e8ec5efa052,9ba13d54-62bd-4b42-ad90-c0cd1be20100,Senator Lillian DeHaven,2026-01-25 23:22:47.478881+00
52c444b4-8ce2-4915-b1c9-1e8ec5efa052,af5a6d7e-d2cf-4b28-880b-43b49fab89f1,Lt. Jordan O'Neil,2026-01-25 23:22:47.478881+00
52c444b4-8ce2-4915-b1c9-1e8ec5efa052,b9d4f9f1-0906-499b-8878-4cbe2e6639d0,Stamm,2026-01-25 23:22:47.478881+00
52c444b4-8ce2-4915-b1c9-1e8ec5efa052,cbf2a7e3-fc81-4892-847b-1c81e28ac802,Newberry,2026-01-25 23:22:47.478881+00
52c444b4-8ce2-4915-b1c9-1e8ec5efa052,d20e3ee9-49f4-4ef5-8d8c-3e6ca93e39de,Instructor Pyro,2026-01-25 23:22:47.478881+00
52c444b4-8ce2-4915-b1c9-1e8ec5efa052,d4611559-47e0-4aed-9793-18c6945ecb66,Instructor Johns,2026-01-25 23:22:47.478881+00
52c444b4-8ce2-4915-b1c9-1e8ec5efa052,da741bc1-74b4-4073-8679-f3dc9dc8f71a,Chief of Staff,2026-01-25 23:22:47.478881+00
52c444b4-8ce2-4915-b1c9-1e8ec5efa052,f0ff65ca-0020-4aee-930b-e07dbb7ed811,Flea,2026-01-25 23:22:47.478881+00
52c444b4-8ce2-4915-b1c9-1e8ec5efa052,f46268f1-825c-4991-ba0f-3ac100f05b62,Royce,2026-01-25 23:22:47.478881+00
52c444b4-8ce2-4915-b1c9-1e8ec5efa052,f64a8d8c-baa1-4da4-ae15-f1a0994c5d04,Theodore Hayes,2026-01-25 23:22:47.478881+00
55da6e1f-fafb-4e65-893e-963a2eae2fd1,1de4ab9f-5753-470a-b7e9-2bc97f24111a,Cherita Chen,2026-01-25 23:22:47.478881+00
55da6e1f-fafb-4e65-893e-963a2eae2fd1,2cf4beab-29bf-4deb-bf0c-91855467f513,Samantha Darko,2026-01-25 23:22:47.478881+00
55da6e1f-fafb-4e65-893e-963a2eae2fd1,374fb9c1-73b9-4c33-ae96-27baa42fc89b,Joanie James,2026-01-25 23:22:47.478881+00
55da6e1f-fafb-4e65-893e-963a2eae2fd1,473f704c-71e9-4409-b7e4-a6f104c0d785,Roberta Sparrow / Grandma Death,2026-01-25 23:22:47.478881+00
55da6e1f-fafb-4e65-893e-963a2eae2fd1,495b6bbb-3793-4351-af5e-1b182d568c1d,Donnie Darko,2026-01-25 23:22:47.478881+00
55da6e1f-fafb-4e65-893e-963a2eae2fd1,5c1867d9-c031-4886-b050-5065420d1a3f,Karen Pomeroy,2026-01-25 23:22:47.478881+00
55da6e1f-fafb-4e65-893e-963a2eae2fd1,7170c87d-d4a7-4903-9e59-a2c70bb1d979,Kitty Farmer,2026-01-25 23:22:47.478881+00
55da6e1f-fafb-4e65-893e-963a2eae2fd1,7cb49bd0-fd2b-4028-9316-05d41cbf81b5,Elizabeth Darko,2026-01-25 23:22:47.478881+00
55da6e1f-fafb-4e65-893e-963a2eae2fd1,8451fe00-f465-427a-ac74-ca2e5209fbe3,Principal Cole,2026-01-25 23:22:47.478881+00
55da6e1f-fafb-4e65-893e-963a2eae2fd1,8e4cc777-0d86-4773-96a8-1aa0778a9ef9,Dr. Fisher,2026-01-25 23:22:47.478881+00
55da6e1f-fafb-4e65-893e-963a2eae2fd1,97271629-5009-4c6d-aee6-499d77fab9df,Prof. Kenneth Monnitoff,2026-01-25 23:22:47.478881+00
55da6e1f-fafb-4e65-893e-963a2eae2fd1,a16e06d9-3f33-4145-a0c1-3446f978cd90,Susie Bates,2026-01-25 23:22:47.478881+00
55da6e1f-fafb-4e65-893e-963a2eae2fd1,a87b96bb-ffc5-4992-be6d-4a2da986763f,Dr. Lilian Thurman,2026-01-25 23:22:47.478881+00
55da6e1f-fafb-4e65-893e-963a2eae2fd1,b3f20d40-27b1-484b-8ba7-946293a6e822,Bob Garland,2026-01-25 23:22:47.478881+00
55da6e1f-fafb-4e65-893e-963a2eae2fd1,cb5fba77-918c-4f9b-bfba-dcc13e0415de,Rose Darko,2026-01-25 23:22:47.478881+00
55da6e1f-fafb-4e65-893e-963a2eae2fd1,e7d226f1-8d75-4ef4-8dba-d4103c550f5a,Jim Cunningham,2026-01-25 23:22:47.478881+00
55da6e1f-fafb-4e65-893e-963a2eae2fd1,ee7a52c9-df03-4a51-9790-e225a3005020,Eddie Darko,2026-01-25 23:22:47.478881+00
55da6e1f-fafb-4e65-893e-963a2eae2fd1,f0b4716a-bbe3-4272-9e08-08cee3ca98b0,Gretchen Ross,2026-01-25 23:22:47.478881+00
55da6e1f-fafb-4e65-893e-963a2eae2fd1,f292ae82-4537-4dd8-aa5c-b53b44953b68,Frank,2026-01-25 23:22:47.478881+00
55da6e1f-fafb-4e65-893e-963a2eae2fd1,f9ff568c-a065-4650-b8d5-198fdce88b73,Emily Bates,2026-01-25 23:22:47.478881+00
58baaeb5-d63a-4539-8603-6545500bc202,0fc32be8-2b91-4879-a0fe-5678e370c6a3,Party Boy #2,2026-02-03 06:56:12.341917+00
58baaeb5-d63a-4539-8603-6545500bc202,488d9061-2541-4fa2-b8f0-805ab781d6d9,Miles' Friend #1,2026-02-03 06:56:12.341917+00
58baaeb5-d63a-4539-8603-6545500bc202,4ca2fe3e-83ef-46be-ad0b-fcabb78693b6,Marcie Dahlgren-Frost,2026-02-03 06:56:12.341917+00
58baaeb5-d63a-4539-8603-6545500bc202,5ab6dc0c-db71-4853-b326-d9a0188ea9d3,Miles Russell,2026-02-03 06:56:12.341917+00
58baaeb5-d63a-4539-8603-6545500bc202,625ccf03-4cde-4f69-817d-7827265af93a,E. Roger Coswell,2026-02-03 06:56:12.341917+00
58baaeb5-d63a-4539-8603-6545500bc202,6b8f88b5-ebe8-452f-8963-17f8a86c5e23,Buck Russell,2026-02-03 06:56:12.341917+00
58baaeb5-d63a-4539-8603-6545500bc202,79f9e23c-85fe-4406-87ac-4787b05b4524,Miles' Friend #3,2026-02-03 06:56:12.341917+00
58baaeb5-d63a-4539-8603-6545500bc202,7a6a9dfe-5ba1-4ad1-9882-a5ba5761ca1b,Party Boy #3,2026-02-03 06:56:12.341917+00
58baaeb5-d63a-4539-8603-6545500bc202,837191f9-e04d-456a-a2f7-6c5ac21200b3,Chanice Kobolowski,2026-02-03 06:56:12.341917+00
58baaeb5-d63a-4539-8603-6545500bc202,88f4305a-68ff-4a3a-aa27-28f27266a93f,Maizy Russell,2026-02-03 06:56:12.341917+00
58baaeb5-d63a-4539-8603-6545500bc202,8f744302-d7da-41e5-890f-e63d22b46119,Mr. Hatfield (voice),2026-02-03 06:56:12.341917+00
58baaeb5-d63a-4539-8603-6545500bc202,9a161ff2-27d9-4e79-82ea-af88ebd342b7,Bob Russell,2026-02-03 06:56:12.341917+00
58baaeb5-d63a-4539-8603-6545500bc202,9ece24c9-d89e-4e88-b33a-adcd93c86068,Miles' Friend #2,2026-02-03 06:56:12.341917+00
58baaeb5-d63a-4539-8603-6545500bc202,a5719974-350e-4100-9754-8c7406880163,Cindy Russell,2026-02-03 06:56:12.341917+00
58baaeb5-d63a-4539-8603-6545500bc202,ac20ab6a-1d0b-4594-ac92-ac2b4139b0b8,Bug,2026-02-03 06:56:12.341917+00
58baaeb5-d63a-4539-8603-6545500bc202,bb5f10ca-40c8-461e-bad2-557eb7b6cdb5,Mrs. Hogarth,2026-02-03 06:56:12.341917+00
58baaeb5-d63a-4539-8603-6545500bc202,d9ed1d7c-670b-4759-abee-c8c87cdb57ee,Tia Russell,2026-02-03 06:56:12.341917+00
58baaeb5-d63a-4539-8603-6545500bc202,da5d6ad9-4e11-459f-9a84-78d189a3758b,Pal,2026-02-03 06:56:12.341917+00
58baaeb5-d63a-4539-8603-6545500bc202,dc8aa6ca-b8c6-43bf-ad1a-d274e5711429,Party Boy #1,2026-02-03 06:56:12.341917+00
58baaeb5-d63a-4539-8603-6545500bc202,fedef113-7130-41fc-9d2b-10738cefe429,Pooter-the-Clown,2026-02-03 06:56:12.341917+00
590b97b6-86a9-476a-b64b-4bc308ee9a0d,00a6d1ee-41f1-4766-b07e-48a1f1f6d784,Roy More,2026-01-25 23:22:47.478881+00
590b97b6-86a9-476a-b64b-4bc308ee9a0d,19aa90f5-c9cf-461b-8b6d-7423a786f1a7,Perfidia,2026-01-25 23:22:47.478881+00
590b97b6-86a9-476a-b64b-4bc308ee9a0d,1e8b24ca-e8e1-42be-b9a9-6f706beb2021,Deandra,2026-01-25 23:22:47.478881+00
590b97b6-86a9-476a-b64b-4bc308ee9a0d,4b1ea453-f2bb-4b33-9438-873611bcf923,Avanti,2026-01-25 23:22:47.478881+00
590b97b6-86a9-476a-b64b-4bc308ee9a0d,4ce8f982-5b65-414b-a084-34ab48dfa92e,R.A. Rippey,2026-01-25 23:22:47.478881+00
590b97b6-86a9-476a-b64b-4bc308ee9a0d,59d25994-d281-4432-a52f-b027ee0ce55b,Laredo,2026-01-25 23:22:47.478881+00
590b97b6-86a9-476a-b64b-4bc308ee9a0d,5b303e5a-28bd-4a40-b8d5-58969c29dee2,Sister Rochelle,2026-01-25 23:22:47.478881+00
590b97b6-86a9-476a-b64b-4bc308ee9a0d,5b5e1354-3930-4c92-98e5-084c26d6b700,Bob,2026-01-25 23:22:47.478881+00
590b97b6-86a9-476a-b64b-4bc308ee9a0d,6a185110-a197-4a70-a59e-fb92307fb7b0,Tim Smith,2026-01-25 23:22:47.478881+00
590b97b6-86a9-476a-b64b-4bc308ee9a0d,7b59c232-23d2-45ae-8305-76e579f1c141,Col. Steven J. Lockjaw,2026-01-25 23:22:47.478881+00
590b97b6-86a9-476a-b64b-4bc308ee9a0d,81d46ef6-9f3a-4fde-bd37-1ec6d6070f35,Virgil Throckmorton,2026-01-25 23:22:47.478881+00
590b97b6-86a9-476a-b64b-4bc308ee9a0d,9eab77e1-d615-4718-8ecf-a90dd4d7ab19,Mae West,2026-01-25 23:22:47.478881+00
590b97b6-86a9-476a-b64b-4bc308ee9a0d,aeb4e73a-8508-43c5-afb7-2e31b069bd0d,Sober Rick,2026-01-25 23:22:47.478881+00
590b97b6-86a9-476a-b64b-4bc308ee9a0d,dda4e94a-891f-45c5-a83c-770e46ae7540,Willa,2026-01-25 23:22:47.478881+00
590b97b6-86a9-476a-b64b-4bc308ee9a0d,e6c72681-c60c-41a8-b00e-0b8039c0eceb,Sommerville,2026-01-25 23:22:47.478881+00
590b97b6-86a9-476a-b64b-4bc308ee9a0d,edc92722-f25a-413c-9a13-bfd9309e15f3,Bill Desmond,2026-01-25 23:22:47.478881+00
590b97b6-86a9-476a-b64b-4bc308ee9a0d,eef3af8c-fc98-4a37-9bb1-91fe5c452d86,Sandy Irvine,2026-01-25 23:22:47.478881+00
590b97b6-86a9-476a-b64b-4bc308ee9a0d,f8a66c14-bf87-4ad6-a6bf-3079e8c8a90f,Talleyrand,2026-01-25 23:22:47.478881+00
590b97b6-86a9-476a-b64b-4bc308ee9a0d,f9a033c9-21ba-4770-979c-fbb238107849,Sensei Sergio St. Carlos,2026-01-25 23:22:47.478881+00
590b97b6-86a9-476a-b64b-4bc308ee9a0d,fdf2d13e-5630-4f0b-b6c3-3b9e6c34d17a,Junglepussy,2026-01-25 23:22:47.478881+00
59f0c4ba-17e1-4f67-9183-cf44114d2928,0acf9173-a467-4ca8-a8b7-10c3aa63a655,Franco The Elder,2026-01-25 23:22:47.478881+00
59f0c4ba-17e1-4f67-9183-cf44114d2928,1806cfff-cf29-43cb-84d4-f629282894da,Franco The Younger,2026-01-25 23:22:47.478881+00
59f0c4ba-17e1-4f67-9183-cf44114d2928,260e5d46-0ae7-45d5-9ff0-efd651d5f65b,Paul,2026-01-25 23:22:47.478881+00
59f0c4ba-17e1-4f67-9183-cf44114d2928,38ade07f-385f-4ec0-a841-e8a107e70f7c,Wilford,2026-01-25 23:22:47.478881+00
59f0c4ba-17e1-4f67-9183-cf44114d2928,42c0f51c-cc28-4b20-a2d7-3a1a8783f5de,Curtis,2026-01-25 23:22:47.478881+00
59f0c4ba-17e1-4f67-9183-cf44114d2928,5246c81b-b033-443b-a203-68effa235ff5,Teacher,2026-01-25 23:22:47.478881+00
59f0c4ba-17e1-4f67-9183-cf44114d2928,5f99b60f-694c-452c-8992-6326c0a0280c,Yona,2026-01-25 23:22:47.478881+00
59f0c4ba-17e1-4f67-9183-cf44114d2928,71349465-64cb-4d6b-b08a-4c7d9b2294a3,Claude,2026-01-25 23:22:47.478881+00
59f0c4ba-17e1-4f67-9183-cf44114d2928,73bb61c4-1456-406b-96af-f05bc6569392,Edgar,2026-01-25 23:22:47.478881+00
59f0c4ba-17e1-4f67-9183-cf44114d2928,7a3aee8a-7967-4597-95ca-b89d6e1f34d5,Painter,2026-01-25 23:22:47.478881+00
59f0c4ba-17e1-4f67-9183-cf44114d2928,84bc2393-147d-4692-81f9-ef1f8903c0f4,News Reporter,2026-01-25 23:22:47.478881+00
59f0c4ba-17e1-4f67-9183-cf44114d2928,96f00448-6563-4de2-9775-5da36600b24e,Fuyu,2026-01-25 23:22:47.478881+00
59f0c4ba-17e1-4f67-9183-cf44114d2928,97aa9cc8-f6cd-464a-89be-46b2ff2faf03,Egg-Head,2026-01-25 23:22:47.478881+00
59f0c4ba-17e1-4f67-9183-cf44114d2928,9b7828ba-c752-4ca4-864f-577bdb63f90a,Mason,2026-01-25 23:22:47.478881+00
59f0c4ba-17e1-4f67-9183-cf44114d2928,ab81d829-ba1b-401c-bcb2-803f2890e629,Namgoong Minsu,2026-01-25 23:22:47.478881+00
59f0c4ba-17e1-4f67-9183-cf44114d2928,df890f0f-0b38-4f1c-b21a-16c2d7e6e1f0,Gilliam,2026-01-25 23:22:47.478881+00
59f0c4ba-17e1-4f67-9183-cf44114d2928,e1f2d81b-e753-4c12-bf46-de9198ca5f94,Grey,2026-01-25 23:22:47.478881+00
59f0c4ba-17e1-4f67-9183-cf44114d2928,ee4e4173-369c-4475-a3d1-1c8cbff98aff,Andrew,2026-01-25 23:22:47.478881+00
59f0c4ba-17e1-4f67-9183-cf44114d2928,f4e6df31-ac80-4f50-a869-6b5ec3850252,Tim,2026-01-25 23:22:47.478881+00
59f0c4ba-17e1-4f67-9183-cf44114d2928,f8409586-4197-4bc8-9f1a-8eece0261e70,Tanya,2026-01-25 23:22:47.478881+00
5ac1f6da-e511-40a1-82a1-273e794dd0eb,08df5f7d-5c82-40d4-aff7-9801257151f0,Joe Chandler,2026-02-03 06:58:49.368519+00
5ac1f6da-e511-40a1-82a1-273e794dd0eb,0b096ad9-e5d8-4871-883b-662de7cd8854,Young Patrick Chandler,2026-02-03 06:58:49.368519+00
5ac1f6da-e511-40a1-82a1-273e794dd0eb,0cfa0e28-ef0e-44cc-97cd-2afae77aaca5,Dr. Muller,2026-02-03 06:58:49.368519+00
5ac1f6da-e511-40a1-82a1-273e794dd0eb,4a185e8c-f8a6-4afb-bc01-8a741bbefd8e,Hockey Coach,2026-02-03 06:58:49.368519+00
5ac1f6da-e511-40a1-82a1-273e794dd0eb,4cf24f89-736e-46de-83a8-0e598f190b37,Elise Henderson,2026-02-03 06:58:49.368519+00
5ac1f6da-e511-40a1-82a1-273e794dd0eb,79f7afb9-8fe6-486c-ad40-0283c65b930f,Nurse Irene,2026-02-03 06:58:49.368519+00
5ac1f6da-e511-40a1-82a1-273e794dd0eb,7b7fc6e1-bab3-4f8b-99d7-3283f5fd3980,Patrick Chandler,2026-02-03 06:58:49.368519+00
5ac1f6da-e511-40a1-82a1-273e794dd0eb,88cd8474-f895-4719-b680-f8a271ca74d9,Mr. Emery,2026-02-03 06:58:49.368519+00
5ac1f6da-e511-40a1-82a1-273e794dd0eb,89e4c08b-d603-40b3-a5bf-151a17fd8ad4,Karen Chandler,2026-02-03 06:58:49.368519+00
5ac1f6da-e511-40a1-82a1-273e794dd0eb,8e6e428d-8dfd-4886-abb0-e1bdb09f106b,Jill,2026-02-03 06:58:49.368519+00
5ac1f6da-e511-40a1-82a1-273e794dd0eb,97863ac0-299b-4ac4-8cba-c2237b05885c,Suzy Chandler,2026-02-03 06:58:49.368519+00
5ac1f6da-e511-40a1-82a1-273e794dd0eb,a4efe9d4-8673-482b-ab57-b94267239d3a,Silvie McGann,2026-02-03 06:58:49.368519+00
5ac1f6da-e511-40a1-82a1-273e794dd0eb,bb2a58d8-4191-48af-b140-d4d38d0f1d46,Sandy,2026-02-03 06:58:49.368519+00
5ac1f6da-e511-40a1-82a1-273e794dd0eb,bce3988d-8b33-4235-b010-2a734ef06a49,Wes (Joe's Lawyer),2026-02-03 06:58:49.368519+00
5ac1f6da-e511-40a1-82a1-273e794dd0eb,bd60047b-6446-4707-b809-8f3f97a19fa9,Randi Chandler,2026-02-03 06:58:49.368519+00
5ac1f6da-e511-40a1-82a1-273e794dd0eb,c5fc2203-ecd7-46d4-b18c-ff6c295a5fe3,Stan Chandler,2026-02-03 06:58:49.368519+00
5ac1f6da-e511-40a1-82a1-273e794dd0eb,d324a7e7-5940-4edc-b4e5-6f0db68f45ed,George,2026-02-03 06:58:49.368519+00
5ac1f6da-e511-40a1-82a1-273e794dd0eb,de105dcb-1e18-4faf-a5e7-9bf66399cdd9,Dr. Bethany,2026-02-03 06:58:49.368519+00
5ac1f6da-e511-40a1-82a1-273e794dd0eb,e1aa3f44-1f39-49a1-a916-6db9a2aa6acd,Jeffrey Garner,2026-02-03 06:58:49.368519+00
5ac1f6da-e511-40a1-82a1-273e794dd0eb,fd353abd-44fb-4a3e-937a-68c8d5a6338e,Lee Chandler,2026-02-03 06:58:49.368519+00
5ae07954-45c3-43b1-ae5a-d2aba1c1ef76,04b71a0b-f4e3-4f70-81c6-2540d3377a3f,Elena Wallace,2026-01-25 23:22:47.478881+00
5ae07954-45c3-43b1-ae5a-d2aba1c1ef76,0f968745-90ac-4a0e-adb9-d2dd6b848a1c,Reek,2026-01-25 23:22:47.478881+00
5ae07954-45c3-43b1-ae5a-d2aba1c1ef76,1135ba43-c7e4-4a33-996f-5f35b26f83cf,Noah Diaz,2026-01-25 23:22:47.478881+00
5ae07954-45c3-43b1-ae5a-d2aba1c1ef76,3dfee3f2-82e3-453c-8470-5edb12377510,Wheeljack (voice),2026-01-25 23:22:47.478881+00
5ae07954-45c3-43b1-ae5a-d2aba1c1ef76,4012a582-8756-4d56-85f5-f099bd0758f8,Receptionist,2026-01-25 23:22:47.478881+00
5ae07954-45c3-43b1-ae5a-d2aba1c1ef76,5855d389-e26c-4f2c-a35c-467685cc1b01,Bishop,2026-01-25 23:22:47.478881+00
5ae07954-45c3-43b1-ae5a-d2aba1c1ef76,6757a722-e123-4732-b585-a03c2ebedcae,Kris Diaz,2026-01-25 23:22:47.478881+00
5ae07954-45c3-43b1-ae5a-d2aba1c1ef76,6d570871-80ed-4a30-bb3a-8c3f2d7360ae,Ms. Greene,2026-01-25 23:22:47.478881+00
5ae07954-45c3-43b1-ae5a-d2aba1c1ef76,8e95c961-c8a4-4c08-9845-be1f9ba6fcec,Bridge Security Guard,2026-01-25 23:22:47.478881+00
5ae07954-45c3-43b1-ae5a-d2aba1c1ef76,964b4c1a-0f0c-4713-b1d2-10a2c0ba20be,Arcee (voice),2026-01-25 23:22:47.478881+00
5ae07954-45c3-43b1-ae5a-d2aba1c1ef76,98a54481-1ab4-4ce6-9510-8136291115ee,Airazor (voice),2026-01-25 23:22:47.478881+00
5ae07954-45c3-43b1-ae5a-d2aba1c1ef76,a88da495-b31b-4d67-9dcd-29155995327e,Mirage (voice),2026-01-25 23:22:47.478881+00
5ae07954-45c3-43b1-ae5a-d2aba1c1ef76,a95c1e17-39c4-4275-ad16-edd551ea1978,NYC Police Officer,2026-01-25 23:22:47.478881+00
5ae07954-45c3-43b1-ae5a-d2aba1c1ef76,b5274740-6fe6-4ae3-935c-1e2a34d8192d,Optimus Prime (voice),2026-01-25 23:22:47.478881+00
5ae07954-45c3-43b1-ae5a-d2aba1c1ef76,b9cc3187-14bf-413c-a8ba-c656c18aa311,Hotel Security Guard,2026-01-25 23:22:47.478881+00
5ae07954-45c3-43b1-ae5a-d2aba1c1ef76,cb2221ea-dcf0-4fb5-812a-289c2225efc2,Breanna Diaz,2026-01-25 23:22:47.478881+00
5ae07954-45c3-43b1-ae5a-d2aba1c1ef76,cb31250b-14fb-4fd7-b524-8ec041b6d5f9,Scourge (voice),2026-01-25 23:22:47.478881+00
5ae07954-45c3-43b1-ae5a-d2aba1c1ef76,f2279bcd-4dab-44fa-8266-ebff4d28bdd0,Jillian,2026-01-25 23:22:47.478881+00
5ae07954-45c3-43b1-ae5a-d2aba1c1ef76,f3218967-779b-414e-9204-d85ffbb37dbb,NYC Police Officer,2026-01-25 23:22:47.478881+00
5ae07954-45c3-43b1-ae5a-d2aba1c1ef76,f97cfa63-4515-4ae3-b8bc-c03d8f3fabc4,Optimus Primal (voice),2026-01-25 23:22:47.478881+00
5b5e24b0-5cf8-4d62-9e8b-5c063bad442a,026a718c-4757-4933-ad43-e0c274d37bd8,Teddy Duchamp,2026-02-04 03:38:54.63765+00
5b5e24b0-5cf8-4d62-9e8b-5c063bad442a,08875c04-66fa-421f-b57d-bb9050c433c5,Chris Chambers,2026-02-04 03:38:54.63765+00
5b5e24b0-5cf8-4d62-9e8b-5c063bad442a,1af10afe-505b-4da6-b290-9cc3d47c80f4,Charlie Hogan,2026-02-04 03:38:54.63765+00
5b5e24b0-5cf8-4d62-9e8b-5c063bad442a,25cacd9d-fc64-4302-b49f-97e80e5a43c3,Mr. Lachance,2026-02-04 03:38:54.63765+00
5b5e24b0-5cf8-4d62-9e8b-5c063bad442a,270722c2-b3c9-4374-929d-85ddfd83904d,Milo Pressman,2026-02-04 03:38:54.63765+00
5b5e24b0-5cf8-4d62-9e8b-5c063bad442a,593fa140-8ea7-4cde-921f-ef05196d7b41,Vince Desjardins,2026-02-04 03:38:54.63765+00
5b5e24b0-5cf8-4d62-9e8b-5c063bad442a,632aee85-3b59-425e-8b1f-4613e6238342,Ace Merrill,2026-02-04 03:38:54.63765+00
5b5e24b0-5cf8-4d62-9e8b-5c063bad442a,686c23b8-a2ea-4807-8bbb-b73c143ed570,Gordie Lachance,2026-02-04 03:38:54.63765+00
5b5e24b0-5cf8-4d62-9e8b-5c063bad442a,6cf43102-abe5-499f-a258-b5d955f1c7aa,The Writer,2026-02-04 03:38:54.63765+00
5b5e24b0-5cf8-4d62-9e8b-5c063bad442a,708898e9-5ec1-4840-a3ca-d9e5bafc2232,Mayor's Wife,2026-02-04 03:38:54.63765+00
5b5e24b0-5cf8-4d62-9e8b-5c063bad442a,7c9f6628-1437-4492-8e1d-9495487c76b0,Billy Tessio,2026-02-04 03:38:54.63765+00
5b5e24b0-5cf8-4d62-9e8b-5c063bad442a,8ea70bf8-d1c5-4c9b-851b-d352946b8a7b,Vern Tessio,2026-02-04 03:38:54.63765+00
5b5e24b0-5cf8-4d62-9e8b-5c063bad442a,bcc11d5c-e25a-44ea-bb70-ffd47c28fde9,Eyeball Chambers,2026-02-04 03:38:54.63765+00
5b5e24b0-5cf8-4d62-9e8b-5c063bad442a,d749f725-cb7f-43b6-8f31-0b4a391b2879,Principal Wiggins,2026-02-04 03:38:54.63765+00
5b5e24b0-5cf8-4d62-9e8b-5c063bad442a,e4cbe3fc-1f8d-4362-a9bc-8ab798808d37,Mayor Grundy,2026-02-04 03:38:54.63765+00
5b5e24b0-5cf8-4d62-9e8b-5c063bad442a,e923bc5b-7aa4-44a4-9f09-7ad576f70ee1,Denny Lachance,2026-02-04 03:38:54.63765+00
5b5e24b0-5cf8-4d62-9e8b-5c063bad442a,ecf36901-d2dc-4cb0-a582-8836a15ec756,Mr. Quidacioluo,2026-02-04 03:38:54.63765+00
5b5e24b0-5cf8-4d62-9e8b-5c063bad442a,edbc9398-9712-49ba-a9da-0667118260b7,Mrs. Lachance,2026-02-04 03:38:54.63765+00
5b5e24b0-5cf8-4d62-9e8b-5c063bad442a,f4c41d87-2724-45e8-ab1f-2af4b3f133d6,Bob Cormier,2026-02-04 03:38:54.63765+00
5b5e24b0-5cf8-4d62-9e8b-5c063bad442a,fae6a8e7-1237-402d-8b48-15f76d77de98,Waitress,2026-02-04 03:38:54.63765+00
5d967040-0b79-41a5-9e26-81d4ae4306bb,02b272c5-8f08-43bd-9278-b56fdafab538,Counselor,2026-01-25 23:22:47.478881+00
5d967040-0b79-41a5-9e26-81d4ae4306bb,09619f58-9a1f-45bc-9cf5-9eb273d309f9,Paul,2026-01-25 23:22:47.478881+00
5d967040-0b79-41a5-9e26-81d4ae4306bb,13d29728-1300-4190-a1a1-bdae3139b5ba,Alex's Mom,2026-01-25 23:22:47.478881+00
5d967040-0b79-41a5-9e26-81d4ae4306bb,16248112-8fc6-4ca0-bc0a-0cd20dcbd841,Donna,2026-01-25 23:22:47.478881+00
5d967040-0b79-41a5-9e26-81d4ae4306bb,343a6473-4ecf-43c0-b627-7e58c2636f54,Liquor Store Clerk,2026-01-25 23:22:47.478881+00
5d967040-0b79-41a5-9e26-81d4ae4306bb,351de07d-b83b-436c-ab03-0340629a9663,Matthew,2026-01-25 23:22:47.478881+00
5d967040-0b79-41a5-9e26-81d4ae4306bb,365a7ed9-9fec-41de-b7f4-dff4e85e9477,Marcus,2026-01-25 23:22:47.478881+00
5d967040-0b79-41a5-9e26-81d4ae4306bb,414c08e0-4150-4fe5-ba05-73479f31dc88,Archer's Wife,2026-01-25 23:22:47.478881+00
5d967040-0b79-41a5-9e26-81d4ae4306bb,506988c9-2c9d-42cb-b26f-2e875bedc4de,Parent #1,2026-01-25 23:22:47.478881+00
5d967040-0b79-41a5-9e26-81d4ae4306bb,653b3ccc-ad17-4e42-9e05-d039b97b620a,James,2026-01-25 23:22:47.478881+00
5d967040-0b79-41a5-9e26-81d4ae4306bb,65816a6c-c8a0-4641-87fb-ad86734aaacf,Justine,2026-01-25 23:22:47.478881+00
5d967040-0b79-41a5-9e26-81d4ae4306bb,707c7ae8-7e2c-42ac-a76f-4f4966b543dd,Archer,2026-01-25 23:22:47.478881+00
5d967040-0b79-41a5-9e26-81d4ae4306bb,837191f9-e04d-456a-a2f7-6c5ac21200b3,Gladys,2026-01-25 23:22:47.478881+00
5d967040-0b79-41a5-9e26-81d4ae4306bb,99506c6d-440b-4557-805b-2e188fccef46,Captain Ed,2026-01-25 23:22:47.478881+00
5d967040-0b79-41a5-9e26-81d4ae4306bb,997f85b9-d864-4ae2-b836-387a34ddd609,Parent #2,2026-01-25 23:22:47.478881+00
5d967040-0b79-41a5-9e26-81d4ae4306bb,af4a567c-aba3-4274-9771-8650c67fd63b,Alex,2026-01-25 23:22:47.478881+00
5d967040-0b79-41a5-9e26-81d4ae4306bb,b34fd143-d53c-4d3d-b225-0e385ff660c5,Narrator (voice),2026-01-25 23:22:47.478881+00
5d967040-0b79-41a5-9e26-81d4ae4306bb,c5283eea-2da6-4930-9cf3-66823231f722,Officer,2026-01-25 23:22:47.478881+00
5d967040-0b79-41a5-9e26-81d4ae4306bb,c72d5bba-2ec7-4cea-9278-cbda3fe70a1f,Alex's Dad,2026-01-25 23:22:47.478881+00
5d967040-0b79-41a5-9e26-81d4ae4306bb,ef5a6e4a-638e-4566-aa7e-3516c67ed66d,Parent #3,2026-01-25 23:22:47.478881+00
5fab6e44-6ff8-4fdb-92b3-e1b7c9e40531,07e5c5ec-d2f8-4b82-be92-0db784e2bba7,Neurologist,2026-01-25 23:22:47.478881+00
5fab6e44-6ff8-4fdb-92b3-e1b7c9e40531,1d775029-4bdb-4a76-8a38-cde76c94c99a,Ralph,2026-01-25 23:22:47.478881+00
5fab6e44-6ff8-4fdb-92b3-e1b7c9e40531,3b4fd8d5-8340-4180-aad1-18cd90eed359,Buster Green,2026-01-25 23:22:47.478881+00
5fab6e44-6ff8-4fdb-92b3-e1b7c9e40531,45a1aa09-4d78-4a6a-90ab-a196ba11ba1f,Larry,2026-01-25 23:22:47.478881+00
5fab6e44-6ff8-4fdb-92b3-e1b7c9e40531,45ce6ed6-a3c0-476a-b354-91eaa368e038,Ned Ryerson,2026-01-25 23:22:47.478881+00
5fab6e44-6ff8-4fdb-92b3-e1b7c9e40531,4b70f6d7-e9cc-4194-ba89-fcec2aa3df29,Piano Teacher,2026-01-25 23:22:47.478881+00
5fab6e44-6ff8-4fdb-92b3-e1b7c9e40531,759beca8-a0d3-43a2-bd08-0146d3e21d98,Phil's Assistant Kenny,2026-01-25 23:22:47.478881+00
5fab6e44-6ff8-4fdb-92b3-e1b7c9e40531,8363119f-5c89-4d4f-8847-35443b715b81,Gus,2026-01-25 23:22:47.478881+00
5fab6e44-6ff8-4fdb-92b3-e1b7c9e40531,ab0cf7b7-3509-4254-adcb-e62fe089d212,Rita Hanson,2026-01-25 23:22:47.478881+00
5fab6e44-6ff8-4fdb-92b3-e1b7c9e40531,b2d40385-b91d-46fe-8c6c-b367ff06ade3,Phil Connors,2026-01-25 23:22:47.478881+00
5fab6e44-6ff8-4fdb-92b3-e1b7c9e40531,b64946c1-6902-414c-aa56-f8d7fa2478a8,Man in Hallway,2026-01-25 23:22:47.478881+00
5fab6e44-6ff8-4fdb-92b3-e1b7c9e40531,bd303282-2bda-4d1d-be75-34a4ddffd563,Mrs. Lancaster,2026-01-25 23:22:47.478881+00
5fab6e44-6ff8-4fdb-92b3-e1b7c9e40531,c06faa63-5a05-4f6e-897b-0bc1a3b71515,Old Man,2026-01-25 23:22:47.478881+00
5fab6e44-6ff8-4fdb-92b3-e1b7c9e40531,d2ddaa8d-6bc9-45d9-8b9e-b06ec407bb5d,Groundhog Official,2026-01-25 23:22:47.478881+00
5fab6e44-6ff8-4fdb-92b3-e1b7c9e40531,d31dc018-8be9-481a-8b59-a30f9802a3d9,Doris the Waitress,2026-01-25 23:22:47.478881+00
5fab6e44-6ff8-4fdb-92b3-e1b7c9e40531,e1ce4921-a64f-41ee-9410-0a2cc1d925f5,Bartender,2026-01-25 23:22:47.478881+00
5fab6e44-6ff8-4fdb-92b3-e1b7c9e40531,e3c0427a-5bb6-47e8-b4d1-ed86fb3b7eca,Anchorwoman,2026-01-25 23:22:47.478881+00
5fab6e44-6ff8-4fdb-92b3-e1b7c9e40531,e5869ee3-6fad-4354-80d5-2cfeef642c09,Nancy Taylor,2026-01-25 23:22:47.478881+00
5fab6e44-6ff8-4fdb-92b3-e1b7c9e40531,e9bc48b2-f964-4bec-acb2-7658e06a0686,Psychiatrist,2026-01-25 23:22:47.478881+00
5fab6e44-6ff8-4fdb-92b3-e1b7c9e40531,f6d7ac48-918a-4159-8767-393593d5b68c,State Trooper,2026-01-25 23:22:47.478881+00
60e44e6f-8b8e-475f-b854-5630c06d2db7,0ca52a9c-3091-4eff-ad36-736c405c7f60,Lori Collins,2026-02-04 06:28:36.671663+00
60e44e6f-8b8e-475f-b854-5630c06d2db7,12d03961-e563-4d4d-b72b-b6a503f5996d,"Asian Man ""Ming""",2026-02-04 06:28:36.671663+00
60e44e6f-8b8e-475f-b854-5630c06d2db7,1701c5fb-3dd3-49b3-b283-20241a246768,Tom Skerritt,2026-02-04 06:28:36.671663+00
60e44e6f-8b8e-475f-b854-5630c06d2db7,1707fda1-59b1-40a6-a8d3-8fd77002a345,Norah Jones,2026-02-04 06:28:36.671663+00
60e44e6f-8b8e-475f-b854-5630c06d2db7,190fbdf6-3484-428f-8e5c-dd3cf0fd0372,Frank,2026-02-04 06:28:36.671663+00
60e44e6f-8b8e-475f-b854-5630c06d2db7,1afb89df-167e-40bd-a70b-3931df3c342d,Alix,2026-02-04 06:28:36.671663+00
60e44e6f-8b8e-475f-b854-5630c06d2db7,28d430b6-0b26-460f-9a16-c188b73a5cbf,Donny,2026-02-04 06:28:36.671663+00
60e44e6f-8b8e-475f-b854-5630c06d2db7,3a141928-d52b-42c3-8734-6dc134b225da,Thomas,2026-02-04 06:28:36.671663+00
60e44e6f-8b8e-475f-b854-5630c06d2db7,805c7fe7-68db-461c-98b4-b79b766ba234,Robert,2026-02-04 06:28:36.671663+00
60e44e6f-8b8e-475f-b854-5630c06d2db7,93af7d63-182c-4a64-b2b2-3fedee8cae61,John's Dad,2026-02-04 06:28:36.671663+00
60e44e6f-8b8e-475f-b854-5630c06d2db7,9df64ccb-af77-487e-ae89-2baf01b7f58e,Guy,2026-02-04 06:28:36.671663+00
60e44e6f-8b8e-475f-b854-5630c06d2db7,a14547b3-c698-4efd-a7fe-6cb8f02c8bc0,Sam Jones,2026-02-04 06:28:36.671663+00
60e44e6f-8b8e-475f-b854-5630c06d2db7,ab3b88eb-cbd2-4d40-87f9-50b5336a6a84,Narrator (voice),2026-02-04 06:28:36.671663+00
60e44e6f-8b8e-475f-b854-5630c06d2db7,b1ca0a2f-8f22-4edc-8f34-8ee53c698486,John Bennett,2026-02-04 06:28:36.671663+00
60e44e6f-8b8e-475f-b854-5630c06d2db7,b84bedcf-66c7-4026-b032-249d0b7ecda9,John's Mom,2026-02-04 06:28:36.671663+00
60e44e6f-8b8e-475f-b854-5630c06d2db7,bb16f561-9079-40a1-8eae-f60104de9889,Young John,2026-02-04 06:28:36.671663+00
60e44e6f-8b8e-475f-b854-5630c06d2db7,c75c8228-ce58-4cc5-ad82-83beae372194,Rex,2026-02-04 06:28:36.671663+00
60e44e6f-8b8e-475f-b854-5630c06d2db7,cc933952-06f7-44e8-87da-9bfb06e4c197,Ted (voice),2026-02-04 06:28:36.671663+00
60e44e6f-8b8e-475f-b854-5630c06d2db7,cccc9e51-6ae6-4f55-b658-ef40fdc382e7,Tanya,2026-02-04 06:28:36.671663+00
60e44e6f-8b8e-475f-b854-5630c06d2db7,f4d60f86-e4c1-4a07-8ba4-cb9c737a652b,Tami-Lynn,2026-02-04 06:28:36.671663+00
62d45fa9-b876-4964-a51b-d853e8ac2e88,06ffde6a-8472-406b-84a1-327a8842f27b,Gabriela,2026-01-25 23:22:47.478881+00
62d45fa9-b876-4964-a51b-d853e8ac2e88,0d06f53b-b7da-45db-8a38-5c5f1500d720,Reaver,2026-01-25 23:22:47.478881+00
62d45fa9-b876-4964-a51b-d853e8ac2e88,12cecd0b-0a5a-43cf-b60d-b5963e46abdb,Caliban,2026-01-25 23:22:47.478881+00
62d45fa9-b876-4964-a51b-d853e8ac2e88,1c44b49f-65e2-4ad5-873b-2524d27b4a69,Federale,2026-01-25 23:22:47.478881+00
62d45fa9-b876-4964-a51b-d853e8ac2e88,2f6b6cdf-a240-4f5c-902e-2c0d46cf7d1e,Rey,2026-01-25 23:22:47.478881+00
62d45fa9-b876-4964-a51b-d853e8ac2e88,3bff9a79-ae76-4f80-867f-2eec1b75a893,Bone Breaker,2026-01-25 23:22:47.478881+00
62d45fa9-b876-4964-a51b-d853e8ac2e88,3ea76d2a-24f9-41e2-a214-acdf40c29fb8,Will Munson,2026-01-25 23:22:47.478881+00
62d45fa9-b876-4964-a51b-d853e8ac2e88,49d623d3-2065-42d9-8dba-03db6b697c74,Kathryn Munson,2026-01-25 23:22:47.478881+00
62d45fa9-b876-4964-a51b-d853e8ac2e88,53b8cc5b-5263-4e24-a931-644da9756328,Mohawk,2026-01-25 23:22:47.478881+00
62d45fa9-b876-4964-a51b-d853e8ac2e88,66ab7f51-65c6-47fb-a04f-716740586b56,Logan / X-24,2026-01-25 23:22:47.478881+00
62d45fa9-b876-4964-a51b-d853e8ac2e88,6ff17c38-87c6-434c-aea1-128b89b8c901,Reaver,2026-01-25 23:22:47.478881+00
62d45fa9-b876-4964-a51b-d853e8ac2e88,70f7a63b-819e-411a-8221-0bbe59ad3384,Dr. Rice,2026-01-25 23:22:47.478881+00
62d45fa9-b876-4964-a51b-d853e8ac2e88,77e93bbf-cc58-4211-a0c2-d2be2c2f3429,Federale Commander,2026-01-25 23:22:47.478881+00
62d45fa9-b876-4964-a51b-d853e8ac2e88,a6787305-a339-4e4d-9e5e-440ce3cdeedf,Laura,2026-01-25 23:22:47.478881+00
62d45fa9-b876-4964-a51b-d853e8ac2e88,a9415f6c-dbb3-4e45-9aaf-546dba358145,Pretty Boy,2026-01-25 23:22:47.478881+00
62d45fa9-b876-4964-a51b-d853e8ac2e88,ab3b88eb-cbd2-4d40-87f9-50b5336a6a84,Charles,2026-01-25 23:22:47.478881+00
62d45fa9-b876-4964-a51b-d853e8ac2e88,b7bbf595-45f4-4bd9-afdb-fbb867ec0aaf,Federale Lieutenant,2026-01-25 23:22:47.478881+00
62d45fa9-b876-4964-a51b-d853e8ac2e88,e19add00-8a2d-4ac2-8c84-d2372588ca77,Macon,2026-01-25 23:22:47.478881+00
62d45fa9-b876-4964-a51b-d853e8ac2e88,e2c09de3-e30a-4dc5-a53e-d1b69241ddab,Pierce,2026-01-25 23:22:47.478881+00
62d45fa9-b876-4964-a51b-d853e8ac2e88,f987ae1b-6173-4b85-838f-685059cdfb7c,Nate Munson,2026-01-25 23:22:47.478881+00
640d0cf1-4b39-471b-a162-2ebf72917bdd,08910e7b-29f4-4fef-99b4-4dc056002f54,Private Lasky,2026-01-25 23:22:47.478881+00
640d0cf1-4b39-471b-a162-2ebf72917bdd,1521e741-7ebd-4c4c-bc60-56f454d93b84,12-Year-Old Hannah,2026-01-25 23:22:47.478881+00
640d0cf1-4b39-471b-a162-2ebf72917bdd,186d7d42-fb7d-401e-bab5-670bf57c60fe,Richard Riley,2026-01-25 23:22:47.478881+00
640d0cf1-4b39-471b-a162-2ebf72917bdd,28687e0f-8dc9-43f5-b84b-d42d712b628a,Dr. Kettler,2026-01-25 23:22:47.478881+00
640d0cf1-4b39-471b-a162-2ebf72917bdd,2f0d3e3c-cdee-4037-89d9-32ca29b4c259,Colonel Weber,2026-01-25 23:22:47.478881+00
640d0cf1-4b39-471b-a162-2ebf72917bdd,4000980a-5190-411b-8d5a-3daad6039361,CNAC Anchor,2026-01-25 23:22:47.478881+00
640d0cf1-4b39-471b-a162-2ebf72917bdd,64bdf4fd-c570-4f66-afcb-b21b66293331,Environmental Tech,2026-01-25 23:22:47.478881+00
640d0cf1-4b39-471b-a162-2ebf72917bdd,654aed56-8078-4602-b4b1-4d2e6d553294,Dr. J. Bydwell,2026-01-25 23:22:47.478881+00
640d0cf1-4b39-471b-a162-2ebf72917bdd,6886588f-fc53-48e4-b066-39ca34f771d4,General Shang,2026-01-25 23:22:47.478881+00
640d0cf1-4b39-471b-a162-2ebf72917bdd,91f66264-aa5b-4f75-8ec9-63865bd3b739,Press Secretary,2026-01-25 23:22:47.478881+00
640d0cf1-4b39-471b-a162-2ebf72917bdd,bd018387-9213-4f2b-804c-ccf86e9498b3,Australian Scientist,2026-01-25 23:22:47.478881+00
640d0cf1-4b39-471b-a162-2ebf72917bdd,bfc70a5b-9a90-4689-881d-429053914dea,8-Year-Old Hannah,2026-01-25 23:22:47.478881+00
640d0cf1-4b39-471b-a162-2ebf72917bdd,cf7c49f6-6ebe-44e2-80c0-66913c9c303d,Environmental Tech,2026-01-25 23:22:47.478881+00
640d0cf1-4b39-471b-a162-2ebf72917bdd,d4c4dac2-25af-47b9-a169-7e6c61b63727,Agent Halpern,2026-01-25 23:22:47.478881+00
640d0cf1-4b39-471b-a162-2ebf72917bdd,d957609a-6aeb-4a85-a502-22b3faba500e,6-Year-Old Hannah,2026-01-25 23:22:47.478881+00
640d0cf1-4b39-471b-a162-2ebf72917bdd,e56614dc-f0de-4cde-b15c-9a0407312f7f,Louise Banks,2026-01-25 23:22:47.478881+00
640d0cf1-4b39-471b-a162-2ebf72917bdd,e5888826-2ee3-47b3-86a1-8b1c330e8f53,British Scientist,2026-01-25 23:22:47.478881+00
640d0cf1-4b39-471b-a162-2ebf72917bdd,e75eb683-ba8e-4414-9ad7-3071b1295b86,Captain Marks,2026-01-25 23:22:47.478881+00
640d0cf1-4b39-471b-a162-2ebf72917bdd,eb6fe15e-fce6-4000-97b0-c10e088fa6d4,Ian Donnelly,2026-01-25 23:22:47.478881+00
640d0cf1-4b39-471b-a162-2ebf72917bdd,ec630c2e-0dc8-490c-ad7c-40fe27e3713d,Private Combs,2026-01-25 23:22:47.478881+00
653e9b9f-f967-4cce-acbc-1a1d95edc8d7,02a340ff-19ae-423b-accd-be299a88c25d,Tanner,2026-01-30 05:39:07.759179+00
653e9b9f-f967-4cce-acbc-1a1d95edc8d7,0791c4d6-d7dc-41cf-ac58-19800069f669,Gemma,2026-01-30 05:39:07.759179+00
653e9b9f-f967-4cce-acbc-1a1d95edc8d7,1a59118c-c78d-44bc-a989-6dcaf278fdcd,Lt. Orso,2026-01-30 05:39:07.759179+00
653e9b9f-f967-4cce-acbc-1a1d95edc8d7,1e56a99a-81ad-4db3-9b4e-e89d014bf335,Mitchell,2026-01-30 05:39:07.759179+00
653e9b9f-f967-4cce-acbc-1a1d95edc8d7,273c5709-d394-4c4b-84a2-b015b8ba47f9,Strawberry Fields,2026-01-30 05:39:07.759179+00
653e9b9f-f967-4cce-acbc-1a1d95edc8d7,294521c1-049d-466e-a3ff-8c68efcb75d3,Foreign Secretary,2026-01-30 05:39:07.759179+00
653e9b9f-f967-4cce-acbc-1a1d95edc8d7,39a19042-cc6e-4c97-b41d-6babfd6422d9,Elvis,2026-01-30 05:39:07.759179+00
653e9b9f-f967-4cce-acbc-1a1d95edc8d7,3fbb348e-d416-4311-9111-f57bb7b014ab,Gregg Beam,2026-01-30 05:39:07.759179+00
653e9b9f-f967-4cce-acbc-1a1d95edc8d7,4a78aa8a-4ca8-4b43-a009-7e1ec8c45973,Camille,2026-01-30 05:39:07.759179+00
653e9b9f-f967-4cce-acbc-1a1d95edc8d7,57b9b79b-06a7-41df-abeb-611b22f0246b,Yusef,2026-01-30 05:39:07.759179+00
653e9b9f-f967-4cce-acbc-1a1d95edc8d7,6650a547-0818-4198-8b1c-a7aadd8df0e5,M,2026-01-30 05:39:07.759179+00
653e9b9f-f967-4cce-acbc-1a1d95edc8d7,6b3a9339-afb4-40e7-91c2-c4a176b8bf79,Colonel of Police,2026-01-30 05:39:07.759179+00
653e9b9f-f967-4cce-acbc-1a1d95edc8d7,8f18be4a-5bcd-4818-aa13-449403822ea9,General Medrano,2026-01-30 05:39:07.759179+00
653e9b9f-f967-4cce-acbc-1a1d95edc8d7,93b66cba-7c32-4e95-9c8f-df62d9448029,Mr. White,2026-01-30 05:39:07.759179+00
653e9b9f-f967-4cce-acbc-1a1d95edc8d7,9b92ff96-340d-4f5d-908b-2ff511c197db,Guy Haines,2026-01-30 05:39:07.759179+00
653e9b9f-f967-4cce-acbc-1a1d95edc8d7,a41ead22-9c1e-487b-9a03-9ce20ff33bec,James Bond,2026-01-30 05:39:07.759179+00
653e9b9f-f967-4cce-acbc-1a1d95edc8d7,b86fe381-f7c0-433d-96e5-99d7b34ea87a,Corinne,2026-01-30 05:39:07.759179+00
653e9b9f-f967-4cce-acbc-1a1d95edc8d7,cff19bf0-5789-4a9c-91db-925230c0665c,Dominic Greene,2026-01-30 05:39:07.759179+00
653e9b9f-f967-4cce-acbc-1a1d95edc8d7,de22dc0a-3aae-4e03-949d-68259fc22b5f,Felix Leiter,2026-01-30 05:39:07.759179+00
653e9b9f-f967-4cce-acbc-1a1d95edc8d7,deda4cc6-2211-42b9-a3c0-860f65a96089,Mathis,2026-01-30 05:39:07.759179+00
6547197e-15bb-4224-b488-6bb9636ebd08,0b69c4a0-a4db-4b8d-b55e-8dde58c27b77,Marvin Monroe,2026-01-25 23:22:47.478881+00
6547197e-15bb-4224-b488-6bb9636ebd08,16d375a0-a5c6-42ac-8295-5d13a778db09,Young Sister,2026-01-25 23:22:47.478881+00
6547197e-15bb-4224-b488-6bb9636ebd08,1799152a-c076-4153-9d37-bfd411cee999,Max,2026-01-25 23:22:47.478881+00
6547197e-15bb-4224-b488-6bb9636ebd08,2812fffa-0bae-4cf7-bb99-a4f83418ff5d,Eric,2026-01-25 23:22:47.478881+00
6547197e-15bb-4224-b488-6bb9636ebd08,29d70c14-a54d-4830-b0b9-f7dc69189ad8,Businessman,2026-01-25 23:22:47.478881+00
6547197e-15bb-4224-b488-6bb9636ebd08,39b24849-ceaf-404d-a710-540dc40bcf2e,Zena,2026-01-25 23:22:47.478881+00
6547197e-15bb-4224-b488-6bb9636ebd08,4dbb95bc-daaa-409d-8d94-baf4f5923927,Scared Woman,2026-01-25 23:22:47.478881+00
6547197e-15bb-4224-b488-6bb9636ebd08,50feb501-a3f6-4ba8-9f55-e293b22fa887,Cashier,2026-01-25 23:22:47.478881+00
6547197e-15bb-4224-b488-6bb9636ebd08,6f055f8e-b864-419c-8b69-b90b0e3b96aa,Frightened Man,2026-01-25 23:22:47.478881+00
6547197e-15bb-4224-b488-6bb9636ebd08,7475136f-bc45-4883-a7dc-590078a7aa85,Dwayne,2026-01-25 23:22:47.478881+00
6547197e-15bb-4224-b488-6bb9636ebd08,7aa347af-4be7-442f-8dc6-973f25ac1954,Crying Woman,2026-01-25 23:22:47.478881+00
6547197e-15bb-4224-b488-6bb9636ebd08,7f39dc76-ae90-48d2-bc45-682e3610cd33,Samira,2026-01-25 23:22:47.478881+00
6547197e-15bb-4224-b488-6bb9636ebd08,85875454-1072-410a-8ff7-3c5b1214c17f,Henri,2026-01-25 23:22:47.478881+00
6547197e-15bb-4224-b488-6bb9636ebd08,97649e10-665b-461b-880f-497dd6ecf23b,Reuben,2026-01-25 23:22:47.478881+00
6547197e-15bb-4224-b488-6bb9636ebd08,9f69c883-2400-4647-a749-30df87f485ee,Osahar,2026-01-25 23:22:47.478881+00
6547197e-15bb-4224-b488-6bb9636ebd08,d4a7f4e3-d21b-452b-b7c4-58cc4ca86464,Priest,2026-01-25 23:22:47.478881+00
6547197e-15bb-4224-b488-6bb9636ebd08,ea97f155-07a3-4da8-82d1-3ebde5f543a9,Woman on Boat,2026-01-25 23:22:47.478881+00
68a2908a-f5b9-4ce6-b292-1ee57feb6425,06c9746f-90f5-43e3-a742-e84e351f3d67,Zavanko,2026-01-25 23:22:47.478881+00
68a2908a-f5b9-4ce6-b292-1ee57feb6425,0b4cbd52-2f61-4e74-97cd-44ae23ef459c,Kalara,2026-01-25 23:22:47.478881+00
68a2908a-f5b9-4ce6-b292-1ee57feb6425,0bfba955-1d73-491a-b55a-279ebe42d3b0,Dr. Leonard 'Bones' McCoy,2026-01-25 23:22:47.478881+00
68a2908a-f5b9-4ce6-b292-1ee57feb6425,1b033d59-d5bb-440f-8e0e-583b007058b7,Lieutenant Commander Montgomery 'Scotty' Scott,2026-01-25 23:22:47.478881+00
68a2908a-f5b9-4ce6-b292-1ee57feb6425,27655330-0bf9-46b3-b931-25eea405d67b,Manas,2026-01-25 23:22:47.478881+00
68a2908a-f5b9-4ce6-b292-1ee57feb6425,3be7e916-a803-4e2c-a54e-9e875cad1773,Commander Spock,2026-01-25 23:22:47.478881+00
68a2908a-f5b9-4ce6-b292-1ee57feb6425,49a878ba-a2b5-4b5d-8368-bc0363a04999,Jaylah,2026-01-25 23:22:47.478881+00
68a2908a-f5b9-4ce6-b292-1ee57feb6425,50b381b8-d7c0-4b41-83ca-f82acabf6c61,Tyvanna,2026-01-25 23:22:47.478881+00
68a2908a-f5b9-4ce6-b292-1ee57feb6425,7470016b-a4d0-4774-94b1-d7a76e1901eb,Ensign Pavel Chekov,2026-01-25 23:22:47.478881+00
68a2908a-f5b9-4ce6-b292-1ee57feb6425,7f58831e-5191-4b93-a49f-87e99c11927c,Blue Shirt,2026-01-25 23:22:47.478881+00
68a2908a-f5b9-4ce6-b292-1ee57feb6425,90342f04-67fb-4c05-b566-ba0a95e7bac3,Fi'Ja,2026-01-25 23:22:47.478881+00
68a2908a-f5b9-4ce6-b292-1ee57feb6425,9297e88f-f4d2-47ea-9c3c-e727072cbf6b,Krall,2026-01-25 23:22:47.478881+00
68a2908a-f5b9-4ce6-b292-1ee57feb6425,a1e8b2db-947f-4607-b973-81823eea9ae6,Hider,2026-01-25 23:22:47.478881+00
68a2908a-f5b9-4ce6-b292-1ee57feb6425,a46e7a6c-1c04-4b6b-a1e6-ee7e656d84cd,Keenser,2026-01-25 23:22:47.478881+00
68a2908a-f5b9-4ce6-b292-1ee57feb6425,a9c00127-6572-4e36-83ce-f64ceb603655,Lieutenant Nyota Uhura,2026-01-25 23:22:47.478881+00
68a2908a-f5b9-4ce6-b292-1ee57feb6425,e1145080-1374-458c-881f-def1074e76fd,Lieutenant Hikaru Sulu,2026-01-25 23:22:47.478881+00
68a2908a-f5b9-4ce6-b292-1ee57feb6425,eabdd032-98a3-4d96-bb7b-dffa0079302e,Blue Shirt,2026-01-25 23:22:47.478881+00
68a2908a-f5b9-4ce6-b292-1ee57feb6425,f17f70f4-be9e-4951-b0d5-a73eba293f32,Ben,2026-01-25 23:22:47.478881+00
68a2908a-f5b9-4ce6-b292-1ee57feb6425,f67006c6-1b03-41f8-97f7-a683ef100809,Ensign Syl,2026-01-25 23:22:47.478881+00
68a2908a-f5b9-4ce6-b292-1ee57feb6425,f951404c-88bd-4446-9e4b-97b3e6babca9,Captain James T. Kirk,2026-01-25 23:22:47.478881+00
69edb519-f185-4c8f-99e9-28125cdf91be,049923ec-5534-4510-97f8-3014941cfb2f,Kitchener,2026-01-25 23:22:47.478881+00
69edb519-f185-4c8f-99e9-28125cdf91be,0df60836-78e2-4418-bceb-05f09a176cd9,Dupont,2026-01-25 23:22:47.478881+00
69edb519-f185-4c8f-99e9-28125cdf91be,0fa56076-f996-465d-8838-c7e13035be0d,Huge Machinery Shack Guard,2026-01-25 23:22:47.478881+00
69edb519-f185-4c8f-99e9-28125cdf91be,1e79d48e-492b-4737-aca6-9e35565e2039,Emily Oxford,2026-01-25 23:22:47.478881+00
69edb519-f185-4c8f-99e9-28125cdf91be,1eb1776d-253d-400e-ad86-514c59bbf4b3,Kingsman Tailor #1,2026-01-25 23:22:47.478881+00
69edb519-f185-4c8f-99e9-28125cdf91be,26c35f4d-a27e-44f8-b5fa-b41edab7ac0e,Young Conrad,2026-01-25 23:22:47.478881+00
69edb519-f185-4c8f-99e9-28125cdf91be,273c5709-d394-4c4b-84a2-b015b8ba47f9,Polly,2026-01-25 23:22:47.478881+00
69edb519-f185-4c8f-99e9-28125cdf91be,354d2034-0117-4c5e-b8ed-57c37ec753c2,King George / Kaiser Wilhelm / Tsar Nicholas,2026-01-25 23:22:47.478881+00
69edb519-f185-4c8f-99e9-28125cdf91be,7593cc0a-8c02-4684-ac82-527dcfeab798,Camp Guard #1,2026-01-25 23:22:47.478881+00
69edb519-f185-4c8f-99e9-28125cdf91be,85875454-1072-410a-8ff7-3c5b1214c17f,Shola,2026-01-25 23:22:47.478881+00
69edb519-f185-4c8f-99e9-28125cdf91be,8c46ea26-6f81-42cf-a27d-b751e60946d0,Morton,2026-01-25 23:22:47.478881+00
69edb519-f185-4c8f-99e9-28125cdf91be,99a92be3-7aad-4243-8d5a-f967668d94b9,Gavrilo Princip,2026-01-25 23:22:47.478881+00
69edb519-f185-4c8f-99e9-28125cdf91be,9d7a6029-da1b-499d-befb-8be8933cdb67,Conrad Oxford,2026-01-25 23:22:47.478881+00
69edb519-f185-4c8f-99e9-28125cdf91be,b4d0a231-197d-4551-b56d-e4fb42c845f6,Boer Sniper,2026-01-25 23:22:47.478881+00
69edb519-f185-4c8f-99e9-28125cdf91be,db19cd0e-c426-4d51-8b2d-6140c59098e9,Erik Jan Hanussen,2026-01-25 23:22:47.478881+00
69edb519-f185-4c8f-99e9-28125cdf91be,dd82594d-1a9c-4cf2-b683-c141a4d9e451,Camp Guard #2,2026-01-25 23:22:47.478881+00
69edb519-f185-4c8f-99e9-28125cdf91be,e6561552-9242-416b-bbbc-b3de86b20b08,Orlando Oxford,2026-01-25 23:22:47.478881+00
69edb519-f185-4c8f-99e9-28125cdf91be,e8dda374-7d05-4e6e-b5dc-da895d107508,Grigori Rasputin,2026-01-25 23:22:47.478881+00
69edb519-f185-4c8f-99e9-28125cdf91be,ee1e267e-6a0c-4529-8e9b-27a9a13bb113,Kingsman Tailor #2,2026-01-25 23:22:47.478881+00
69edb519-f185-4c8f-99e9-28125cdf91be,fea284d1-0129-4c4f-a874-7fc4291f1084,Mata Hari,2026-01-25 23:22:47.478881+00
6b0c7be6-1c00-4fd5-9bcc-1c8bf7245f3b,0c9f92eb-d41d-43ce-80e0-ac98ed583d5f,John Bridger,2026-01-25 23:22:47.478881+00
6b0c7be6-1c00-4fd5-9bcc-1c8bf7245f3b,112002c9-d9ff-4e2a-b92f-86e8ec20ebf8,First Detective,2026-01-25 23:22:47.478881+00
6b0c7be6-1c00-4fd5-9bcc-1c8bf7245f3b,1a8a074c-af8a-4c0a-b9b8-19e12cf0c2cd,Garbageman / Thug,2026-01-25 23:22:47.478881+00
6b0c7be6-1c00-4fd5-9bcc-1c8bf7245f3b,20030d80-078a-49cc-8f26-1ae7e72af5fc,Young Left Ear,2026-01-25 23:22:47.478881+00
6b0c7be6-1c00-4fd5-9bcc-1c8bf7245f3b,4896f141-d9a9-41c4-a63c-0856f5e10262,Garbageman / Thug,2026-01-25 23:22:47.478881+00
6b0c7be6-1c00-4fd5-9bcc-1c8bf7245f3b,4e0bff7f-e87e-4f48-b095-7908953373c5,Garbageman / Thug,2026-01-25 23:22:47.478881+00
6b0c7be6-1c00-4fd5-9bcc-1c8bf7245f3b,511d0f5c-e1b2-4040-afee-23da18ea1d5e,Steve,2026-01-25 23:22:47.478881+00
6b0c7be6-1c00-4fd5-9bcc-1c8bf7245f3b,5388cbb4-4b6a-42c4-a06d-84cb8f58b37a,Stella's Receptionist,2026-01-25 23:22:47.478881+00
6b0c7be6-1c00-4fd5-9bcc-1c8bf7245f3b,5d1af71a-d8bb-480b-8bcd-608b0753ca45,Mashkov,2026-01-25 23:22:47.478881+00
6b0c7be6-1c00-4fd5-9bcc-1c8bf7245f3b,632c544d-40db-4acb-914c-e766934fe2d4,Yevhen,2026-01-25 23:22:47.478881+00
6b0c7be6-1c00-4fd5-9bcc-1c8bf7245f3b,684c7bc8-48fe-4ebf-a741-9ada09315f3d,Kid on Left,2026-01-25 23:22:47.478881+00
6b0c7be6-1c00-4fd5-9bcc-1c8bf7245f3b,7c7fba7a-bd0e-446b-b256-ae0922b1cee8,Shawn Fanning,2026-01-25 23:22:47.478881+00
6b0c7be6-1c00-4fd5-9bcc-1c8bf7245f3b,a7b4f399-7170-424b-9f68-5eea3f4c53cc,Lyle,2026-01-25 23:22:47.478881+00
6b0c7be6-1c00-4fd5-9bcc-1c8bf7245f3b,b1ca0a2f-8f22-4edc-8f34-8ee53c698486,Charlie Croker,2026-01-25 23:22:47.478881+00
6b0c7be6-1c00-4fd5-9bcc-1c8bf7245f3b,b650623c-b5a3-468c-9750-c504316940fd,Handsome Rob,2026-01-25 23:22:47.478881+00
6b0c7be6-1c00-4fd5-9bcc-1c8bf7245f3b,d9ff9f70-9d63-4200-a294-26b770fa6f64,Second Detective,2026-01-25 23:22:47.478881+00
6b0c7be6-1c00-4fd5-9bcc-1c8bf7245f3b,ec742ca0-c0b9-433c-8051-3982e1dcb4a1,Garbageman / Thug,2026-01-25 23:22:47.478881+00
6b0c7be6-1c00-4fd5-9bcc-1c8bf7245f3b,f0a2975e-1f15-4804-b309-36601a527246,Italian Guard,2026-01-25 23:22:47.478881+00
6b0c7be6-1c00-4fd5-9bcc-1c8bf7245f3b,f55565a1-8690-4c4e-bd3b-f4390f25de9a,Stella Bridger,2026-01-25 23:22:47.478881+00
6b0c7be6-1c00-4fd5-9bcc-1c8bf7245f3b,fdfba809-584d-4f76-8bb3-90d488754fa9,Left Ear,2026-01-25 23:22:47.478881+00
6c7ded31-d2ad-4080-b25b-5ac6bc7ddbf2,2ef41ef8-9ded-40cf-9798-8233ae8cab11,Andrea Phillips,2026-02-03 06:55:59.858444+00
6c7ded31-d2ad-4080-b25b-5ac6bc7ddbf2,36e609d8-e2d9-4ced-ac70-46e73bf200ea,Asad,2026-02-03 06:55:59.858444+00
6c7ded31-d2ad-4080-b25b-5ac6bc7ddbf2,4678ec8d-81d9-4aeb-aa37-b989a37d6eaf,Maersk Alabama Crew,2026-02-03 06:55:59.858444+00
6c7ded31-d2ad-4080-b25b-5ac6bc7ddbf2,48d66c8f-b0d5-4f1d-81ea-a3920c1116e7,Bilal,2026-02-03 06:55:59.858444+00
6c7ded31-d2ad-4080-b25b-5ac6bc7ddbf2,5755c074-3206-4dc1-8588-3c6d4677d576,Najee,2026-02-03 06:55:59.858444+00
6c7ded31-d2ad-4080-b25b-5ac6bc7ddbf2,5dc20cde-9a96-4c19-a49e-f8ac7d1a7c28,Captain Frank Castellano,2026-02-03 06:55:59.858444+00
6c7ded31-d2ad-4080-b25b-5ac6bc7ddbf2,5dcfa5c2-c087-4c52-a5ec-f202cf02f2e1,Ken Quinn,2026-02-03 06:55:59.858444+00
6c7ded31-d2ad-4080-b25b-5ac6bc7ddbf2,612af41e-3bfc-4f76-b8ee-d715fcb7c55e,Maersk Alabama Crew,2026-02-03 06:55:59.858444+00
6c7ded31-d2ad-4080-b25b-5ac6bc7ddbf2,7c2cca2a-20cc-4b04-91f7-fca5bf08a2fb,Muse,2026-02-03 06:55:59.858444+00
6c7ded31-d2ad-4080-b25b-5ac6bc7ddbf2,7d0d9c96-6544-4304-8b23-02587eeb4230,Captain Richard Phillips,2026-02-03 06:55:59.858444+00
6c7ded31-d2ad-4080-b25b-5ac6bc7ddbf2,9063ecb0-c80f-402e-b3f0-9ddb42331a40,Maersk Alabama Crew,2026-02-03 06:55:59.858444+00
6c7ded31-d2ad-4080-b25b-5ac6bc7ddbf2,a1d4bfd2-d14b-46c6-9f48-75a669d716f7,Hufan,2026-02-03 06:55:59.858444+00
6c7ded31-d2ad-4080-b25b-5ac6bc7ddbf2,ae9b788a-4ae6-4de9-abd6-20c5ebf95155,SEAL Commander,2026-02-03 06:55:59.858444+00
6c7ded31-d2ad-4080-b25b-5ac6bc7ddbf2,c037956a-2f9e-4dd0-be4d-f04be96cf3ba,Shane Murphy,2026-02-03 06:55:59.858444+00
6c7ded31-d2ad-4080-b25b-5ac6bc7ddbf2,c717aab2-5e6c-4081-8476-6853034d229e,Elmi,2026-02-03 06:55:59.858444+00
6c7ded31-d2ad-4080-b25b-5ac6bc7ddbf2,d4611559-47e0-4aed-9793-18c6945ecb66,Mike Perry,2026-02-03 06:55:59.858444+00
6c7ded31-d2ad-4080-b25b-5ac6bc7ddbf2,eacd5ee1-57e9-4724-aaa1-e23a31ac7126,John Cronan,2026-02-03 06:55:59.858444+00
6c7ded31-d2ad-4080-b25b-5ac6bc7ddbf2,f1737a70-5ba1-494e-9457-544cd5d06ae5,Nemo,2026-02-03 06:55:59.858444+00
6c7ded31-d2ad-4080-b25b-5ac6bc7ddbf2,f5610e35-d238-4743-9dc7-f87d8d29d9f9,Maersk Alabama Crew,2026-02-03 06:55:59.858444+00
6c7ded31-d2ad-4080-b25b-5ac6bc7ddbf2,fb260a8d-b686-4efc-8bc6-ff68ce3d0889,Maersk Alabama Crew,2026-02-03 06:55:59.858444+00
6d634705-aa97-454e-8b00-e7c1e9a60cce,1b033d59-d5bb-440f-8e0e-583b007058b7,Benji Dunn,2026-01-25 23:22:47.478881+00
6d634705-aa97-454e-8b00-e7c1e9a60cce,2330487e-aa5c-47c4-9a02-b361585e39db,Senator,2026-01-25 23:22:47.478881+00
6d634705-aa97-454e-8b00-e7c1e9a60cce,2d6b1b43-28ab-4da8-911e-68463aa2e92c,Record Shop Girl,2026-01-25 23:22:47.478881+00
6d634705-aa97-454e-8b00-e7c1e9a60cce,354d2034-0117-4c5e-b8ed-57c37ec753c2,Prime Minister,2026-01-25 23:22:47.478881+00
6d634705-aa97-454e-8b00-e7c1e9a60cce,38fb23dc-d68e-4045-8fa4-7746eb7e2b51,Senator,2026-01-25 23:22:47.478881+00
6d634705-aa97-454e-8b00-e7c1e9a60cce,39e619e1-c82c-4edf-a569-bd30452edfb2,A400M Crewman,2026-01-25 23:22:47.478881+00
6d634705-aa97-454e-8b00-e7c1e9a60cce,3e98fdc1-5b03-40e0-89da-0c91471b329f,Luther Stickell,2026-01-25 23:22:47.478881+00
6d634705-aa97-454e-8b00-e7c1e9a60cce,4a6723e3-5f93-4204-a640-0868c6e5f929,Alan Hunley,2026-01-25 23:22:47.478881+00
6d634705-aa97-454e-8b00-e7c1e9a60cce,4c891d61-def8-4fe4-afa1-4330f35dee12,Senator,2026-01-25 23:22:47.478881+00
6d634705-aa97-454e-8b00-e7c1e9a60cce,5e21b8ab-3eb6-4e3c-92cd-0bbb7d842f58,A400M Pilot,2026-01-25 23:22:47.478881+00
6d634705-aa97-454e-8b00-e7c1e9a60cce,621488e8-6dbb-4cd0-b1ca-25120702cc61,Lane,2026-01-25 23:22:47.478881+00
6d634705-aa97-454e-8b00-e7c1e9a60cce,72626ff7-c9f0-4a04-8f9e-abb3312c05bd,A400M Pilot,2026-01-25 23:22:47.478881+00
6d634705-aa97-454e-8b00-e7c1e9a60cce,7d981ad8-847e-49ce-a021-d37a9088f660,Janik Vinter,2026-01-25 23:22:47.478881+00
6d634705-aa97-454e-8b00-e7c1e9a60cce,c17e4295-754b-49ec-a6fa-0b78b36523e1,Atlee,2026-01-25 23:22:47.478881+00
6d634705-aa97-454e-8b00-e7c1e9a60cce,c835b575-7043-42e9-9402-2f3d7638a9b4,Senator,2026-01-25 23:22:47.478881+00
6d634705-aa97-454e-8b00-e7c1e9a60cce,d0ac9105-d77a-4e23-a2eb-940c481b9e5b,Ilsa Faust,2026-01-25 23:22:47.478881+00
6d634705-aa97-454e-8b00-e7c1e9a60cce,eb6fe15e-fce6-4000-97b0-c10e088fa6d4,William Brandt,2026-01-25 23:22:47.478881+00
6d634705-aa97-454e-8b00-e7c1e9a60cce,f6d981c4-d70f-4118-9539-2d5aecc39296,Lauren,2026-01-25 23:22:47.478881+00
6d634705-aa97-454e-8b00-e7c1e9a60cce,f7c1d3b1-86da-4eae-86cc-3400bc57efe3,Ethan Hunt,2026-01-25 23:22:47.478881+00
6d634705-aa97-454e-8b00-e7c1e9a60cce,fde868d2-491e-488b-bf3c-50d31b0c4cd4,Chairman,2026-01-25 23:22:47.478881+00
6d947656-3052-4a37-a443-1207b4201ed8,04dec141-1656-433e-abff-81be7592ffd7,Jerry Jumbeaux Jr. (voice),2026-01-25 23:22:47.478881+00
6d947656-3052-4a37-a443-1207b4201ed8,174effae-84c7-4646-9348-1c3a4de1083e,Clawhauser (voice),2026-01-25 23:22:47.478881+00
6d947656-3052-4a37-a443-1207b4201ed8,2a9ec2a9-1d1d-4bde-bd69-0f4717c5da34,Nangi (voice),2026-01-25 23:22:47.478881+00
6d947656-3052-4a37-a443-1207b4201ed8,30a27025-91e5-4f40-b522-47b32c739435,Drill Sergeant (voice),2026-01-25 23:22:47.478881+00
6d947656-3052-4a37-a443-1207b4201ed8,3bc20749-05e7-483a-8083-6437c4468e29,Nick Wilde (voice),2026-01-25 23:22:47.478881+00
6d947656-3052-4a37-a443-1207b4201ed8,52b56a92-ea47-4802-9124-1d188994c9e8,Young Hopps (voice),2026-01-25 23:22:47.478881+00
6d947656-3052-4a37-a443-1207b4201ed8,7e3b8044-50b0-4ec7-8131-0db66036bde1,Duke Weaselton (voice),2026-01-25 23:22:47.478881+00
6d947656-3052-4a37-a443-1207b4201ed8,9297e88f-f4d2-47ea-9c3c-e727072cbf6b,Chief Bogo (voice),2026-01-25 23:22:47.478881+00
6d947656-3052-4a37-a443-1207b4201ed8,9cfc06b6-5470-4b3e-b557-20fb73645a09,Judy Hopps (voice),2026-01-25 23:22:47.478881+00
6d947656-3052-4a37-a443-1207b4201ed8,a506959a-82c1-40f9-a81b-3c3dec7d4333,Gideon Grey (voice),2026-01-25 23:22:47.478881+00
6d947656-3052-4a37-a443-1207b4201ed8,a9854413-3f80-4531-b0a5-ec9859fef4ce,Gazelle (voice),2026-01-25 23:22:47.478881+00
6d947656-3052-4a37-a443-1207b4201ed8,b8eb8922-78b6-4a07-aee3-bb286e2bf4d1,Mayor Lionheart (voice),2026-01-25 23:22:47.478881+00
6d947656-3052-4a37-a443-1207b4201ed8,beaa58e8-308b-4e96-a396-640ac47e623a,Yax (voice),2026-01-25 23:22:47.478881+00
6d947656-3052-4a37-a443-1207b4201ed8,d42ccf87-0b1b-4feb-8202-e1aee7e41374,Flash (voice),2026-01-25 23:22:47.478881+00
6d947656-3052-4a37-a443-1207b4201ed8,d74b2375-4de4-4983-8515-c3e1a51c62ec,Mr. Big (voice),2026-01-25 23:22:47.478881+00
6d947656-3052-4a37-a443-1207b4201ed8,e19011f2-02c3-4c46-9b7f-0031649ed014,Stu Hopps (voice),2026-01-25 23:22:47.478881+00
6d947656-3052-4a37-a443-1207b4201ed8,e72a6cf0-aed7-4abb-a675-80dd38bb6712,Badger Doctor (voice),2026-01-25 23:22:47.478881+00
6d947656-3052-4a37-a443-1207b4201ed8,f6478d5a-f87c-48d2-95aa-b3a36f0e8fa0,Bonnie Hopps (voice),2026-01-25 23:22:47.478881+00
6d947656-3052-4a37-a443-1207b4201ed8,f7ed1f41-e571-427c-9077-f054a4aa8dcf,Bellwether (voice),2026-01-25 23:22:47.478881+00
6d947656-3052-4a37-a443-1207b4201ed8,f8409586-4197-4bc8-9f1a-8eece0261e70,Mrs. Otterton (voice),2026-01-25 23:22:47.478881+00
6f585593-0117-4536-a00d-47b4579e3985,051c051e-dde2-4e52-9206-d351ffef54f7,Mohan,2026-01-25 23:22:47.478881+00
6f585593-0117-4536-a00d-47b4579e3985,07e6083a-6b12-4f79-a14a-b04c90ce6edd,2nd. Nazi,2026-01-25 23:22:47.478881+00
6f585593-0117-4536-a00d-47b4579e3985,1e991f6e-5acf-4eae-9557-eb5784d1b88d,Major Eaton,2026-01-25 23:22:47.478881+00
6f585593-0117-4536-a00d-47b4579e3985,234aaf4d-00db-46ec-9b99-a197a17d541b,Col. Musgrove,2026-01-25 23:22:47.478881+00
6f585593-0117-4536-a00d-47b4579e3985,258ab6f9-1a0f-4a25-8525-8ed15ebf7eb9,Indiana Jones,2026-01-25 23:22:47.478881+00
6f585593-0117-4536-a00d-47b4579e3985,37505b68-8215-4baa-a5f7-de66e205ca24,Satipo,2026-01-25 23:22:47.478881+00
6f585593-0117-4536-a00d-47b4579e3985,415a73c8-679a-4983-831c-38ffa066bb5c,Major Arnold Toht,2026-01-25 23:22:47.478881+00
6f585593-0117-4536-a00d-47b4579e3985,433793d3-2cf9-4d63-a603-3082d574292d,Gobler,2026-01-25 23:22:47.478881+00
6f585593-0117-4536-a00d-47b4579e3985,50e173d6-84e5-4247-855d-8b022936dbf8,Jock,2026-01-25 23:22:47.478881+00
6f585593-0117-4536-a00d-47b4579e3985,50e7caa7-46a8-4467-aefd-2249cf57be1e,Katanga,2026-01-25 23:22:47.478881+00
6f585593-0117-4536-a00d-47b4579e3985,554624e7-41ee-4864-80fa-f138574ca32e,Sallah,2026-01-25 23:22:47.478881+00
6f585593-0117-4536-a00d-47b4579e3985,7b7e8eed-b4b0-4df1-bd29-43b64335b8ba,Ratty Nepalese,2026-01-25 23:22:47.478881+00
6f585593-0117-4536-a00d-47b4579e3985,9d71105b-71ad-48bf-8c4f-505d092833d3,Messenger Pirate,2026-01-25 23:22:47.478881+00
6f585593-0117-4536-a00d-47b4579e3985,b6d71581-223c-4758-9794-47e0700c111a,Marion Ravenwood,2026-01-25 23:22:47.478881+00
6f585593-0117-4536-a00d-47b4579e3985,bbc9e839-bd44-4c85-90f6-d64c16f7ccea,Colonel Dietrich,2026-01-25 23:22:47.478881+00
6f585593-0117-4536-a00d-47b4579e3985,bf8037c7-62bf-42f1-8850-3123f449fb7c,Dr. Marcus Brody,2026-01-25 23:22:47.478881+00
6f585593-0117-4536-a00d-47b4579e3985,d9d14c07-7156-4830-8c8d-ac2c03e3fe6f,Dr. René Belloq,2026-01-25 23:22:47.478881+00
6f585593-0117-4536-a00d-47b4579e3985,eba0e90f-58f1-41d0-bd0e-ede8b709d25a,Australian Climber,2026-01-25 23:22:47.478881+00
6f585593-0117-4536-a00d-47b4579e3985,f1d03d1f-1cfd-4514-ab8e-99e73896a6de,Barranca / Monkey Man,2026-01-25 23:22:47.478881+00
6f585593-0117-4536-a00d-47b4579e3985,f82707e1-5926-4623-ba47-5df9f3eee9e1,Bureaucrat,2026-01-25 23:22:47.478881+00
6fdf387b-9aab-4c9a-8685-f7c142f2cc61,0a971357-cd66-480b-928d-0374778e1298,Rob Slolom,2026-01-25 23:22:47.478881+00
6fdf387b-9aab-4c9a-8685-f7c142f2cc61,10e4569b-e002-4b0b-aa94-a9ebfdbd3276,Kirk Lazarus,2026-01-25 23:22:47.478881+00
6fdf387b-9aab-4c9a-8685-f7c142f2cc61,16b7bf53-40ae-4d8b-a79e-a7c48a2abce6,Alpa Chino,2026-01-25 23:22:47.478881+00
6fdf387b-9aab-4c9a-8685-f7c142f2cc61,1a7a67e8-c8c8-4700-971a-e2481a39092a,Tugg Speedman,2026-01-25 23:22:47.478881+00
6fdf387b-9aab-4c9a-8685-f7c142f2cc61,2df5b41b-6d93-415d-8f66-f8c801ea82e7,Jennifer Love Hewitt,2026-01-25 23:22:47.478881+00
6fdf387b-9aab-4c9a-8685-f7c142f2cc61,31506d1d-ffdc-4909-abfb-2d2a59694445,Jeff Portnoy,2026-01-25 23:22:47.478881+00
6fdf387b-9aab-4c9a-8685-f7c142f2cc61,3bc20749-05e7-483a-8083-6437c4468e29,Jason Bateman,2026-01-25 23:22:47.478881+00
6fdf387b-9aab-4c9a-8685-f7c142f2cc61,47db1a2e-7d7c-491a-9e80-f0d1507a3021,Byong,2026-01-25 23:22:47.478881+00
6fdf387b-9aab-4c9a-8685-f7c142f2cc61,69c36c1c-0681-4afc-8f6b-8f29786abcdf,Alicia Silverstone,2026-01-25 23:22:47.478881+00
6fdf387b-9aab-4c9a-8685-f7c142f2cc61,865dd49e-14e8-4003-b754-eb125dc6f194,Jon Voight,2026-01-25 23:22:47.478881+00
6fdf387b-9aab-4c9a-8685-f7c142f2cc61,c7856e9f-44dd-4221-abca-9fddb8cb4185,Four Leaf Tayback,2026-01-25 23:22:47.478881+00
6fdf387b-9aab-4c9a-8685-f7c142f2cc61,cc9eb8c0-d5c9-465b-843b-e0c147471bdf,Cody,2026-01-25 23:22:47.478881+00
6fdf387b-9aab-4c9a-8685-f7c142f2cc61,cd4db4e4-d09e-4bd7-8bf7-7bdf566b135c,Rick Peck,2026-01-25 23:22:47.478881+00
6fdf387b-9aab-4c9a-8685-f7c142f2cc61,cefbd5e8-9252-460f-bac0-d6366ec4e10e,Tobey Maguire,2026-01-25 23:22:47.478881+00
6fdf387b-9aab-4c9a-8685-f7c142f2cc61,d3243664-82e7-4b7e-8bb8-421f55654bc3,Tru,2026-01-25 23:22:47.478881+00
6fdf387b-9aab-4c9a-8685-f7c142f2cc61,f1bdadda-8084-4a13-b74b-df359d4ecee4,Tyra Banks,2026-01-25 23:22:47.478881+00
6fdf387b-9aab-4c9a-8685-f7c142f2cc61,f73ad1f0-23d1-4755-878e-943220306abe,Damien Cockburn,2026-01-25 23:22:47.478881+00
6fdf387b-9aab-4c9a-8685-f7c142f2cc61,f7c1d3b1-86da-4eae-86cc-3400bc57efe3,Les Grossman,2026-01-25 23:22:47.478881+00
6fdf387b-9aab-4c9a-8685-f7c142f2cc61,fcf8463d-6e3e-487f-9009-605187d0eedb,Kevin Sandusky,2026-01-25 23:22:47.478881+00
6fdf387b-9aab-4c9a-8685-f7c142f2cc61,fe27b501-ff57-45c0-b399-004c33009704,Tran,2026-01-25 23:22:47.478881+00
707e6925-5c81-4c7b-a649-9ef9131b82f8,084ad997-03a3-4984-88c0-fdddf8243976,Alessia Holt,2026-01-25 23:22:47.478881+00
707e6925-5c81-4c7b-a649-9ef9131b82f8,22cf83c3-8d03-4eb8-8251-5097acd8de4a,Lou Bates,2026-01-25 23:22:47.478881+00
707e6925-5c81-4c7b-a649-9ef9131b82f8,28ca73df-4c70-4b2d-beef-ea4a54007e77,Anne Sutton,2026-01-25 23:22:47.478881+00
707e6925-5c81-4c7b-a649-9ef9131b82f8,2993214c-4bfa-4601-a530-f949301528bb,Alex,2026-01-25 23:22:47.478881+00
707e6925-5c81-4c7b-a649-9ef9131b82f8,2f95ea1f-8059-459c-82b0-334b6b247ef3,Ray Marcus,2026-01-25 23:22:47.478881+00
707e6925-5c81-4c7b-a649-9ef9131b82f8,48ec2d82-c933-4e75-806e-9ab825c9d1cc,TV Woman Voice #2,2026-01-25 23:22:47.478881+00
707e6925-5c81-4c7b-a649-9ef9131b82f8,495b6bbb-3793-4351-af5e-1b182d568c1d,Edward Sheffield / Tony Hastings,2026-01-25 23:22:47.478881+00
707e6925-5c81-4c7b-a649-9ef9131b82f8,57bcafdb-c969-42c0-b8d2-74680ed3026d,Hutton Morrow,2026-01-25 23:22:47.478881+00
707e6925-5c81-4c7b-a649-9ef9131b82f8,5c65d2ef-0db2-4455-939d-ee77c215b6df,India Hastings,2026-01-25 23:22:47.478881+00
707e6925-5c81-4c7b-a649-9ef9131b82f8,5f8bc0a5-dc14-417b-97b1-3f85c8779745,Chloe,2026-01-25 23:22:47.478881+00
707e6925-5c81-4c7b-a649-9ef9131b82f8,69fdeacf-ccd0-4171-9632-96061047ceea,Bobby Andes,2026-01-25 23:22:47.478881+00
707e6925-5c81-4c7b-a649-9ef9131b82f8,6c8e40b4-1fb5-4718-b220-2871dc26c84c,Driver,2026-01-25 23:22:47.478881+00
707e6925-5c81-4c7b-a649-9ef9131b82f8,6f465855-7a1b-4565-9a79-46ca8c02b3b2,Carlos Holt,2026-01-25 23:22:47.478881+00
707e6925-5c81-4c7b-a649-9ef9131b82f8,82f88573-943c-46ae-a66b-97a8263919d5,Laura Hastings,2026-01-25 23:22:47.478881+00
707e6925-5c81-4c7b-a649-9ef9131b82f8,88ba2bfd-a328-4336-9fc9-31455575abff,Samantha Morrow,2026-01-25 23:22:47.478881+00
707e6925-5c81-4c7b-a649-9ef9131b82f8,8f42cddb-ae03-43d7-8188-d5ee30cb8584,TV Woman Voice #1,2026-01-25 23:22:47.478881+00
707e6925-5c81-4c7b-a649-9ef9131b82f8,a11135dd-1553-4023-80c0-dbeb1ecf1b55,Steve 'Turk' Adams,2026-01-25 23:22:47.478881+00
707e6925-5c81-4c7b-a649-9ef9131b82f8,afafa4aa-1820-462d-a49a-d8a586036af1,Lt. Graves,2026-01-25 23:22:47.478881+00
707e6925-5c81-4c7b-a649-9ef9131b82f8,e56614dc-f0de-4cde-b15c-9a0407312f7f,Susan Morrow,2026-01-25 23:22:47.478881+00
707e6925-5c81-4c7b-a649-9ef9131b82f8,f7092ac1-4dd0-45b8-8dc2-fb00e4fd57be,Christopher,2026-01-25 23:22:47.478881+00
71454d40-1dcd-4c00-985b-adf7b73730fc,1618d687-cc7f-4b04-9577-1b37968f4fa1,Rose Tico,2026-01-25 23:22:47.478881+00
71454d40-1dcd-4c00-985b-adf7b73730fc,23d8d03a-2d87-4ec0-8b57-5cb039e94e4a,Captain Phasma,2026-01-25 23:22:47.478881+00
71454d40-1dcd-4c00-985b-adf7b73730fc,2914a768-68f2-4db9-9712-9a54ca124401,Lieutenant Connix,2026-01-25 23:22:47.478881+00
71454d40-1dcd-4c00-985b-adf7b73730fc,297efd88-c753-48f6-be23-8c9c76097530,Commander D'Acy,2026-01-25 23:22:47.478881+00
71454d40-1dcd-4c00-985b-adf7b73730fc,31c1d55d-ccbf-4f43-bcce-3283a8a1a364,C-3PO,2026-01-25 23:22:47.478881+00
71454d40-1dcd-4c00-985b-adf7b73730fc,31e66b08-11af-4bb4-a23a-ac3ee3f30464,Kylo Ren,2026-01-25 23:22:47.478881+00
71454d40-1dcd-4c00-985b-adf7b73730fc,53a1ea37-63d9-4d15-9985-5ddcd94ba6df,BB-8,2026-01-25 23:22:47.478881+00
71454d40-1dcd-4c00-985b-adf7b73730fc,780d90f4-3678-4295-aecf-cedceedada5f,Vice Admiral Holdo,2026-01-25 23:22:47.478881+00
71454d40-1dcd-4c00-985b-adf7b73730fc,7f39dc76-ae90-48d2-bc45-682e3610cd33,Maz Kanata,2026-01-25 23:22:47.478881+00
71454d40-1dcd-4c00-985b-adf7b73730fc,9a2777f6-4aa1-49dd-937b-63748fc5c53a,Snoke,2026-01-25 23:22:47.478881+00
71454d40-1dcd-4c00-985b-adf7b73730fc,9f1c9afd-cc8c-4bb5-81f7-eb89d59dfa09,Finn,2026-01-25 23:22:47.478881+00
71454d40-1dcd-4c00-985b-adf7b73730fc,adcf10e1-02e4-47c2-b290-b74cf895c4fa,R2-D2,2026-01-25 23:22:47.478881+00
71454d40-1dcd-4c00-985b-adf7b73730fc,af8d8c3b-96ca-4a27-85da-fdb0a2a25dff,Yoda (voice),2026-01-25 23:22:47.478881+00
71454d40-1dcd-4c00-985b-adf7b73730fc,b94d5fe2-3512-4ac3-b835-c664e9e813e2,General Hux,2026-01-25 23:22:47.478881+00
71454d40-1dcd-4c00-985b-adf7b73730fc,c3cefe7e-b7ad-4f7e-bb8f-834ce0613d36,Luke Skywalker / Dobbu Scay (voice),2026-01-25 23:22:47.478881+00
71454d40-1dcd-4c00-985b-adf7b73730fc,e2df013f-ac4a-493b-b3b1-882c5b34eb8b,Rey,2026-01-25 23:22:47.478881+00
71454d40-1dcd-4c00-985b-adf7b73730fc,edcfd352-95b6-422a-80bc-75bad3e7905c,Chewbacca,2026-01-25 23:22:47.478881+00
71454d40-1dcd-4c00-985b-adf7b73730fc,f0320462-cfca-4250-8eb3-dc278914590b,Poe Dameron,2026-01-25 23:22:47.478881+00
71454d40-1dcd-4c00-985b-adf7b73730fc,f71ed144-2460-4ea0-a386-614b5b2126d1,Leia Organa,2026-01-25 23:22:47.478881+00
71454d40-1dcd-4c00-985b-adf7b73730fc,f9a033c9-21ba-4770-979c-fbb238107849,DJ,2026-01-25 23:22:47.478881+00
727ef721-867c-4d98-aa19-86703984542c,17e51f58-9c8d-434e-ba6a-3958a2671eef,Barbershop Quartet #3,2026-01-28 06:10:35.077047+00
727ef721-867c-4d98-aa19-86703984542c,1b8feebd-92aa-4697-b6a2-1aa5b2e971b6,Barbershop Quartet #2,2026-01-28 06:10:35.077047+00
727ef721-867c-4d98-aa19-86703984542c,1c5280d3-8251-43f0-b167-e43620176d32,Barbershop Quartet #4,2026-01-28 06:10:35.077047+00
727ef721-867c-4d98-aa19-86703984542c,2967cc5d-d423-4168-b13c-27fc751f05c7,MIT Student,2026-01-28 06:10:35.077047+00
727ef721-867c-4d98-aa19-86703984542c,41a4bd79-b4ab-437e-be30-3a1f51c7a77a,Krystyn,2026-01-28 06:10:35.077047+00
727ef721-867c-4d98-aa19-86703984542c,57dd5af5-b677-4025-acd8-f1263a1601a6,Will Hunting,2026-01-28 06:10:35.077047+00
727ef721-867c-4d98-aa19-86703984542c,5e6aec45-587e-4b41-a093-399fbb8ff4c7,Tom,2026-01-28 06:10:35.077047+00
727ef721-867c-4d98-aa19-86703984542c,615ed27b-4b42-4bf5-9809-d5ece1700efb,Sean Maguire,2026-01-28 06:10:35.077047+00
727ef721-867c-4d98-aa19-86703984542c,6dcf62e3-e3a4-456a-aeeb-24d0a275c68c,Carmine Scarpaglia,2026-01-28 06:10:35.077047+00
727ef721-867c-4d98-aa19-86703984542c,7e88b3b2-0143-47f5-b663-aa2602da30dd,Barbershop Quartet #1,2026-01-28 06:10:35.077047+00
727ef721-867c-4d98-aa19-86703984542c,80923443-d19c-48a4-82d2-37a865daccc0,MIT Student,2026-01-28 06:10:35.077047+00
727ef721-867c-4d98-aa19-86703984542c,96cfeb47-e7da-4712-93ca-5955dceaf8ef,Cathy,2026-01-28 06:10:35.077047+00
727ef721-867c-4d98-aa19-86703984542c,a04a386a-e5ee-4139-8154-0026ee89ff29,Chuckie Sullivan,2026-01-28 06:10:35.077047+00
727ef721-867c-4d98-aa19-86703984542c,ba007c31-0228-4c0b-9603-383be5d429cd,Gerald Lambeau,2026-01-28 06:10:35.077047+00
727ef721-867c-4d98-aa19-86703984542c,d74aff3d-dc19-4553-bb91-37fb1cf0580b,Billy McBride,2026-01-28 06:10:35.077047+00
727ef721-867c-4d98-aa19-86703984542c,dbb5aaf9-4372-443f-b45d-605668eebb9e,Skylar,2026-01-28 06:10:35.077047+00
727ef721-867c-4d98-aa19-86703984542c,e10e8c3d-899d-4dcd-9b3e-3298122126e2,Carmine Friend #1,2026-01-28 06:10:35.077047+00
727ef721-867c-4d98-aa19-86703984542c,ea6b3a44-3b12-44ad-a508-d3d16f7eefc9,MIT Student,2026-01-28 06:10:35.077047+00
727ef721-867c-4d98-aa19-86703984542c,fd353abd-44fb-4a3e-937a-68c8d5a6338e,Morgan O'Mally,2026-01-28 06:10:35.077047+00
727ef721-867c-4d98-aa19-86703984542c,fd5e79db-2fb2-4ecb-aa0a-08788a8e0f16,Girl on Street,2026-01-28 06:10:35.077047+00
72c665a5-4c8a-45ad-baf1-4ae527ce1f7d,0fd14803-6c48-4c71-8697-6ced272d364a,John Poloni,2026-02-03 07:02:58.030587+00
72c665a5-4c8a-45ad-baf1-4ae527ce1f7d,12297c5e-0e23-4639-8c9f-6723e915c1d1,Peter Brand,2026-02-03 07:02:58.030587+00
72c665a5-4c8a-45ad-baf1-4ae527ce1f7d,12d833f1-6f97-45de-ab09-140f1bf01886,Pittaro,2026-02-03 07:02:58.030587+00
72c665a5-4c8a-45ad-baf1-4ae527ce1f7d,65fb052d-aef3-4565-9c2c-4054ad674aec,Ron Washington,2026-02-03 07:02:58.030587+00
72c665a5-4c8a-45ad-baf1-4ae527ce1f7d,6a1038a1-3d33-49a6-a748-c81b799af2cf,Casey Beane,2026-02-03 07:02:58.030587+00
72c665a5-4c8a-45ad-baf1-4ae527ce1f7d,707cc1a6-0eb1-4f1a-b546-e3b306d51253,John Henry,2026-02-03 07:02:58.030587+00
72c665a5-4c8a-45ad-baf1-4ae527ce1f7d,8ea57b70-ef7e-44fb-b8cb-7a463e34ae4b,Jeremy Giambi,2026-02-03 07:02:58.030587+00
72c665a5-4c8a-45ad-baf1-4ae527ce1f7d,9ab351b8-179c-4135-9a3e-725d170febf0,Billy Beane,2026-02-03 07:02:58.030587+00
72c665a5-4c8a-45ad-baf1-4ae527ce1f7d,9f51bc6a-47af-46cc-a19b-d6e5c0c20386,Mark Shapiro,2026-02-03 07:02:58.030587+00
72c665a5-4c8a-45ad-baf1-4ae527ce1f7d,aff529a2-92c8-4f95-8c6d-809df762c075,Grady Fuson,2026-02-03 07:02:58.030587+00
72c665a5-4c8a-45ad-baf1-4ae527ce1f7d,b54c8fbd-811e-48fd-951d-fb3dc925de1d,Sharon,2026-02-03 07:02:58.030587+00
72c665a5-4c8a-45ad-baf1-4ae527ce1f7d,b86785f4-afb4-4b22-8dd2-a53b4475c7a4,Elizabeth Hatteberg,2026-02-03 07:02:58.030587+00
72c665a5-4c8a-45ad-baf1-4ae527ce1f7d,c90604a2-3cbe-4de2-ac09-4335bf086fe1,Billy's Dad,2026-02-03 07:02:58.030587+00
72c665a5-4c8a-45ad-baf1-4ae527ce1f7d,caae1a07-c943-4c21-976a-8330cf5572da,Scott Hatteberg,2026-02-03 07:02:58.030587+00
72c665a5-4c8a-45ad-baf1-4ae527ce1f7d,cc462c8b-4c70-4904-bb65-c33d22c9212a,Matt Keough,2026-02-03 07:02:58.030587+00
72c665a5-4c8a-45ad-baf1-4ae527ce1f7d,cee3565e-7406-4140-830f-0665d0cf1dc9,Art Howe,2026-02-03 07:02:58.030587+00
72c665a5-4c8a-45ad-baf1-4ae527ce1f7d,d7984f24-efe4-400b-b611-247b9fc23923,Ron Hopkins,2026-02-03 07:02:58.030587+00
72c665a5-4c8a-45ad-baf1-4ae527ce1f7d,d9836cc1-859e-4c31-9b70-eaa3e40f43be,Young Billy,2026-02-03 07:02:58.030587+00
72c665a5-4c8a-45ad-baf1-4ae527ce1f7d,de116220-6407-4cdd-b463-1ef661408360,David Justice,2026-02-03 07:02:58.030587+00
72c665a5-4c8a-45ad-baf1-4ae527ce1f7d,e3f51f57-2029-44ed-8802-a97778c6df71,Chad Bradford,2026-02-03 07:02:58.030587+00
731a959e-cd03-4adc-8629-8896baa5909b,00a58205-3dd3-411a-abca-ca1659c1b768,Andrew,2026-01-25 23:22:47.478881+00
731a959e-cd03-4adc-8629-8896baa5909b,04a4425d-0f7d-440c-a0be-657ad13c9499,Fiona,2026-01-25 23:22:47.478881+00
731a959e-cd03-4adc-8629-8896baa5909b,08520252-ab7b-445b-923a-9160feb120e1,Beth,2026-01-25 23:22:47.478881+00
731a959e-cd03-4adc-8629-8896baa5909b,0ae341dd-6fbf-499b-bdfa-af4792c8b5ef,Student #1,2026-01-25 23:22:47.478881+00
731a959e-cd03-4adc-8629-8896baa5909b,161befe0-0c43-4778-84e2-61d786d2ca37,Sister Louise,2026-01-25 23:22:47.478881+00
731a959e-cd03-4adc-8629-8896baa5909b,232859d6-3fb1-4bb3-a620-fc44e2d62ab8,Gabby,2026-01-25 23:22:47.478881+00
731a959e-cd03-4adc-8629-8896baa5909b,2cab716e-413e-41e1-ad60-a1ed64c9ad08,Nina,2026-01-25 23:22:47.478881+00
731a959e-cd03-4adc-8629-8896baa5909b,4db5936d-0b94-4681-951c-b3b89767adf6,Alice,2026-01-25 23:22:47.478881+00
731a959e-cd03-4adc-8629-8896baa5909b,64cc1b20-15fb-4eed-accf-3db1711a891b,Laura,2026-01-25 23:22:47.478881+00
731a959e-cd03-4adc-8629-8896baa5909b,7c47c5b6-9adf-4ab1-90c8-40e84c0f4a51,Wade,2026-01-25 23:22:47.478881+00
731a959e-cd03-4adc-8629-8896baa5909b,a3c58e6e-be15-4527-a80c-e342bf97ded0,Heather,2026-01-25 23:22:47.478881+00
731a959e-cd03-4adc-8629-8896baa5909b,a4235493-e733-4bc6-8b0a-839100a0302b,Anthony,2026-01-25 23:22:47.478881+00
731a959e-cd03-4adc-8629-8896baa5909b,ae09f4ef-cbfe-4a57-b4b6-6b8df51ba881,Adam,2026-01-25 23:22:47.478881+00
731a959e-cd03-4adc-8629-8896baa5909b,b3476df1-5c3a-46a1-9a6b-19ed84f87f42,Glue Girl,2026-01-25 23:22:47.478881+00
731a959e-cd03-4adc-8629-8896baa5909b,c1bade87-7d71-43ff-be59-36c6049281d8,Father Murphy,2026-01-25 23:22:47.478881+00
731a959e-cd03-4adc-8629-8896baa5909b,d0c5b9e3-ae73-45e1-a2e0-defc9e2817e1,Mom,2026-01-25 23:22:47.478881+00
731a959e-cd03-4adc-8629-8896baa5909b,d5b808ae-81ec-4e62-89ef-9e912fd609e6,Dad,2026-01-25 23:22:47.478881+00
731a959e-cd03-4adc-8629-8896baa5909b,dcfc9f97-4f2a-4237-9c2c-ff8638febda4,Mrs. Veda,2026-01-25 23:22:47.478881+00
731a959e-cd03-4adc-8629-8896baa5909b,e028a9b3-c5d5-4f0e-91d0-27fcb7cd5b7a,Gina,2026-01-25 23:22:47.478881+00
731a959e-cd03-4adc-8629-8896baa5909b,eb42a418-c504-40ce-97ee-44e5a0f2974d,Chris,2026-01-25 23:22:47.478881+00
75432010-a4c9-4eda-b684-46e0e90ecd8a,0ebd759b-2396-46fc-9b34-064b65dd1837,Mr. Aziz,2026-01-25 23:22:47.478881+00
75432010-a4c9-4eda-b684-46e0e90ecd8a,1024ff51-6650-4de9-b0c0-d44f9a01d969,Louise,2026-01-25 23:22:47.478881+00
75432010-a4c9-4eda-b684-46e0e90ecd8a,34e950e2-411d-4a5f-ae7c-5eca0e490b0d,Dr. Davis,2026-01-25 23:22:47.478881+00
75432010-a4c9-4eda-b684-46e0e90ecd8a,36b91d4f-5b3a-4f28-a064-c7f52438ca32,Harry Osborn,2026-01-25 23:22:47.478881+00
75432010-a4c9-4eda-b684-46e0e90ecd8a,37505b68-8215-4baa-a5f7-de66e205ca24,Doc Ock / Otto Octavius,2026-01-25 23:22:47.478881+00
75432010-a4c9-4eda-b684-46e0e90ecd8a,3838a2e9-ccfa-4735-90f0-12d391367f0a,Mary Jane Watson,2026-01-25 23:22:47.478881+00
75432010-a4c9-4eda-b684-46e0e90ecd8a,388bce3e-9850-4c4d-bcd8-c9763ad016d5,Mr. Ditkovitch,2026-01-25 23:22:47.478881+00
75432010-a4c9-4eda-b684-46e0e90ecd8a,3dcf369e-bacf-41d9-85b8-6547a0920ffd,Ursula,2026-01-25 23:22:47.478881+00
75432010-a4c9-4eda-b684-46e0e90ecd8a,4064d613-cc7d-4266-a0e8-e6f6a2fe7117,Hoffman,2026-01-25 23:22:47.478881+00
75432010-a4c9-4eda-b684-46e0e90ecd8a,5a9a3122-69e8-48ff-9b6b-20115df9a9e0,Ben Parker,2026-01-25 23:22:47.478881+00
75432010-a4c9-4eda-b684-46e0e90ecd8a,639784a9-122d-4bf4-85f1-f7ec161b9b84,John Jameson,2026-01-25 23:22:47.478881+00
75432010-a4c9-4eda-b684-46e0e90ecd8a,8e3cdf3f-286d-4081-9829-28145c8e1fd8,May Parker,2026-01-25 23:22:47.478881+00
75432010-a4c9-4eda-b684-46e0e90ecd8a,a4fcd0e5-78c1-40d4-b2f6-74bbfafd1b20,Joseph 'Robbie' Robertson,2026-01-25 23:22:47.478881+00
75432010-a4c9-4eda-b684-46e0e90ecd8a,a9ca10f4-f4a7-4a3b-9765-06ab03892f97,Miss Brant,2026-01-25 23:22:47.478881+00
75432010-a4c9-4eda-b684-46e0e90ecd8a,b4133284-db37-4f69-b26b-9636593bd00d,Snooty Usher,2026-01-25 23:22:47.478881+00
75432010-a4c9-4eda-b684-46e0e90ecd8a,b6d62e7c-6d27-4117-817c-164e341aeb90,Green Goblin / Norman Osborn,2026-01-25 23:22:47.478881+00
75432010-a4c9-4eda-b684-46e0e90ecd8a,b8eb8922-78b6-4a07-aee3-bb286e2bf4d1,J. Jonah Jameson,2026-01-25 23:22:47.478881+00
75432010-a4c9-4eda-b684-46e0e90ecd8a,cefbd5e8-9252-460f-bac0-d6366ec4e10e,Spider-Man / Peter Parker,2026-01-25 23:22:47.478881+00
75432010-a4c9-4eda-b684-46e0e90ecd8a,dd030d56-bfb5-4585-b33a-9cd93a0cb399,Dr. Curt Connors,2026-01-25 23:22:47.478881+00
75432010-a4c9-4eda-b684-46e0e90ecd8a,fc83d12e-1cab-4958-9928-1f73654dafc6,Rosalie Octavius,2026-01-25 23:22:47.478881+00
76ca80e8-0c4f-4501-85ed-2ee572d738f1,2dbbc438-9be8-4d11-820d-8d3d62e081aa,Lanville,2026-01-25 23:22:47.478881+00
76ca80e8-0c4f-4501-85ed-2ee572d738f1,52f1f8f8-3c67-45ff-873b-b8e48eade869,Paul Atreides,2026-01-25 23:22:47.478881+00
76ca80e8-0c4f-4501-85ed-2ee572d738f1,58ef514a-12b0-468b-adb0-2a7a84b8e7b4,Lady Margot Fenring,2026-01-25 23:22:47.478881+00
76ca80e8-0c4f-4501-85ed-2ee572d738f1,60f8f089-3bf2-4057-bbda-a1c1a784e882,Feyd-Rautha,2026-01-25 23:22:47.478881+00
76ca80e8-0c4f-4501-85ed-2ee572d738f1,6305da1a-d084-4353-b768-4c0af1259bf4,Maker Keeper,2026-01-25 23:22:47.478881+00
76ca80e8-0c4f-4501-85ed-2ee572d738f1,707c7ae8-7e2c-42ac-a76f-4f4966b543dd,Gurney Halleck,2026-01-25 23:22:47.478881+00
76ca80e8-0c4f-4501-85ed-2ee572d738f1,8500cd85-2a05-4dfb-9f38-4ca7f4a8356f,Shishakli,2026-01-25 23:22:47.478881+00
76ca80e8-0c4f-4501-85ed-2ee572d738f1,874e30eb-6e40-40b4-adf6-f7529370f9c6,Reverend Mother Mohiam,2026-01-25 23:22:47.478881+00
76ca80e8-0c4f-4501-85ed-2ee572d738f1,89958988-4441-4794-9931-f40ddc375194,Princess Irulan,2026-01-25 23:22:47.478881+00
76ca80e8-0c4f-4501-85ed-2ee572d738f1,8bc04c9d-eb63-4ec8-b0f0-5b71cebd16ff,Reverend Mother Ramallo,2026-01-25 23:22:47.478881+00
76ca80e8-0c4f-4501-85ed-2ee572d738f1,ba007c31-0228-4c0b-9603-383be5d429cd,Baron Harkonnen,2026-01-25 23:22:47.478881+00
76ca80e8-0c4f-4501-85ed-2ee572d738f1,d0ac9105-d77a-4e23-a2eb-940c481b9e5b,Jessica,2026-01-25 23:22:47.478881+00
76ca80e8-0c4f-4501-85ed-2ee572d738f1,db67de11-eebf-4bb6-9515-e1b3d379a87d,Bene Gesserit Sister,2026-01-25 23:22:47.478881+00
76ca80e8-0c4f-4501-85ed-2ee572d738f1,e133ace7-c194-4d85-a088-c7d4305b3d90,Bene Gesserit Sister,2026-01-25 23:22:47.478881+00
76ca80e8-0c4f-4501-85ed-2ee572d738f1,e7ec8725-f4c4-4e7f-95dc-c992e931520d,Emperor,2026-01-25 23:22:47.478881+00
76ca80e8-0c4f-4501-85ed-2ee572d738f1,e9151414-3b6b-4ddf-8059-a950d3c8b04c,Jamis,2026-01-25 23:22:47.478881+00
76ca80e8-0c4f-4501-85ed-2ee572d738f1,f3c684b9-3610-4d0d-996b-b1bebd2b9e5e,Beast Rabban,2026-01-25 23:22:47.478881+00
76ca80e8-0c4f-4501-85ed-2ee572d738f1,f511ff7a-f650-4945-8310-a0c35c48e650,Chani,2026-01-25 23:22:47.478881+00
76ca80e8-0c4f-4501-85ed-2ee572d738f1,fb6cc049-f114-4eeb-aed8-7e19219e2422,Bene Gesserit Sister,2026-01-25 23:22:47.478881+00
76ca80e8-0c4f-4501-85ed-2ee572d738f1,fd97431d-4971-4a57-b989-56ace50ddad6,Stilgar,2026-01-25 23:22:47.478881+00
780bec16-607f-4442-8cfb-c379309499d5,0c9f92eb-d41d-43ce-80e0-ac98ed583d5f,President Coriolanus Snow,2026-02-08 09:39:00.40871+00
780bec16-607f-4442-8cfb-c379309499d5,0d45f7cf-ba71-4dcd-b2c0-6e2df86bdd3a,Claudius Templesmith,2026-02-08 09:39:00.40871+00
780bec16-607f-4442-8cfb-c379309499d5,18749572-252d-4ae4-8466-052f57a5edb1,Propaganda Film Tribute,2026-02-08 09:39:00.40871+00
780bec16-607f-4442-8cfb-c379309499d5,1df2bbff-72c3-4a64-bb7d-29ecf9678cca,Peacekeeper #1,2026-02-08 09:39:00.40871+00
780bec16-607f-4442-8cfb-c379309499d5,23d343ea-55fd-4f83-9a52-7fd98268ef14,Cinna,2026-02-08 09:39:00.40871+00
780bec16-607f-4442-8cfb-c379309499d5,25b53fca-4fb5-4f6d-bc03-55c2866140c9,Cato,2026-02-08 09:39:00.40871+00
780bec16-607f-4442-8cfb-c379309499d5,2b201497-9c47-497a-814f-fdfd8b397677,Rue,2026-02-08 09:39:00.40871+00
780bec16-607f-4442-8cfb-c379309499d5,45699f7b-7788-4c83-ad81-542b2c90c87e,Haymitch Abernathy,2026-02-08 09:39:00.40871+00
780bec16-607f-4442-8cfb-c379309499d5,4f2c601d-1819-4d97-9310-7fa157ab0df2,Caesar Flickerman,2026-02-08 09:39:00.40871+00
780bec16-607f-4442-8cfb-c379309499d5,6020f318-e3ca-4b8f-bb5d-467ba43043fb,Primrose Everdeen,2026-02-08 09:39:00.40871+00
780bec16-607f-4442-8cfb-c379309499d5,68b82d1e-e69b-44a1-98f0-a0eb3e13afb8,Katniss Everdeen,2026-02-08 09:39:00.40871+00
780bec16-607f-4442-8cfb-c379309499d5,8e49619b-0a6d-4aba-a2f4-be18c39ad7fe,Seneca Crane,2026-02-08 09:39:00.40871+00
780bec16-607f-4442-8cfb-c379309499d5,a35180e3-7fec-40c5-a3a3-06bdfc865712,Asterid Everdeen,2026-02-08 09:39:00.40871+00
780bec16-607f-4442-8cfb-c379309499d5,a484b155-e108-496d-a72a-b23210eb8d4a,Clove,2026-02-08 09:39:00.40871+00
780bec16-607f-4442-8cfb-c379309499d5,a7be3153-5031-4c19-85e5-e31ce4f38e14,Greasy Sae,2026-02-08 09:39:00.40871+00
780bec16-607f-4442-8cfb-c379309499d5,a9ca10f4-f4a7-4a3b-9765-06ab03892f97,Effie Trinket,2026-02-08 09:39:00.40871+00
780bec16-607f-4442-8cfb-c379309499d5,b702e3d9-112d-4a5e-bf8e-77e6728b2f6b,Registration Woman,2026-02-08 09:39:00.40871+00
780bec16-607f-4442-8cfb-c379309499d5,bca628a9-4329-4cee-a6ea-5bef2929b34a,Peeta's Mother,2026-02-08 09:39:00.40871+00
780bec16-607f-4442-8cfb-c379309499d5,d1cb097a-ab4f-4134-ba00-2b52adec4e2d,Gale Hawthorne,2026-02-08 09:39:00.40871+00
780bec16-607f-4442-8cfb-c379309499d5,d7343b93-cac8-4044-b91e-9a78b02e2ead,Peeta Mellark,2026-02-08 09:39:00.40871+00
78380afb-5b46-4794-9f5a-2b828fae3769,04c0be2f-0f55-4fd9-bedd-1951683454a1,Kimura,2026-01-25 23:22:47.478881+00
78380afb-5b46-4794-9f5a-2b828fae3769,0eb8d69c-581d-447c-ae93-31732046b79f,Maria,2026-01-25 23:22:47.478881+00
78380afb-5b46-4794-9f5a-2b828fae3769,10229cff-6051-436a-a6ee-81aaf53164f5,Policeman,2026-01-25 23:22:47.478881+00
78380afb-5b46-4794-9f5a-2b828fae3769,13c83eb9-58a4-482a-967c-6148f9692ab3,Hospital Thug,2026-01-25 23:22:47.478881+00
78380afb-5b46-4794-9f5a-2b828fae3769,2f95ea1f-8059-459c-82b0-334b6b247ef3,Tangerine,2026-01-25 23:22:47.478881+00
78380afb-5b46-4794-9f5a-2b828fae3769,418039c1-9d65-4bc2-9cad-8b55afc123ff,Lemon,2026-01-25 23:22:47.478881+00
78380afb-5b46-4794-9f5a-2b828fae3769,47d847bf-a848-498c-8225-6bf0655cb321,The Hornet,2026-01-25 23:22:47.478881+00
78380afb-5b46-4794-9f5a-2b828fae3769,48f67bfb-791c-4fab-aa9b-a76035fae05f,Prince,2026-01-25 23:22:47.478881+00
78380afb-5b46-4794-9f5a-2b828fae3769,69fdeacf-ccd0-4171-9632-96061047ceea,White Death,2026-01-25 23:22:47.478881+00
78380afb-5b46-4794-9f5a-2b828fae3769,6efc1141-64ab-4297-b16b-1df42856986d,The Son,2026-01-25 23:22:47.478881+00
78380afb-5b46-4794-9f5a-2b828fae3769,76a17ecc-845c-43c6-b922-76c3ef6a7944,The Elder,2026-01-25 23:22:47.478881+00
78380afb-5b46-4794-9f5a-2b828fae3769,9ab351b8-179c-4135-9a3e-725d170febf0,Ladybug,2026-01-25 23:22:47.478881+00
78380afb-5b46-4794-9f5a-2b828fae3769,9dc7d832-4b6f-412a-88ea-8ace9c3440f4,Conductor,2026-01-25 23:22:47.478881+00
78380afb-5b46-4794-9f5a-2b828fae3769,b1b8869a-01c3-4373-b543-9ddfb416162b,Asami Akiyama,2026-01-25 23:22:47.478881+00
78380afb-5b46-4794-9f5a-2b828fae3769,b2aff1cb-40c1-4e47-90a4-d67e77759f81,Angelina Young,2026-01-25 23:22:47.478881+00
78380afb-5b46-4794-9f5a-2b828fae3769,bd5bae98-842a-4b52-bc1a-e49460d56ceb,Tokyo Zookeeper,2026-01-25 23:22:47.478881+00
78380afb-5b46-4794-9f5a-2b828fae3769,d35f75c1-ffb5-4cd6-87ff-658750c4793b,Wolf,2026-01-25 23:22:47.478881+00
78380afb-5b46-4794-9f5a-2b828fae3769,dbbedda4-de6b-4e57-b530-0a3f000849ff,Wataru,2026-01-25 23:22:47.478881+00
78380afb-5b46-4794-9f5a-2b828fae3769,ee1483c9-704c-478f-a560-a3513dd69cef,Kayda Izumi Concession Girl,2026-01-25 23:22:47.478881+00
78380afb-5b46-4794-9f5a-2b828fae3769,fd8cddc2-3485-44c2-bd31-e87efe216b83,Senator,2026-01-25 23:22:47.478881+00
783a3f78-da67-4bd0-9b8f-20c9cffcdf73,05284a1b-cfb1-493a-a7e2-0b72ca24d749,Waverly,2026-01-25 23:22:47.478881+00
783a3f78-da67-4bd0-9b8f-20c9cffcdf73,0aeeb8b9-5827-4839-ab8d-9583b09246e4,Fishing Captain,2026-01-25 23:22:47.478881+00
783a3f78-da67-4bd0-9b8f-20c9cffcdf73,0c1e24ff-d1af-4e78-a36d-ad9c394f43a7,Assistant,2026-01-25 23:22:47.478881+00
783a3f78-da67-4bd0-9b8f-20c9cffcdf73,22d09fca-d571-4243-bcdf-20715d5a59a1,Gaby Teller,2026-01-25 23:22:47.478881+00
783a3f78-da67-4bd0-9b8f-20c9cffcdf73,2c423957-8885-4b7e-b4c8-018635686b7a,Jones,2026-01-25 23:22:47.478881+00
783a3f78-da67-4bd0-9b8f-20c9cffcdf73,32c6f764-0fbf-45d0-b3c5-b423357b56ac,Guard (Checkpoint),2026-01-25 23:22:47.478881+00
783a3f78-da67-4bd0-9b8f-20c9cffcdf73,559f6964-8b86-4941-82f6-aa85b25962c2,Sanders,2026-01-25 23:22:47.478881+00
783a3f78-da67-4bd0-9b8f-20c9cffcdf73,57bcafdb-c969-42c0-b8d2-74680ed3026d,Illya Kuryakin,2026-01-25 23:22:47.478881+00
783a3f78-da67-4bd0-9b8f-20c9cffcdf73,60877524-e646-4246-ae27-d2b018ed393a,Victoria Vinciguerra,2026-01-25 23:22:47.478881+00
783a3f78-da67-4bd0-9b8f-20c9cffcdf73,657573ea-922b-4f15-86df-83bb1133bb51,Mechanic,2026-01-25 23:22:47.478881+00
783a3f78-da67-4bd0-9b8f-20c9cffcdf73,673835d2-313e-4b89-ba27-4c5278e886bc,Desk Clerk,2026-01-25 23:22:47.478881+00
783a3f78-da67-4bd0-9b8f-20c9cffcdf73,6ddad0eb-a5bb-446f-bc52-a19bc21fb180,Oleg,2026-01-25 23:22:47.478881+00
783a3f78-da67-4bd0-9b8f-20c9cffcdf73,7ce03602-d6e8-40dd-a559-5606d6e56d4b,Harbourmaster,2026-01-25 23:22:47.478881+00
783a3f78-da67-4bd0-9b8f-20c9cffcdf73,87411ed4-7db6-439d-a80c-1112233fb583,Man 2,2026-01-25 23:22:47.478881+00
783a3f78-da67-4bd0-9b8f-20c9cffcdf73,9b17b392-a4ab-4275-a7c8-449d8474d255,Man 1,2026-01-25 23:22:47.478881+00
783a3f78-da67-4bd0-9b8f-20c9cffcdf73,a4bf453c-bedb-4995-806b-72b7028429f8,Napoleon Solo,2026-01-25 23:22:47.478881+00
783a3f78-da67-4bd0-9b8f-20c9cffcdf73,b0a7b4d9-b18b-4810-9117-68e5c3179d08,Uncle Rudi,2026-01-25 23:22:47.478881+00
783a3f78-da67-4bd0-9b8f-20c9cffcdf73,d0b9055f-63b8-4961-a73e-16a987383e68,Alexander,2026-01-25 23:22:47.478881+00
783a3f78-da67-4bd0-9b8f-20c9cffcdf73,e6712855-e890-4598-b986-7e087987fcd1,Night Manager,2026-01-25 23:22:47.478881+00
783a3f78-da67-4bd0-9b8f-20c9cffcdf73,f641bddc-546f-4953-a92b-72e082cd89d4,Udo,2026-01-25 23:22:47.478881+00
79375f44-d1aa-4801-8d57-6369b79c5b4d,04e6ffb1-4bc8-4597-8a14-d201869d158a,Serge's Sister,2026-01-25 23:22:47.478881+00
79375f44-d1aa-4801-8d57-6369b79c5b4d,06b88e97-582b-454b-a30d-8cfde947b772,M. Jean,2026-01-25 23:22:47.478881+00
79375f44-d1aa-4801-8d57-6369b79c5b4d,09e04fd6-8c16-4966-b544-89242326e513,Agatha,2026-01-25 23:22:47.478881+00
79375f44-d1aa-4801-8d57-6369b79c5b4d,1f4e77b2-c27d-4e79-bab2-7352c7859741,Mr. Mosher,2026-01-25 23:22:47.478881+00
79375f44-d1aa-4801-8d57-6369b79c5b4d,293e2fa3-c042-429e-90ef-b4ae3cc5ade1,M. Chuck,2026-01-25 23:22:47.478881+00
79375f44-d1aa-4801-8d57-6369b79c5b4d,3af71213-ea1a-4c71-8dcc-641246555dad,Mr. Moustafa,2026-01-25 23:22:47.478881+00
79375f44-d1aa-4801-8d57-6369b79c5b4d,3c1e9dc7-594a-4b77-9fd3-19cb1efe3eda,Ludwig,2026-01-25 23:22:47.478881+00
79375f44-d1aa-4801-8d57-6369b79c5b4d,511d0f5c-e1b2-4040-afee-23da18ea1d5e,Henckels,2026-01-25 23:22:47.478881+00
79375f44-d1aa-4801-8d57-6369b79c5b4d,513f95fa-6520-4b12-9bca-f16989c3cc29,Deputy Kovacs,2026-01-25 23:22:47.478881+00
79375f44-d1aa-4801-8d57-6369b79c5b4d,58ef514a-12b0-468b-adb0-2a7a84b8e7b4,Clotilde,2026-01-25 23:22:47.478881+00
79375f44-d1aa-4801-8d57-6369b79c5b4d,9980cb75-7d9c-4797-9adb-a6d26b01c14c,Zero,2026-01-25 23:22:47.478881+00
79375f44-d1aa-4801-8d57-6369b79c5b4d,9b7828ba-c752-4ca4-864f-577bdb63f90a,Madame D.,2026-01-25 23:22:47.478881+00
79375f44-d1aa-4801-8d57-6369b79c5b4d,b2d40385-b91d-46fe-8c6c-b367ff06ade3,M. Ivan,2026-01-25 23:22:47.478881+00
79375f44-d1aa-4801-8d57-6369b79c5b4d,b6d62e7c-6d27-4117-817c-164e341aeb90,Jopling,2026-01-25 23:22:47.478881+00
79375f44-d1aa-4801-8d57-6369b79c5b4d,b72c7eb1-4df5-4614-8c5d-d5a230213888,Dmitri,2026-01-25 23:22:47.478881+00
79375f44-d1aa-4801-8d57-6369b79c5b4d,cff19bf0-5789-4a9c-91db-925230c0665c,Serge X.,2026-01-25 23:22:47.478881+00
79375f44-d1aa-4801-8d57-6369b79c5b4d,e6561552-9242-416b-bbbc-b3de86b20b08,M. Gustave,2026-01-25 23:22:47.478881+00
79375f44-d1aa-4801-8d57-6369b79c5b4d,ebb8190f-81bf-4fb6-90da-1b829ca005b9,Pinky,2026-01-25 23:22:47.478881+00
79375f44-d1aa-4801-8d57-6369b79c5b4d,ef913d4f-daeb-497b-a505-3d61c8dba481,Young Author,2026-01-25 23:22:47.478881+00
79375f44-d1aa-4801-8d57-6369b79c5b4d,fc4eec10-d895-41ac-b647-4c84413b1218,Author,2026-01-25 23:22:47.478881+00
79a46b44-80af-4d51-a97c-e7dcbb02b9a7,2b6c2479-2efd-44cd-ad7e-b0b66da504a9,Old Man's Dead Wife (uncredited),2026-01-25 23:22:47.478881+00
79a46b44-80af-4d51-a97c-e7dcbb02b9a7,53967df1-f974-434b-b5de-be1797c62a48,Evelyn Abbott,2026-01-25 23:22:47.478881+00
79a46b44-80af-4d51-a97c-e7dcbb02b9a7,56b9287b-bbd9-45f8-9b78-de8e1d23187a,Man in the Woods,2026-01-25 23:22:47.478881+00
79a46b44-80af-4d51-a97c-e7dcbb02b9a7,58b13670-b4a1-42ed-9b45-3ea1b798bb0d,Regan Abbott,2026-01-25 23:22:47.478881+00
79a46b44-80af-4d51-a97c-e7dcbb02b9a7,7490d356-a994-4603-b17a-0ae325226a9f,Lee Abbott,2026-01-25 23:22:47.478881+00
79a46b44-80af-4d51-a97c-e7dcbb02b9a7,a9b944d4-784a-44d2-8728-8a76d2b17281,Beau Abbott,2026-01-25 23:22:47.478881+00
79a46b44-80af-4d51-a97c-e7dcbb02b9a7,aecf3ca2-91b4-4f39-af91-c9476e56ef95,Marcus Abbott,2026-01-25 23:22:47.478881+00
79b1358f-b9be-401a-a1dc-c17ae9c683df,04dec141-1656-433e-abff-81be7592ffd7,Crosshairs (voice),2026-01-25 23:22:47.478881+00
79b1358f-b9be-401a-a1dc-c17ae9c683df,1010473b-7e4b-495f-9dad-43cd6fcc6878,Lucas Flannery,2026-01-25 23:22:47.478881+00
79b1358f-b9be-401a-a1dc-c17ae9c683df,17dbacf1-a999-4264-a593-b259f8c2006b,Darcy Tirrel,2026-01-25 23:22:47.478881+00
79b1358f-b9be-401a-a1dc-c17ae9c683df,3c0ee2f0-6280-4a1f-ba6a-05a1d0a214be,Tessa Yeager,2026-01-25 23:22:47.478881+00
79b1358f-b9be-401a-a1dc-c17ae9c683df,4f2c601d-1819-4d97-9310-7fa157ab0df2,Joshua Joyce,2026-01-25 23:22:47.478881+00
79b1358f-b9be-401a-a1dc-c17ae9c683df,4fcf4a4c-84d0-4099-8ff8-1119af4d3837,Galvatron (voice),2026-01-25 23:22:47.478881+00
79b1358f-b9be-401a-a1dc-c17ae9c683df,5939c529-8d33-44d4-96f3-b98c51b19524,Hound (voice),2026-01-25 23:22:47.478881+00
79b1358f-b9be-401a-a1dc-c17ae9c683df,5d111cfa-5114-4601-b265-ad683cc472e8,CIA Director,2026-01-25 23:22:47.478881+00
79b1358f-b9be-401a-a1dc-c17ae9c683df,61ce36d7-94df-4031-8c66-ef5c43ce73c9,Shane Dyson,2026-01-25 23:22:47.478881+00
79b1358f-b9be-401a-a1dc-c17ae9c683df,721e578b-64cc-4119-8cd2-711ad1c44acb,CIA Analyst,2026-01-25 23:22:47.478881+00
79b1358f-b9be-401a-a1dc-c17ae9c683df,aa394390-8494-4153-94f6-73d98c0a317d,Chief of Staff,2026-01-25 23:22:47.478881+00
79b1358f-b9be-401a-a1dc-c17ae9c683df,abc61204-9151-44b3-adbc-e361c8f059c9,Lockdown (voice),2026-01-25 23:22:47.478881+00
79b1358f-b9be-401a-a1dc-c17ae9c683df,b1ca0a2f-8f22-4edc-8f34-8ee53c698486,Cade Yeager,2026-01-25 23:22:47.478881+00
79b1358f-b9be-401a-a1dc-c17ae9c683df,b5274740-6fe6-4ae3-935c-1e2a34d8192d,Optimus Prime (voice),2026-01-25 23:22:47.478881+00
79b1358f-b9be-401a-a1dc-c17ae9c683df,bef8703d-1617-4180-bf01-e43c8e20b217,Convertible Passenger,2026-01-25 23:22:47.478881+00
79b1358f-b9be-401a-a1dc-c17ae9c683df,cad3293e-d01d-45b8-8bc6-059f1e3db913,Harold Attinger,2026-01-25 23:22:47.478881+00
79b1358f-b9be-401a-a1dc-c17ae9c683df,dabb5d71-bfc1-4791-80d7-e332fb9b9cb9,Su Yueming,2026-01-25 23:22:47.478881+00
79b1358f-b9be-401a-a1dc-c17ae9c683df,e09a0b65-279f-400a-8cff-425b082da404,Gill Wembley,2026-01-25 23:22:47.478881+00
79b1358f-b9be-401a-a1dc-c17ae9c683df,ef124f2c-0b90-41d7-8010-cae821fa47ae,Drift (voice),2026-01-25 23:22:47.478881+00
79b1358f-b9be-401a-a1dc-c17ae9c683df,fce383a8-7b57-41fd-bb78-6e65fa521834,James Savoy,2026-01-25 23:22:47.478881+00
7bd54cd1-a308-461c-b487-82b38e7a4953,020c532a-92bd-4dcb-8636-980d2639c567,Eve Teschmacher,2026-01-25 23:22:47.478881+00
7bd54cd1-a308-461c-b487-82b38e7a4953,063edd17-97fe-4629-9d9f-c736a4afb50f,Superman Robot #12 (voice),2026-01-25 23:22:47.478881+00
7bd54cd1-a308-461c-b487-82b38e7a4953,073fbfcb-f7ac-423b-89d9-ef275d7c1f7f,Superman Robot #5 (voice),2026-01-25 23:22:47.478881+00
7bd54cd1-a308-461c-b487-82b38e7a4953,0c547ccb-029e-4402-b7b3-91cc48c6b558,Sydney Happersen,2026-01-25 23:22:47.478881+00
7bd54cd1-a308-461c-b487-82b38e7a4953,1bda1d93-5d6a-4c3c-b675-21301c492fd6,Superman Robot #1 (voice),2026-01-25 23:22:47.478881+00
7bd54cd1-a308-461c-b487-82b38e7a4953,281828dd-c01b-426d-8ec3-e6600af9dd29,Jor-El,2026-01-25 23:22:47.478881+00
7bd54cd1-a308-461c-b487-82b38e7a4953,37e15b81-c4da-49f2-a39a-74f33afa5f5f,Boravian Tech,2026-01-25 23:22:47.478881+00
7bd54cd1-a308-461c-b487-82b38e7a4953,7c472bc5-07e9-4cca-8938-ea0683f609f7,Mr. Terrific,2026-01-25 23:22:47.478881+00
7bd54cd1-a308-461c-b487-82b38e7a4953,7e3b8044-50b0-4ec7-8131-0db66036bde1,Gary,2026-01-25 23:22:47.478881+00
7bd54cd1-a308-461c-b487-82b38e7a4953,894d35a0-9a17-4b52-b89d-7a66145a4ff3,Lois Lane,2026-01-25 23:22:47.478881+00
7bd54cd1-a308-461c-b487-82b38e7a4953,8f56a3ed-2eda-4a34-99e4-169967654545,Ms. Jessop,2026-01-25 23:22:47.478881+00
7bd54cd1-a308-461c-b487-82b38e7a4953,944b68cb-c228-4f81-9b49-26b79196849f,Cheryl Kimble,2026-01-25 23:22:47.478881+00
7bd54cd1-a308-461c-b487-82b38e7a4953,9e6d998d-1cb6-4df1-8dde-2c677e296de3,Lex Luthor,2026-01-25 23:22:47.478881+00
7bd54cd1-a308-461c-b487-82b38e7a4953,ad6142e7-ff36-46df-bb05-16b59288b208,The Engineer,2026-01-25 23:22:47.478881+00
7bd54cd1-a308-461c-b487-82b38e7a4953,ba7b806b-10eb-4853-92c2-87efa8e66357,Lara,2026-01-25 23:22:47.478881+00
7bd54cd1-a308-461c-b487-82b38e7a4953,c65c3f40-196d-4d47-9b38-ced5719f6a0d,Otis Berg,2026-01-25 23:22:47.478881+00
7bd54cd1-a308-461c-b487-82b38e7a4953,d27e0573-e1d2-4e7b-885d-eedf03507575,Jimmy Olsen,2026-01-25 23:22:47.478881+00
7bd54cd1-a308-461c-b487-82b38e7a4953,d54e060c-c2a7-4402-899e-8199874e3132,Hawkgirl,2026-01-25 23:22:47.478881+00
7bd54cd1-a308-461c-b487-82b38e7a4953,f346217b-dc24-411e-95a0-44c998b8f92f,Guy Gardner,2026-01-25 23:22:47.478881+00
7bd54cd1-a308-461c-b487-82b38e7a4953,f72b8d86-582d-4ee3-8dac-3d48d7534e89,Superman,2026-01-25 23:22:47.478881+00
7c912c4e-888c-4637-a9ed-01a249f45f49,0eaa6335-4639-4969-a2c6-6608c6fc0481,Dr. Hannibal Lecter,2026-01-25 23:22:47.478881+00
7c912c4e-888c-4637-a9ed-01a249f45f49,1cd85ad6-278d-4682-b610-c03896aac2de,Sgt. Tate,2026-01-25 23:22:47.478881+00
7c912c4e-888c-4637-a9ed-01a249f45f49,260e5d46-0ae7-45d5-9ff0-efd651d5f65b,Pilcher,2026-01-25 23:22:47.478881+00
7c912c4e-888c-4637-a9ed-01a249f45f49,30e8a075-db8d-4ae2-8823-5740603d686d,Paul Krendler,2026-01-25 23:22:47.478881+00
7c912c4e-888c-4637-a9ed-01a249f45f49,42ffc6bb-5531-4298-b31b-d334a35e86ef,Friendly Psychopath,2026-01-25 23:22:47.478881+00
7c912c4e-888c-4637-a9ed-01a249f45f49,477ff6f0-752c-422d-a05d-ee5fd53fccf0,Lamar,2026-01-25 23:22:47.478881+00
7c912c4e-888c-4637-a9ed-01a249f45f49,5fa0877c-d124-4352-81ba-1df3026812e3,FBI Director Hayden Burke,2026-01-25 23:22:47.478881+00
7c912c4e-888c-4637-a9ed-01a249f45f49,6d808c89-665c-4f2c-a3bf-afe35915a030,Dr. Frederick Chilton,2026-01-25 23:22:47.478881+00
7c912c4e-888c-4637-a9ed-01a249f45f49,6f979879-8828-422b-ba63-1c6e0cf3dd6a,Senator Ruth Martin,2026-01-25 23:22:47.478881+00
7c912c4e-888c-4637-a9ed-01a249f45f49,88d1c3a1-5b61-4e57-9817-d9675730e672,Agent Burroughs,2026-01-25 23:22:47.478881+00
7c912c4e-888c-4637-a9ed-01a249f45f49,8ea20dc2-3b79-476b-8a50-fe229573ada5,Lt. Boyle,2026-01-25 23:22:47.478881+00
7c912c4e-888c-4637-a9ed-01a249f45f49,986931cf-a4eb-443d-a5f3-51fced0a41a5,Sgt. Pembry,2026-01-25 23:22:47.478881+00
7c912c4e-888c-4637-a9ed-01a249f45f49,9cf3531b-d401-4ecf-ad97-8ad3d78be212,Clarice Starling,2026-01-25 23:22:47.478881+00
7c912c4e-888c-4637-a9ed-01a249f45f49,ab22383d-0e2e-49b1-a0b7-6b6cb7c50d94,Jack Crawford,2026-01-25 23:22:47.478881+00
7c912c4e-888c-4637-a9ed-01a249f45f49,b100352d-1dfb-488f-b197-295254dd1086,FBI Instructor,2026-01-25 23:22:47.478881+00
7c912c4e-888c-4637-a9ed-01a249f45f49,b8676265-c198-4fdd-a9c5-bdf32627bda1,Ardelia Mapp,2026-01-25 23:22:47.478881+00
7c912c4e-888c-4637-a9ed-01a249f45f49,c1e9704f-9d00-49c1-9934-531f99b7af71,Barney,2026-01-25 23:22:47.478881+00
7c912c4e-888c-4637-a9ed-01a249f45f49,c215f4e9-f488-4013-b431-57886d54b49b,Catherine Martin,2026-01-25 23:22:47.478881+00
7c912c4e-888c-4637-a9ed-01a249f45f49,e4e65671-20c6-414a-af5a-5ed1ef2c2872,Jame Gumb,2026-01-25 23:22:47.478881+00
7c912c4e-888c-4637-a9ed-01a249f45f49,f4a132be-311a-424f-a940-a7022b92daff,Roden,2026-01-25 23:22:47.478881+00
7d7d77ad-8ce0-4da0-a2a6-6aa75037ad54,02a340ff-19ae-423b-accd-be299a88c25d,Tanner,2026-02-03 06:46:56.224506+00
7d7d77ad-8ce0-4da0-a2a6-6aa75037ad54,02f01fcb-a6be-4294-81b0-2a93feb2309f,Marco Sciarra,2026-02-03 06:46:56.224506+00
7d7d77ad-8ce0-4da0-a2a6-6aa75037ad54,03744ac7-a4b5-490f-94ab-96880b38999f,Blofeld,2026-02-03 06:46:56.224506+00
7d7d77ad-8ce0-4da0-a2a6-6aa75037ad54,075d6a0a-d540-482d-9461-1f16b39a585e,Gallo,2026-02-03 06:46:56.224506+00
7d7d77ad-8ce0-4da0-a2a6-6aa75037ad54,1842c394-c581-4215-9e7c-38784c78ab69,Estrella,2026-02-03 06:46:56.224506+00
7d7d77ad-8ce0-4da0-a2a6-6aa75037ad54,24201235-4b83-43cb-bfd5-7d0b774bf6ac,Mexican Man in Lift,2026-02-03 06:46:56.224506+00
7d7d77ad-8ce0-4da0-a2a6-6aa75037ad54,2f95068d-31c3-48d3-81a7-245e0ae183b3,Gallo's Accomplice,2026-02-03 06:46:56.224506+00
7d7d77ad-8ce0-4da0-a2a6-6aa75037ad54,5847d697-e4a7-41d8-bd94-c9888cf48ac5,C,2026-02-03 06:46:56.224506+00
7d7d77ad-8ce0-4da0-a2a6-6aa75037ad54,58ef514a-12b0-468b-adb0-2a7a84b8e7b4,Madeleine,2026-02-03 06:46:56.224506+00
7d7d77ad-8ce0-4da0-a2a6-6aa75037ad54,7387eb65-ecef-4b72-b5ea-e0386bdb6f5b,Gallo's Accomplice,2026-02-03 06:46:56.224506+00
7d7d77ad-8ce0-4da0-a2a6-6aa75037ad54,87bebec3-7557-4db1-bc8a-81b46a252919,Moneypenny,2026-02-03 06:46:56.224506+00
7d7d77ad-8ce0-4da0-a2a6-6aa75037ad54,9270462f-b402-4cfe-a817-7ffd79ad4641,Lucia,2026-02-03 06:46:56.224506+00
7d7d77ad-8ce0-4da0-a2a6-6aa75037ad54,93b66cba-7c32-4e95-9c8f-df62d9448029,Mr. White,2026-02-03 06:46:56.224506+00
7d7d77ad-8ce0-4da0-a2a6-6aa75037ad54,9649efce-3485-4170-aad6-d7ed2bc7496f,Mexican Woman in Lift,2026-02-03 06:46:56.224506+00
7d7d77ad-8ce0-4da0-a2a6-6aa75037ad54,a3d4928b-0ae1-4d20-8a38-27b60685b6a3,Q,2026-02-03 06:46:56.224506+00
7d7d77ad-8ce0-4da0-a2a6-6aa75037ad54,a41ead22-9c1e-487b-9a03-9ce20ff33bec,James Bond,2026-02-03 06:46:56.224506+00
7d7d77ad-8ce0-4da0-a2a6-6aa75037ad54,c5e2fbac-8d92-4dd1-828b-616d1e9b3686,Moneypenny's Boyfriend,2026-02-03 06:46:56.224506+00
7d7d77ad-8ce0-4da0-a2a6-6aa75037ad54,e6561552-9242-416b-bbbc-b3de86b20b08,M,2026-02-03 06:46:56.224506+00
7d7d77ad-8ce0-4da0-a2a6-6aa75037ad54,ea1508e9-f5f4-44ca-9e13-768f2b52bbd1,Q's Assistant,2026-02-03 06:46:56.224506+00
7d7d77ad-8ce0-4da0-a2a6-6aa75037ad54,f3c684b9-3610-4d0d-996b-b1bebd2b9e5e,Hinx,2026-02-03 06:46:56.224506+00
802365eb-b696-4f07-95f6-8f28dea88dd0,1fc3d5ff-4707-4111-a28c-7c602cbffbfa,Dr. Teddy Paine,2026-01-25 23:22:47.478881+00
802365eb-b696-4f07-95f6-8f28dea88dd0,32c6fc2d-ba69-40d3-b3cb-c7a02d4a4a13,Captain Forrest,2026-01-25 23:22:47.478881+00
802365eb-b696-4f07-95f6-8f28dea88dd0,3dfee3f2-82e3-453c-8470-5edb12377510,Barman,2026-01-25 23:22:47.478881+00
802365eb-b696-4f07-95f6-8f28dea88dd0,42417b1b-1b77-476f-864d-575376154922,Tuxedo Guy,2026-01-25 23:22:47.478881+00
802365eb-b696-4f07-95f6-8f28dea88dd0,63bfca57-f2cd-4344-9211-e5ead2aec316,Strickland,2026-01-25 23:22:47.478881+00
802365eb-b696-4f07-95f6-8f28dea88dd0,7cc5a9ea-3467-4d0f-a575-d02593df0d2c,Mrs. Chen,2026-01-25 23:22:47.478881+00
802365eb-b696-4f07-95f6-8f28dea88dd0,8a3531bd-ff6f-4046-9d53-6d5e81c43c45,Dr. Dan Lewis,2026-01-25 23:22:47.478881+00
802365eb-b696-4f07-95f6-8f28dea88dd0,8f6e6002-74c5-4f5e-9465-24179b65be53,Eddie Brock / Venom,2026-01-25 23:22:47.478881+00
802365eb-b696-4f07-95f6-8f28dea88dd0,93f7ec25-3143-4549-a955-3cc7653ee1ee,Detective Mulligan,2026-01-25 23:22:47.478881+00
802365eb-b696-4f07-95f6-8f28dea88dd0,9a2777f6-4aa1-49dd-937b-63748fc5c53a,Knull (voice),2026-01-25 23:22:47.478881+00
802365eb-b696-4f07-95f6-8f28dea88dd0,a01ba4a2-9506-494a-9535-109d265b6676,Echo,2026-01-25 23:22:47.478881+00
802365eb-b696-4f07-95f6-8f28dea88dd0,a2ac5461-5415-4596-99ac-3685d27d1492,Donald the Security Guard,2026-01-25 23:22:47.478881+00
802365eb-b696-4f07-95f6-8f28dea88dd0,a5041413-beae-4e37-8ede-7d18e46506d4,Javier,2026-01-25 23:22:47.478881+00
802365eb-b696-4f07-95f6-8f28dea88dd0,d13c8270-9fde-4d96-9b3a-85fbc4f0081b,Sadie,2026-01-25 23:22:47.478881+00
802365eb-b696-4f07-95f6-8f28dea88dd0,d5a76812-e0cb-4309-988b-2a6127cef471,Leaf,2026-01-25 23:22:47.478881+00
802365eb-b696-4f07-95f6-8f28dea88dd0,e55b0817-f8ad-4fa1-9600-dc90ea3f4f13,Las Vegas Security Guard,2026-01-25 23:22:47.478881+00
802365eb-b696-4f07-95f6-8f28dea88dd0,e8dda374-7d05-4e6e-b5dc-da895d107508,Martin,2026-01-25 23:22:47.478881+00
802365eb-b696-4f07-95f6-8f28dea88dd0,f4d7100b-a542-47e8-ad2d-35b70c281469,Young Paine,2026-01-25 23:22:47.478881+00
802365eb-b696-4f07-95f6-8f28dea88dd0,f88dcc2b-8fa8-4a46-a887-414b68c19a0a,Nova,2026-01-25 23:22:47.478881+00
802365eb-b696-4f07-95f6-8f28dea88dd0,fe1da4ef-0e20-4ff9-9523-b4e990298ef5,Jim - Security,2026-01-25 23:22:47.478881+00
80be6c74-4024-43a6-9ac2-330b04841a19,079e66fc-53f7-4b0a-9a55-0439af93369a,Leslie Burke,2026-01-25 23:22:47.478881+00
80be6c74-4024-43a6-9ac2-330b04841a19,3774b7ba-acf7-4d4b-a94c-2a7f79db6f3f,Madison,2026-01-25 23:22:47.478881+00
80be6c74-4024-43a6-9ac2-330b04841a19,4e2427be-8fca-4848-ad87-eea4ec5f5cbb,Brenda Aarons,2026-01-25 23:22:47.478881+00
80be6c74-4024-43a6-9ac2-330b04841a19,5c64458a-b280-4f09-b9ba-5c759bfae36f,Principal Turner,2026-01-25 23:22:47.478881+00
80be6c74-4024-43a6-9ac2-330b04841a19,613fd3ac-784a-4625-bbb4-ea1867f7880c,Joyce Aarons,2026-01-25 23:22:47.478881+00
80be6c74-4024-43a6-9ac2-330b04841a19,67319438-4ad2-4a9a-835c-0b4d0ede757a,Mrs. Myers,2026-01-25 23:22:47.478881+00
80be6c74-4024-43a6-9ac2-330b04841a19,6f502ae3-62f4-43ac-a527-de76f757887a,Ellie Aarons,2026-01-25 23:22:47.478881+00
80be6c74-4024-43a6-9ac2-330b04841a19,6fc207a5-48be-4a6f-9fea-6ab6d9c80904,Kenny (Bus Driver),2026-01-25 23:22:47.478881+00
80be6c74-4024-43a6-9ac2-330b04841a19,874bf7e6-5624-4cb2-961a-82ead1768400,Judy Burke,2026-01-25 23:22:47.478881+00
80be6c74-4024-43a6-9ac2-330b04841a19,9c4c4663-c26d-4faa-b563-0d88eb5e50d3,Grandma Burke,2026-01-25 23:22:47.478881+00
80be6c74-4024-43a6-9ac2-330b04841a19,a64fe554-ee39-4a3f-99a9-f0541b0c9dfb,Jack Aarons,2026-01-25 23:22:47.478881+00
80be6c74-4024-43a6-9ac2-330b04841a19,ad609f7c-18ac-4753-9e83-56714cc61ad6,Bill Burke,2026-01-25 23:22:47.478881+00
80be6c74-4024-43a6-9ac2-330b04841a19,adc2a3e9-e93c-461c-9aff-5f7f520c4e9e,Carla,2026-01-25 23:22:47.478881+00
80be6c74-4024-43a6-9ac2-330b04841a19,d7343b93-cac8-4044-b91e-9a78b02e2ead,Jess Aarons,2026-01-25 23:22:47.478881+00
80be6c74-4024-43a6-9ac2-330b04841a19,e5308a3a-3e68-4279-ac88-da17403a7f27,Gary Fulcher,2026-01-25 23:22:47.478881+00
80be6c74-4024-43a6-9ac2-330b04841a19,e8f5eaa5-d990-4098-be65-b01902fa0e02,Ms. Edmunds,2026-01-25 23:22:47.478881+00
80be6c74-4024-43a6-9ac2-330b04841a19,f056cac6-815d-47e1-8eca-ec651f58d966,Mary Aarons,2026-01-25 23:22:47.478881+00
80be6c74-4024-43a6-9ac2-330b04841a19,f45ae49b-e40d-4792-8810-3d271d2dc486,Janice Avery,2026-01-25 23:22:47.478881+00
80be6c74-4024-43a6-9ac2-330b04841a19,f7c16742-127d-44bc-b2b9-e6d9feb0c340,May Belle Aarons,2026-01-25 23:22:47.478881+00
80be6c74-4024-43a6-9ac2-330b04841a19,fcb9f1b6-92ce-4c68-9084-35dc3a74b95f,Scott Hoager,2026-01-25 23:22:47.478881+00
81a61028-36ae-4cfc-b9c1-871aa621f24f,0d2481e6-1336-4aaf-a88a-21cf693ccbb7,Veronica,2026-01-25 23:22:47.478881+00
81a61028-36ae-4cfc-b9c1-871aa621f24f,119b4f9a-cddb-4fa6-8e70-6eaa4a706ff3,Nancy (High School Principal),2026-01-25 23:22:47.478881+00
81a61028-36ae-4cfc-b9c1-871aa621f24f,281828dd-c01b-426d-8ec3-e6600af9dd29,Pat Solatano Jr.,2026-01-25 23:22:47.478881+00
81a61028-36ae-4cfc-b9c1-871aa621f24f,2a9f0f70-c741-4bd1-8e1b-22a113954637,Pat Solatano Sr.,2026-01-25 23:22:47.478881+00
81a61028-36ae-4cfc-b9c1-871aa621f24f,395b865c-9aa4-45f3-bbbd-0311b460741f,Nikki,2026-01-25 23:22:47.478881+00
81a61028-36ae-4cfc-b9c1-871aa621f24f,3e1b7644-dac6-45c8-a91c-3226e1f25af5,Dr. Timbers,2026-01-25 23:22:47.478881+00
81a61028-36ae-4cfc-b9c1-871aa621f24f,44ee93ac-c231-4769-ab8e-7e40722233e5,Ricky D'Angelo,2026-01-25 23:22:47.478881+00
81a61028-36ae-4cfc-b9c1-871aa621f24f,647e8ada-6a47-4484-84b6-62a9cb6db58e,Dr. Cliff Patel,2026-01-25 23:22:47.478881+00
81a61028-36ae-4cfc-b9c1-871aa621f24f,65f407f7-5b08-4e41-ae44-70f441c580d2,Officer Keogh,2026-01-25 23:22:47.478881+00
81a61028-36ae-4cfc-b9c1-871aa621f24f,68b82d1e-e69b-44a1-98f0-a0eb3e13afb8,Tiffany Maxwell,2026-01-25 23:22:47.478881+00
81a61028-36ae-4cfc-b9c1-871aa621f24f,7648e569-2dcd-48c9-bda2-1d777de49214,Tiffany's Mother,2026-01-25 23:22:47.478881+00
81a61028-36ae-4cfc-b9c1-871aa621f24f,875507da-cccf-4e2b-ab79-66bc1797de4d,Randy,2026-01-25 23:22:47.478881+00
81a61028-36ae-4cfc-b9c1-871aa621f24f,87ab3bfb-9cda-484c-b76a-7516c68f2e3b,Dolores Solatano,2026-01-25 23:22:47.478881+00
81a61028-36ae-4cfc-b9c1-871aa621f24f,931f5d08-1031-46d9-aba3-5cf03a8ab657,Danny McDaniels,2026-01-25 23:22:47.478881+00
81a61028-36ae-4cfc-b9c1-871aa621f24f,99490f70-5fb2-4a96-92a5-b4867f771031,Regina,2026-01-25 23:22:47.478881+00
81a61028-36ae-4cfc-b9c1-871aa621f24f,9f94f1a9-30e3-49a8-afeb-3922e35ad38c,Tiffany's Father,2026-01-25 23:22:47.478881+00
81a61028-36ae-4cfc-b9c1-871aa621f24f,b3f8c6b2-774a-4835-91d1-219e29eb89f5,Ronnie,2026-01-25 23:22:47.478881+00
81a61028-36ae-4cfc-b9c1-871aa621f24f,bdc8e693-c60b-4ce8-85fa-7537bf904e15,Jake Solatano,2026-01-25 23:22:47.478881+00
81a61028-36ae-4cfc-b9c1-871aa621f24f,c7376193-1448-4cc1-8f8d-af89e9938284,Jordie,2026-01-25 23:22:47.478881+00
81a61028-36ae-4cfc-b9c1-871aa621f24f,ea6ecf59-e94a-4a02-84cd-75795adaf256,Older Waitress,2026-01-25 23:22:47.478881+00
82d99b16-18e6-4d75-b06c-7dfcae66fae2,026a718c-4757-4933-ad43-e0c274d37bd8,Ricky Butler,2026-02-03 06:56:26.283259+00
82d99b16-18e6-4d75-b06c-7dfcae66fae2,0fb1a7d0-771d-4e1d-ba0a-54f4cb637b7a,Lt. Mark Rumsfield,2026-02-03 06:56:26.283259+00
82d99b16-18e6-4d75-b06c-7dfcae66fae2,29ef8de8-406e-42bf-9649-2e1cb04d1637,Dave Peterson,2026-02-03 06:56:26.283259+00
82d99b16-18e6-4d75-b06c-7dfcae66fae2,31a769f3-1e8c-40ed-98db-88c856618c70,"Joe, Garbageman #2",2026-02-03 06:56:26.283259+00
82d99b16-18e6-4d75-b06c-7dfcae66fae2,57f3a5a5-5e94-4ede-8354-1cfa87e2e253,"Vic, Garbageman #1",2026-02-03 06:56:26.283259+00
82d99b16-18e6-4d75-b06c-7dfcae66fae2,5fc34db7-8e62-4ade-8198-85c5523a3494,Bonnie Rumsfield,2026-02-03 06:56:26.283259+00
82d99b16-18e6-4d75-b06c-7dfcae66fae2,671e6447-6403-414a-9f9e-581627242988,Detective #2,2026-02-03 06:56:26.283259+00
82d99b16-18e6-4d75-b06c-7dfcae66fae2,7a9e992a-469f-4ed8-9bfe-f241eb29bd0d,Ricky's Girlfriend,2026-02-03 06:56:26.283259+00
82d99b16-18e6-4d75-b06c-7dfcae66fae2,7d0d9c96-6544-4304-8b23-02587eeb4230,Ray Peterson,2026-02-03 06:56:26.283259+00
82d99b16-18e6-4d75-b06c-7dfcae66fae2,8363119f-5c89-4d4f-8847-35443b715b81,Art Weingartner,2026-02-03 06:56:26.283259+00
82d99b16-18e6-4d75-b06c-7dfcae66fae2,8d7cd54e-8be4-4b06-9b98-17d69bc73683,Detective #1,2026-02-03 06:56:26.283259+00
82d99b16-18e6-4d75-b06c-7dfcae66fae2,8f14c051-3ea0-4f20-98e8-168190d7c93b,Dr. Werner Klopek,2026-02-03 06:56:26.283259+00
82d99b16-18e6-4d75-b06c-7dfcae66fae2,9da03b41-9e66-4e29-bfc6-8b1587ca3b8f,Steve Kuntz,2026-02-03 06:56:26.283259+00
82d99b16-18e6-4d75-b06c-7dfcae66fae2,a47695ea-6b13-4e4f-bb00-380ea27e28b5,Ricky's Friend,2026-02-03 06:56:26.283259+00
82d99b16-18e6-4d75-b06c-7dfcae66fae2,cad53311-bd39-4167-bb4a-3632bbb6cfc7,Ricky's Friend,2026-02-03 06:56:26.283259+00
82d99b16-18e6-4d75-b06c-7dfcae66fae2,d196f275-9aa0-4227-9355-137e4ff500ac,Walter Seznick,2026-02-03 06:56:26.283259+00
82d99b16-18e6-4d75-b06c-7dfcae66fae2,d20e3ee9-49f4-4ef5-8d8c-3e6ca93e39de,Cop,2026-02-03 06:56:26.283259+00
82d99b16-18e6-4d75-b06c-7dfcae66fae2,d6d642d5-775a-4acb-a296-7abdd34fc77a,Hans Klopek,2026-02-03 06:56:26.283259+00
82d99b16-18e6-4d75-b06c-7dfcae66fae2,ef6f3ae5-f5fc-4f61-a866-6c037af35997,Uncle Reuben Klopek,2026-02-03 06:56:26.283259+00
82d99b16-18e6-4d75-b06c-7dfcae66fae2,f71ed144-2460-4ea0-a386-614b5b2126d1,Carol Peterson,2026-02-03 06:56:26.283259+00
88a10c9c-3b04-4d8e-a9f9-ab793a237c8a,06f4c760-de4e-471c-9cbe-6aae660ebd3a,Nearly Headless Nick,2026-02-13 05:52:58.391183+00
88a10c9c-3b04-4d8e-a9f9-ab793a237c8a,109922b2-6463-4148-950e-4cad58f26ff2,Draco Malfoy,2026-02-13 05:52:58.391183+00
88a10c9c-3b04-4d8e-a9f9-ab793a237c8a,2e059c70-dcb6-402a-840e-f173b8b4a766,Petunia Dursley,2026-02-13 05:52:58.391183+00
88a10c9c-3b04-4d8e-a9f9-ab793a237c8a,2fefc85c-2e4d-4e95-ac93-149ceac70798,Oliver Wood,2026-02-13 05:52:58.391183+00
88a10c9c-3b04-4d8e-a9f9-ab793a237c8a,435ccd64-4493-47bc-990f-6a2f777c48d5,Neville Longbottom,2026-02-13 05:52:58.391183+00
88a10c9c-3b04-4d8e-a9f9-ab793a237c8a,5f4a4dd3-2574-46ce-bae8-8ac2e0a7dbe1,Rubeus Hagrid,2026-02-13 05:52:58.391183+00
88a10c9c-3b04-4d8e-a9f9-ab793a237c8a,6290c48f-ed53-496d-9f27-c180bd862d13,Vernon Dursley,2026-02-13 05:52:58.391183+00
88a10c9c-3b04-4d8e-a9f9-ab793a237c8a,7295ff09-8d46-42b4-8309-b2aa90e7b89a,George Weasley,2026-02-13 05:52:58.391183+00
88a10c9c-3b04-4d8e-a9f9-ab793a237c8a,745a83c2-66f7-4949-9f53-50a11741e2af,Hermione Granger,2026-02-13 05:52:58.391183+00
88a10c9c-3b04-4d8e-a9f9-ab793a237c8a,8104cfab-63e2-42d1-ad3f-06bd5730920d,Argus Filch,2026-02-13 05:52:58.391183+00
88a10c9c-3b04-4d8e-a9f9-ab793a237c8a,8b0885a1-20d9-476c-911c-abd4e17e241e,Quirinus Quirrell,2026-02-13 05:52:58.391183+00
88a10c9c-3b04-4d8e-a9f9-ab793a237c8a,8c3809cf-aa5f-498b-baf5-1ea9abf19c89,Fred Weasley,2026-02-13 05:52:58.391183+00
88a10c9c-3b04-4d8e-a9f9-ab793a237c8a,9989493d-cbcf-43ec-a477-bc376891dd6c,Harry Potter,2026-02-13 05:52:58.391183+00
88a10c9c-3b04-4d8e-a9f9-ab793a237c8a,a2d8fff1-643d-4108-9036-c6b01ae88c35,Severus Snape,2026-02-13 05:52:58.391183+00
88a10c9c-3b04-4d8e-a9f9-ab793a237c8a,cca29109-d934-4bd8-b075-05bc9db51ff2,Albus Dumbledore,2026-02-13 05:52:58.391183+00
88a10c9c-3b04-4d8e-a9f9-ab793a237c8a,d74ae183-f467-4960-a4fa-0e7489f44d3b,Ron Weasley,2026-02-13 05:52:58.391183+00
88a10c9c-3b04-4d8e-a9f9-ab793a237c8a,df890f0f-0b38-4f1c-b21a-16c2d7e6e1f0,Mr. Ollivander,2026-02-13 05:52:58.391183+00
88a10c9c-3b04-4d8e-a9f9-ab793a237c8a,e545f3e9-7066-4cd6-beaf-d9cd59d43055,Minerva McGonagall,2026-02-13 05:52:58.391183+00
88a10c9c-3b04-4d8e-a9f9-ab793a237c8a,e549b402-7897-4af7-8f6e-da90845267ea,Dudley Dursley,2026-02-13 05:52:58.391183+00
88a10c9c-3b04-4d8e-a9f9-ab793a237c8a,fe8cb1a7-1815-4f6b-a6fd-209663b9fd41,Goblin Bank Teller / Filius Flitwick / Griphook (voice),2026-02-13 05:52:58.391183+00
8bcda306-c6f5-4b13-ae35-e655e22d00e2,22469a6e-1384-40b4-a801-907bf4ea8760,Sebastian,2026-02-03 06:56:59.868847+00
8bcda306-c6f5-4b13-ae35-e655e22d00e2,3cf1f730-1013-43c3-80e9-1c8060ef1512,Carlo,2026-02-03 06:56:59.868847+00
8bcda306-c6f5-4b13-ae35-e655e22d00e2,46355099-46e6-4387-8527-ad402bd33211,Tracy,2026-02-03 06:56:59.868847+00
8bcda306-c6f5-4b13-ae35-e655e22d00e2,49b87bbe-3692-453a-8357-515e77304e0d,Greg,2026-02-03 06:56:59.868847+00
8bcda306-c6f5-4b13-ae35-e655e22d00e2,501982de-37bf-4a38-8450-71c9ba2cf371,Coffee Spiller,2026-02-03 06:56:59.868847+00
8bcda306-c6f5-4b13-ae35-e655e22d00e2,5de5bed7-a599-4aff-96a1-f01361f61fbc,Alexis,2026-02-03 06:56:59.868847+00
8bcda306-c6f5-4b13-ae35-e655e22d00e2,61917803-471a-48f5-a599-0872d33262ab,David,2026-02-03 06:56:59.868847+00
8bcda306-c6f5-4b13-ae35-e655e22d00e2,62eada86-c1c3-49a1-a09a-8707989020bf,Josh,2026-02-03 06:56:59.868847+00
8bcda306-c6f5-4b13-ae35-e655e22d00e2,6f1af362-4397-478a-b8bf-39df25c53db2,80's singer,2026-02-03 06:56:59.868847+00
8bcda306-c6f5-4b13-ae35-e655e22d00e2,6f603b63-9792-417c-9255-353bf7639ec0,Mia,2026-02-03 06:56:59.868847+00
8bcda306-c6f5-4b13-ae35-e655e22d00e2,7910e14c-bbb0-46a6-97e3-8259ec8f89d9,Keith,2026-02-03 06:56:59.868847+00
8bcda306-c6f5-4b13-ae35-e655e22d00e2,7afe3ae7-fad8-42f9-a024-4a6a4bdadeb4,Linda (Coffee Shop Manager),2026-02-03 06:56:59.868847+00
8bcda306-c6f5-4b13-ae35-e655e22d00e2,80b3ec2c-baff-4a2e-942e-aa17c6e2b062,Karen (Waitress),2026-02-03 06:56:59.868847+00
8bcda306-c6f5-4b13-ae35-e655e22d00e2,96306c73-2743-4568-86cd-d4de330d8843,Laura,2026-02-03 06:56:59.868847+00
8bcda306-c6f5-4b13-ae35-e655e22d00e2,b7848bdd-dcd7-4fec-8707-0a431f4424f2,Valet,2026-02-03 06:56:59.868847+00
8bcda306-c6f5-4b13-ae35-e655e22d00e2,b8eb8922-78b6-4a07-aee3-bb286e2bf4d1,Bill,2026-02-03 06:56:59.868847+00
8bcda306-c6f5-4b13-ae35-e655e22d00e2,c9d1b014-4582-4b04-99a4-c486ad9ae38e,Caitlin,2026-02-03 06:56:59.868847+00
8bcda306-c6f5-4b13-ae35-e655e22d00e2,cf11e75a-f881-4a68-a843-5244ff99ab16,Bree (Gluten Free Girl),2026-02-03 06:56:59.868847+00
8bcda306-c6f5-4b13-ae35-e655e22d00e2,cfd40b03-69ac-4b84-bd0b-1089211851d2,Famous Actress,2026-02-03 06:56:59.868847+00
8bcda306-c6f5-4b13-ae35-e655e22d00e2,e082a54d-b696-4a13-865c-0e695982cb67,Casting Director (First Audition),2026-02-03 06:56:59.868847+00
8d788734-78ff-4e79-ba58-f4479c2399e1,00e49367-3273-4bf6-84ca-ce117df1885d,Tony (voice),2026-02-12 07:07:55.417484+00
8d788734-78ff-4e79-ba58-f4479c2399e1,3eaed1ea-6909-4aad-bbfc-144941313670,Trusty (voice),2026-02-12 07:07:55.417484+00
8d788734-78ff-4e79-ba58-f4479c2399e1,5e3add36-4394-422a-bb44-43b2190ce27f,Boris (voice),2026-02-12 07:07:55.417484+00
8d788734-78ff-4e79-ba58-f4479c2399e1,73b753e3-30fc-401f-99d8-f1e50749a372,Aunt Sarah (voice),2026-02-12 07:07:55.417484+00
8d788734-78ff-4e79-ba58-f4479c2399e1,a0fae655-e7ab-4021-bd63-7e22bf0c33a2,Beaver (voice),2026-02-12 07:07:55.417484+00
8d788734-78ff-4e79-ba58-f4479c2399e1,a3b93b93-e745-453a-8aab-7b39d29e2c1c,Toughy / Professor / Pedro / Hyena (voice),2026-02-12 07:07:55.417484+00
8d788734-78ff-4e79-ba58-f4479c2399e1,a70077cb-7be1-415c-a7d0-0955d1f54883,Jim Dear / Dog Catcher (voice),2026-02-12 07:07:55.417484+00
8d788734-78ff-4e79-ba58-f4479c2399e1,bdfa1028-491d-4324-ad9b-0e03b92463e7,Al the Gator (voice),2026-02-12 07:07:55.417484+00
8d788734-78ff-4e79-ba58-f4479c2399e1,ca9456fa-43b3-4407-a87e-27bf863d1ed4,Lady (voice),2026-02-12 07:07:55.417484+00
8d788734-78ff-4e79-ba58-f4479c2399e1,cc3b5dc3-0343-4ff6-b0b3-49ffdf17b0cc,Darling / Si / Am / Peg (voice),2026-02-12 07:07:55.417484+00
8d788734-78ff-4e79-ba58-f4479c2399e1,cd12fc80-d586-47ac-8a7d-252d07bf2026,Jock / Bull / Policeman at Zoo / Dachsie / Joe (voice),2026-02-12 07:07:55.417484+00
8d788734-78ff-4e79-ba58-f4479c2399e1,e11c2745-e450-40e9-b97c-c7a62856983f,Pet Shop Assistant (voice- uncredited),2026-02-12 07:07:55.417484+00
8d788734-78ff-4e79-ba58-f4479c2399e1,f2f69ebb-cf25-4baa-9f0c-27bb48e6a7de,Tramp (voice),2026-02-12 07:07:55.417484+00
90e2ffb3-2fa8-4644-8484-107576cf3077,1dbb46f8-d947-436e-954a-d27bcb5cbfe7,Charles Porter,2026-02-03 06:57:18.543499+00
90e2ffb3-2fa8-4644-8484-107576cf3077,23a7b3e4-1f35-4ec7-8784-12dad01073b0,Elizabeth Davis,2026-02-03 06:57:18.543499+00
90e2ffb3-2fa8-4644-8484-107576cf3077,2855ed3b-a349-4f11-8c07-d3521567992c,Egyptian Driver,2026-02-03 06:57:18.543499+00
90e2ffb3-2fa8-4644-8484-107576cf3077,28ca73df-4c70-4b2d-beef-ea4a54007e77,Lorrie Sullenberger,2026-02-03 06:57:18.543499+00
90e2ffb3-2fa8-4644-8484-107576cf3077,2fd57f14-23b4-4e55-8759-3dcdcb7404e7,LT Cook,2026-02-03 06:57:18.543499+00
90e2ffb3-2fa8-4644-8484-107576cf3077,31abe133-05fe-41cc-abfd-3b94a48f9f27,Larry Rooney,2026-02-03 06:57:18.543499+00
90e2ffb3-2fa8-4644-8484-107576cf3077,49cd8e22-2c54-4eaf-862d-74c33c0d8962,Katie Couric,2026-02-03 06:57:18.543499+00
90e2ffb3-2fa8-4644-8484-107576cf3077,5cdcfa10-5661-4dc6-aa42-a4d594d47c41,Sully (16 Years Old),2026-02-03 06:57:18.543499+00
90e2ffb3-2fa8-4644-8484-107576cf3077,7d0d9c96-6544-4304-8b23-02587eeb4230,Chesley 'Sully' Sullenberger,2026-02-03 06:57:18.543499+00
90e2ffb3-2fa8-4644-8484-107576cf3077,8138eb14-b5c6-4a1e-bc45-0b46b397b27c,Reporter #2,2026-02-03 06:57:18.543499+00
90e2ffb3-2fa8-4644-8484-107576cf3077,a88d0cd1-017a-4b00-8c8e-04afaecee5c3,Ben Edwards,2026-02-03 06:57:18.543499+00
90e2ffb3-2fa8-4644-8484-107576cf3077,b52ba7b7-ce4b-480a-9c19-568b808d6b12,Diane Higgins,2026-02-03 06:57:18.543499+00
90e2ffb3-2fa8-4644-8484-107576cf3077,bc6dfeca-a61e-47d0-a40f-00b3f221997b,Donna Dent,2026-02-03 06:57:18.543499+00
90e2ffb3-2fa8-4644-8484-107576cf3077,c86bde9f-e344-4b54-a571-0b81500ee119,Jeff Skiles,2026-02-03 06:57:18.543499+00
90e2ffb3-2fa8-4644-8484-107576cf3077,cc18d59b-db19-4aba-a9a0-284e1d0adaf8,Reporter #1,2026-02-03 06:57:18.543499+00
90e2ffb3-2fa8-4644-8484-107576cf3077,d20c95cc-3bf9-4837-bddc-03a2a384593a,Sheila Dail,2026-02-03 06:57:18.543499+00
90e2ffb3-2fa8-4644-8484-107576cf3077,de1e3b9d-105f-48ba-88ae-fa84b6f103ad,Lucille Palmer,2026-02-03 06:57:18.543499+00
90e2ffb3-2fa8-4644-8484-107576cf3077,e861cbf2-1a6e-41a1-8b63-23de35a6bc5b,Mike Cleary,2026-02-03 06:57:18.543499+00
90e2ffb3-2fa8-4644-8484-107576cf3077,ead84a48-45d5-4577-8210-dce32d1a9ebe,Alison,2026-02-03 06:57:18.543499+00
90e2ffb3-2fa8-4644-8484-107576cf3077,f657b55f-4b56-4df1-9491-8a4ad6e8c7e1,Reporter #3,2026-02-03 06:57:18.543499+00
9147a5cb-f9eb-427e-95ed-8ff51d372b1a,0bfba955-1d73-491a-b55a-279ebe42d3b0,Éomer,2026-01-25 23:22:47.478881+00
9147a5cb-f9eb-427e-95ed-8ff51d372b1a,22baab50-72b5-4d7d-bb4a-d6b41619f61d,Haldir,2026-01-25 23:22:47.478881+00
9147a5cb-f9eb-427e-95ed-8ff51d372b1a,2c06f1e7-d894-44d4-899c-84bc6b0b0703,Arwen,2026-01-25 23:22:47.478881+00
9147a5cb-f9eb-427e-95ed-8ff51d372b1a,2e62e503-59df-4f1c-9895-24bd57e804b4,Frodo,2026-01-25 23:22:47.478881+00
9147a5cb-f9eb-427e-95ed-8ff51d372b1a,2eb191fa-7873-48de-a773-0d0de7731754,Merry,2026-01-25 23:22:47.478881+00
9147a5cb-f9eb-427e-95ed-8ff51d372b1a,4159bb04-f1a7-4969-92a4-b4f03eb87346,Aragorn,2026-01-25 23:22:47.478881+00
9147a5cb-f9eb-427e-95ed-8ff51d372b1a,4172246d-4c45-4135-9382-b90141fffa42,Faramir,2026-01-25 23:22:47.478881+00
9147a5cb-f9eb-427e-95ed-8ff51d372b1a,554624e7-41ee-4864-80fa-f138574ca32e,Gimli / Treebeard (voice),2026-01-25 23:22:47.478881+00
9147a5cb-f9eb-427e-95ed-8ff51d372b1a,65d0dfb5-fde9-478d-bb13-ee42e7abff60,Éowyn,2026-01-25 23:22:47.478881+00
9147a5cb-f9eb-427e-95ed-8ff51d372b1a,7a2e0ffd-3e34-4d67-a400-c1e8cfd6e8dc,Legolas,2026-01-25 23:22:47.478881+00
9147a5cb-f9eb-427e-95ed-8ff51d372b1a,8a65e4ee-efe8-4024-949b-afee37081be8,Gandalf,2026-01-25 23:22:47.478881+00
9147a5cb-f9eb-427e-95ed-8ff51d372b1a,8f097684-c6f4-4597-a789-9b098ab763f8,Sam,2026-01-25 23:22:47.478881+00
9147a5cb-f9eb-427e-95ed-8ff51d372b1a,951bfd71-dcff-4c67-b032-3f3b71de1149,Wormtongue,2026-01-25 23:22:47.478881+00
9147a5cb-f9eb-427e-95ed-8ff51d372b1a,9a2777f6-4aa1-49dd-937b-63748fc5c53a,Gollum,2026-01-25 23:22:47.478881+00
9147a5cb-f9eb-427e-95ed-8ff51d372b1a,a2beff0a-66cd-4ae7-b761-462f5bdba037,Théoden,2026-01-25 23:22:47.478881+00
9147a5cb-f9eb-427e-95ed-8ff51d372b1a,bf630b64-6b2d-4f54-af2e-19f9b61c7add,Pippin,2026-01-25 23:22:47.478881+00
9147a5cb-f9eb-427e-95ed-8ff51d372b1a,c1e6f7dd-e1a8-4fa4-bb79-993bcc82e1b9,Elrond,2026-01-25 23:22:47.478881+00
9147a5cb-f9eb-427e-95ed-8ff51d372b1a,d25c3813-336c-4c9e-9a85-91c8bbf9fd7b,Saruman,2026-01-25 23:22:47.478881+00
9147a5cb-f9eb-427e-95ed-8ff51d372b1a,d49683ac-bfef-4e39-9e8b-b21c857e58fe,Aldor,2026-01-25 23:22:47.478881+00
9147a5cb-f9eb-427e-95ed-8ff51d372b1a,e970be33-901b-436d-8417-5379757a9fb1,Galadriel,2026-01-25 23:22:47.478881+00
91da97c6-b870-4017-a357-e40f7beda072,08123bb2-f4f0-4a4b-91ee-002647b9b9f2,SWAT Officer,2026-01-25 23:22:47.478881+00
91da97c6-b870-4017-a357-e40f7beda072,11cc4e83-75be-404e-88e0-124d8695db7c,Manuel Diaz,2026-01-25 23:22:47.478881+00
91da97c6-b870-4017-a357-e40f7beda072,1b7b57cd-4e66-47f8-a762-3e5e97a43a9c,Steve Forsing,2026-01-25 23:22:47.478881+00
91da97c6-b870-4017-a357-e40f7beda072,20de402a-63b9-4a98-b5f7-da1a4556ca65,Delta #2,2026-01-25 23:22:47.478881+00
91da97c6-b870-4017-a357-e40f7beda072,377fd103-f0a9-4a69-9cc9-946efe9977b6,Rafael,2026-01-25 23:22:47.478881+00
91da97c6-b870-4017-a357-e40f7beda072,3d5c8299-6617-4d72-b647-bf71feed70a2,Reggie Wayne,2026-01-25 23:22:47.478881+00
91da97c6-b870-4017-a357-e40f7beda072,53967df1-f974-434b-b5de-be1797c62a48,Kate Macer,2026-01-25 23:22:47.478881+00
91da97c6-b870-4017-a357-e40f7beda072,53ace8fc-b3ab-4f72-853a-2e7ee7ec6236,Ted,2026-01-25 23:22:47.478881+00
91da97c6-b870-4017-a357-e40f7beda072,707c7ae8-7e2c-42ac-a76f-4f4966b543dd,Matt Graver,2026-01-25 23:22:47.478881+00
91da97c6-b870-4017-a357-e40f7beda072,71253b52-f6ea-41b9-95e7-9ae83fae73ae,Eliseo,2026-01-25 23:22:47.478881+00
91da97c6-b870-4017-a357-e40f7beda072,718e606c-7fd9-4274-9440-e2c07c1f9f95,Phil Coopers,2026-01-25 23:22:47.478881+00
91da97c6-b870-4017-a357-e40f7beda072,79d07cd0-ea4d-4353-9054-2c3985515f3e,Fausto Alarcon,2026-01-25 23:22:47.478881+00
91da97c6-b870-4017-a357-e40f7beda072,8288c0d5-f5bc-4b72-85da-192135e946d4,Silvio,2026-01-25 23:22:47.478881+00
91da97c6-b870-4017-a357-e40f7beda072,88974f49-8e57-4ec3-a77e-c4b21cbd05a4,Burnett,2026-01-25 23:22:47.478881+00
91da97c6-b870-4017-a357-e40f7beda072,c30e576b-bc49-4a39-995e-c40fe88c90cd,Coroner (Phoenix),2026-01-25 23:22:47.478881+00
91da97c6-b870-4017-a357-e40f7beda072,c45d4672-5f6e-41cf-909d-e586e46f27e1,Guillermo,2026-01-25 23:22:47.478881+00
91da97c6-b870-4017-a357-e40f7beda072,c50855b3-09d5-40ed-96ee-52a5ba941bb2,Dave Jennings,2026-01-25 23:22:47.478881+00
91da97c6-b870-4017-a357-e40f7beda072,f9a033c9-21ba-4770-979c-fbb238107849,Alejandro Gillick,2026-01-25 23:22:47.478881+00
91da97c6-b870-4017-a357-e40f7beda072,fb160397-be56-4581-ad72-8363496e3f8d,Silvio's Wife,2026-01-25 23:22:47.478881+00
91da97c6-b870-4017-a357-e40f7beda072,fe0a794f-e576-47bc-84d9-9a13fe1c88d4,Delta Leader,2026-01-25 23:22:47.478881+00
92ade00d-e9f0-410b-abd7-4fd8ef7dc16e,08cfb854-624d-4e43-921b-8893d788477e,Elizabeth Swann,2026-01-25 23:22:47.478881+00
92ade00d-e9f0-410b-abd7-4fd8ef7dc16e,354d2034-0117-4c5e-b8ed-57c37ec753c2,Cutler Beckett,2026-01-25 23:22:47.478881+00
92ade00d-e9f0-410b-abd7-4fd8ef7dc16e,3ca1b739-3880-4d2d-8fab-82729f6a16b4,Sunburned Sailor,2026-01-25 23:22:47.478881+00
92ade00d-e9f0-410b-abd7-4fd8ef7dc16e,44bda40d-2318-4cba-8144-cdb6d8e32df6,Bellamy,2026-01-25 23:22:47.478881+00
92ade00d-e9f0-410b-abd7-4fd8ef7dc16e,4dd290e4-7266-411b-9a8d-8844abdafaff,Large Sailor,2026-01-25 23:22:47.478881+00
92ade00d-e9f0-410b-abd7-4fd8ef7dc16e,61440dd0-9766-421e-8e44-c58ade75a5f9,Cotton,2026-01-25 23:22:47.478881+00
92ade00d-e9f0-410b-abd7-4fd8ef7dc16e,6f8d2c73-5cf3-437d-bf90-1e4ec469c82c,Joshamee Gibbs,2026-01-25 23:22:47.478881+00
92ade00d-e9f0-410b-abd7-4fd8ef7dc16e,7a2e0ffd-3e34-4d67-a400-c1e8cfd6e8dc,Will Turner,2026-01-25 23:22:47.478881+00
92ade00d-e9f0-410b-abd7-4fd8ef7dc16e,7c544070-5846-4ef3-86e3-8d0d93b9c257,Jack Sparrow,2026-01-25 23:22:47.478881+00
92ade00d-e9f0-410b-abd7-4fd8ef7dc16e,847691dd-8615-4afd-9886-5e53a2e1f42b,Pintel,2026-01-25 23:22:47.478881+00
92ade00d-e9f0-410b-abd7-4fd8ef7dc16e,87bebec3-7557-4db1-bc8a-81b46a252919,Tia Dalma,2026-01-25 23:22:47.478881+00
92ade00d-e9f0-410b-abd7-4fd8ef7dc16e,ad173672-4dab-4f6f-83c1-3c1ffcb50773,Scarlett,2026-01-25 23:22:47.478881+00
92ade00d-e9f0-410b-abd7-4fd8ef7dc16e,ae9fc57e-7053-4ba4-89c7-9d57c21ba7a2,Weatherby Swann,2026-01-25 23:22:47.478881+00
92ade00d-e9f0-410b-abd7-4fd8ef7dc16e,ba007c31-0228-4c0b-9603-383be5d429cd,"William ""Bootstrap Bill"" Turner",2026-01-25 23:22:47.478881+00
92ade00d-e9f0-410b-abd7-4fd8ef7dc16e,c9ea9cb9-9474-4c8a-b15d-0f8ef6905b51,Marty,2026-01-25 23:22:47.478881+00
92ade00d-e9f0-410b-abd7-4fd8ef7dc16e,d1bd7ac8-d1c0-40cc-b709-75ccd942a439,Short Sailor,2026-01-25 23:22:47.478881+00
92ade00d-e9f0-410b-abd7-4fd8ef7dc16e,d70c47d2-70d5-44ac-b9f2-01763fcde11a,Davy Jones,2026-01-25 23:22:47.478881+00
92ade00d-e9f0-410b-abd7-4fd8ef7dc16e,d83ce832-780f-45ea-bfc6-b014a7277325,James Norrington,2026-01-25 23:22:47.478881+00
92ade00d-e9f0-410b-abd7-4fd8ef7dc16e,d8e719ea-e16c-4b0c-b09b-5f573bb6145c,Ragetti,2026-01-25 23:22:47.478881+00
92ade00d-e9f0-410b-abd7-4fd8ef7dc16e,f83f3ed4-1a8c-41f8-99a0-d66d61922bc2,Ian Mercer,2026-01-25 23:22:47.478881+00
93297d01-f819-4757-a64d-99e2d544b704,04086266-a31c-4d94-ae5e-cfac2b4f1e75,Restaurant Show Staff Member,2026-01-25 23:22:47.478881+00
93297d01-f819-4757-a64d-99e2d544b704,1d146fe6-c44b-4ce6-bc56-5aaebf9e249b,Carlotta (Diner Waitress),2026-01-25 23:22:47.478881+00
93297d01-f819-4757-a64d-99e2d544b704,44b4a4e7-3355-46c5-a0e1-7551a2d2d912,Simon Maxson,2026-01-25 23:22:47.478881+00
93297d01-f819-4757-a64d-99e2d544b704,52a340aa-98dd-4984-918b-067196bede22,Tobias Durand,2026-01-25 23:22:47.478881+00
93297d01-f819-4757-a64d-99e2d544b704,669494fe-f58e-40cf-abb7-fb4b0f696c2b,Ella,2026-01-25 23:22:47.478881+00
93297d01-f819-4757-a64d-99e2d544b704,70f2bca5-b2d7-4324-8394-de9cf1d1e22c,Lucas,2026-01-25 23:22:47.478881+00
93297d01-f819-4757-a64d-99e2d544b704,78c8dc2d-3d30-4507-bd19-b20ee28e8d7b,Jade,2026-01-25 23:22:47.478881+00
93297d01-f819-4757-a64d-99e2d544b704,87b2714d-c0ab-4936-97e3-3878196aba68,Sylvia,2026-01-25 23:22:47.478881+00
93297d01-f819-4757-a64d-99e2d544b704,89958988-4441-4794-9931-f40ddc375194,Almut Brühl,2026-01-25 23:22:47.478881+00
93297d01-f819-4757-a64d-99e2d544b704,9eb2b231-dd83-41c4-a294-7d2c41dd94dc,Reginald,2026-01-25 23:22:47.478881+00
93297d01-f819-4757-a64d-99e2d544b704,a0690a8c-d266-4f22-8b69-e08005704ecf,Jane,2026-01-25 23:22:47.478881+00
93297d01-f819-4757-a64d-99e2d544b704,a5c5f184-b757-4b37-a002-6d8ed563ace9,Sanjaya,2026-01-25 23:22:47.478881+00
93297d01-f819-4757-a64d-99e2d544b704,a84744a7-2d84-40a5-9e4b-7c56debea579,Dr Kerri Weaver,2026-01-25 23:22:47.478881+00
93297d01-f819-4757-a64d-99e2d544b704,a86d21ee-e34f-4ddc-b7f0-64b596d728aa,Skye,2026-01-25 23:22:47.478881+00
93297d01-f819-4757-a64d-99e2d544b704,cf5e2c1c-14da-454a-a7e4-a3f01132eaa0,Dr Hernandez,2026-01-25 23:22:47.478881+00
93297d01-f819-4757-a64d-99e2d544b704,d240a233-a6ce-4e15-b9a7-9372aa9deffe,Buffy Jones,2026-01-25 23:22:47.478881+00
93297d01-f819-4757-a64d-99e2d544b704,dd1e9f9e-00bb-4b63-9d26-457bc076bc88,Benjamin,2026-01-25 23:22:47.478881+00
93297d01-f819-4757-a64d-99e2d544b704,e625d948-1b47-436d-98ea-60d2b2d3f1ed,Midwife,2026-01-25 23:22:47.478881+00
93297d01-f819-4757-a64d-99e2d544b704,e7c63e0b-3a08-40fa-9d16-076944f483f9,Adrienne Duvall,2026-01-25 23:22:47.478881+00
93297d01-f819-4757-a64d-99e2d544b704,ed9b2fff-199d-490d-984e-d5981f880c01,Leah,2026-01-25 23:22:47.478881+00
9556c853-b0d2-49bb-9dd5-cbec8cf3f861,053fb9d7-ae9a-42d1-9b4e-d4803ae86554,Longlegs,2026-01-25 23:22:47.478881+00
9556c853-b0d2-49bb-9dd5-cbec8cf3f861,0e4c0863-e864-4a83-98dc-d538134758cc,Teenage Clerk,2026-01-25 23:22:47.478881+00
9556c853-b0d2-49bb-9dd5-cbec8cf3f861,4005c46d-7657-48e7-b3af-ef77f920e49f,Agent Carter,2026-01-25 23:22:47.478881+00
9556c853-b0d2-49bb-9dd5-cbec8cf3f861,46f98363-f3f4-4028-a953-a23466887b84,Anna Carter,2026-01-25 23:22:47.478881+00
9556c853-b0d2-49bb-9dd5-cbec8cf3f861,4b1f45a3-75c8-4311-b4e0-284a189eb8d2,Clinical Doctor,2026-01-25 23:22:47.478881+00
9556c853-b0d2-49bb-9dd5-cbec8cf3f861,5c684fad-4d3d-4280-a0fe-587471dc287b,Agent Kurt Kobble,2026-01-25 23:22:47.478881+00
9556c853-b0d2-49bb-9dd5-cbec8cf3f861,659f5fd1-cf50-4569-b32e-5fc5b2d34049,Adult Ruby Carter,2026-01-25 23:22:47.478881+00
9556c853-b0d2-49bb-9dd5-cbec8cf3f861,66e78d0c-b907-44b0-86f2-46d6c44b6c3f,Ruth Harker,2026-01-25 23:22:47.478881+00
9556c853-b0d2-49bb-9dd5-cbec8cf3f861,6cb44dbc-01d8-43e6-99e7-00fa3523cc1f,Young Lee Harker,2026-01-25 23:22:47.478881+00
9556c853-b0d2-49bb-9dd5-cbec8cf3f861,8ada1147-13e0-48c0-837f-8f0349c543fa,Agent Fisk,2026-01-25 23:22:47.478881+00
9556c853-b0d2-49bb-9dd5-cbec8cf3f861,92db9eba-a541-43d1-bc38-4af5943d0923,Agent Lee Harker,2026-01-25 23:22:47.478881+00
9556c853-b0d2-49bb-9dd5-cbec8cf3f861,93b60fa9-2ed8-4c19-9df4-2ac3eab039eb,Carrie Anne Camera,2026-01-25 23:22:47.478881+00
9556c853-b0d2-49bb-9dd5-cbec8cf3f861,98e2dd9d-091e-47a3-9194-e6b4563121ca,Coroner,2026-01-25 23:22:47.478881+00
9556c853-b0d2-49bb-9dd5-cbec8cf3f861,9e7c77f7-6e1b-40c3-99ac-9d98ad210089,Mother Camera,2026-01-25 23:22:47.478881+00
9556c853-b0d2-49bb-9dd5-cbec8cf3f861,a5ff7888-eef6-45dc-b03a-b535785f052e,Ruby Carter,2026-01-25 23:22:47.478881+00
9556c853-b0d2-49bb-9dd5-cbec8cf3f861,cabc6b7d-0aad-4d89-9604-1a6a79a87112,Father Camera,2026-01-25 23:22:47.478881+00
9556c853-b0d2-49bb-9dd5-cbec8cf3f861,ce7759bc-6d97-402a-ba84-da3cbec26a4a,CSI Agent,2026-01-25 23:22:47.478881+00
9556c853-b0d2-49bb-9dd5-cbec8cf3f861,d914547b-c2b5-44d3-a7f7-c6016be2c58a,Suspect,2026-01-25 23:22:47.478881+00
9556c853-b0d2-49bb-9dd5-cbec8cf3f861,e1c393db-948c-4706-b830-4990904f2cac,Agent Browning,2026-01-25 23:22:47.478881+00
9556c853-b0d2-49bb-9dd5-cbec8cf3f861,eb77bcee-107d-4ceb-a3ed-5987c3eaa8d8,Young Carrie Anne Camera,2026-01-25 23:22:47.478881+00
963a934f-573c-431c-8d0d-8e2c360a06d3,1023e2d5-8c8b-41d0-860d-8ea8743e75b1,Valentina Allegra de Fontaine,2026-01-25 23:22:47.478881+00
963a934f-573c-431c-8d0d-8e2c360a06d3,31abe133-05fe-41cc-abfd-3b94a48f9f27,Holt,2026-01-25 23:22:47.478881+00
963a934f-573c-431c-8d0d-8e2c360a06d3,3beeeba8-aa0a-4385-8b1c-4f26fd7f2c1e,Saved Little Girl,2026-01-25 23:22:47.478881+00
963a934f-573c-431c-8d0d-8e2c360a06d3,3c564701-a58a-4c1a-8bf2-fda44d0dfa66,Valentina's Father,2026-01-25 23:22:47.478881+00
963a934f-573c-431c-8d0d-8e2c360a06d3,3ee33dfe-b91a-422a-8ae7-3c80b666d7d3,John Walker,2026-01-25 23:22:47.478881+00
963a934f-573c-431c-8d0d-8e2c360a06d3,3fbb348e-d416-4311-9111-f57bb7b014ab,Alexei Shostakov,2026-01-25 23:22:47.478881+00
963a934f-573c-431c-8d0d-8e2c360a06d3,4a78aa8a-4ca8-4b43-a009-7e1ec8c45973,Antonia Dreykov,2026-01-25 23:22:47.478881+00
963a934f-573c-431c-8d0d-8e2c360a06d3,6459aa6f-d715-4b0c-bfa6-2899f137ac2d,Mel,2026-01-25 23:22:47.478881+00
963a934f-573c-431c-8d0d-8e2c360a06d3,6f25b65e-0991-4693-ba81-d4935176ddc3,Houston,2026-01-25 23:22:47.478881+00
963a934f-573c-431c-8d0d-8e2c360a06d3,7a45daae-2ee8-4b35-8c41-25b97f390323,Russian Man,2026-01-25 23:22:47.478881+00
963a934f-573c-431c-8d0d-8e2c360a06d3,89958988-4441-4794-9931-f40ddc375194,Yelena Belova,2026-01-25 23:22:47.478881+00
963a934f-573c-431c-8d0d-8e2c360a06d3,8ef19ca8-c90e-48b9-9426-59b940036d29,Robert Reynolds,2026-01-25 23:22:47.478881+00
963a934f-573c-431c-8d0d-8e2c360a06d3,9307edf3-06a1-460d-a85a-60bacf58f8e6,Anya,2026-01-25 23:22:47.478881+00
963a934f-573c-431c-8d0d-8e2c360a06d3,9414505a-e5af-4f9c-83d1-4b9b0a316595,Ava Starr,2026-01-25 23:22:47.478881+00
963a934f-573c-431c-8d0d-8e2c360a06d3,ae37a332-1a2b-485d-b921-e34090287fcd,Bucky Barnes,2026-01-25 23:22:47.478881+00
963a934f-573c-431c-8d0d-8e2c360a06d3,b9a28674-e4b8-4130-b1ef-01b05091b657,Nico,2026-01-25 23:22:47.478881+00
963a934f-573c-431c-8d0d-8e2c360a06d3,ba81ac94-5eb1-45f0-b255-f87cdacc2b3d,Congressman Gary,2026-01-25 23:22:47.478881+00
963a934f-573c-431c-8d0d-8e2c360a06d3,e6cc8329-e7d5-4a11-a611-20422a56b33b,Young Valentina,2026-01-25 23:22:47.478881+00
963a934f-573c-431c-8d0d-8e2c360a06d3,f0ae9950-70a6-4ca6-95d2-5a57829fa3f4,Olivia Walker,2026-01-25 23:22:47.478881+00
963a934f-573c-431c-8d0d-8e2c360a06d3,fb099feb-5d3c-4b8d-8927-96cc0f54e05c,Young Yelena,2026-01-25 23:22:47.478881+00
9641662f-df87-4b3b-9062-85ce81ffe8c5,062926e7-e576-4164-963d-88e694584dca,Lucy Pevensie,2026-01-25 23:22:47.478881+00
9641662f-df87-4b3b-9062-85ce81ffe8c5,0c2ad83e-5a86-41e6-a8ee-bd720e8b0058,Ginarrbrik,2026-01-25 23:22:47.478881+00
9641662f-df87-4b3b-9062-85ce81ffe8c5,1a61dbd1-36c5-4f57-895b-ac97407516de,Maugrim (voice),2026-01-25 23:22:47.478881+00
9641662f-df87-4b3b-9062-85ce81ffe8c5,4587ee65-b0e8-439d-ba5c-cce4679c477c,Mrs. Beaver (voice),2026-01-25 23:22:47.478881+00
9641662f-df87-4b3b-9062-85ce81ffe8c5,5d67fc90-9e30-402d-8c55-80da84bb6601,Aslan (voice),2026-01-25 23:22:47.478881+00
9641662f-df87-4b3b-9062-85ce81ffe8c5,5dc61b60-54df-486f-9933-c096feca3627,Susan Pevensie,2026-01-25 23:22:47.478881+00
9641662f-df87-4b3b-9062-85ce81ffe8c5,5ea5eec5-771a-48f4-afe1-e9a9d45b8f6b,Father Christmas,2026-01-25 23:22:47.478881+00
9641662f-df87-4b3b-9062-85ce81ffe8c5,797d5e1e-bf2b-4b0b-ae0a-9e635ec9c90f,Girl on Train,2026-01-25 23:22:47.478881+00
9641662f-df87-4b3b-9062-85ce81ffe8c5,7a432794-442d-4bd8-8ec2-4acc23e1c591,Train Conductor,2026-01-25 23:22:47.478881+00
9641662f-df87-4b3b-9062-85ce81ffe8c5,7a9a22b9-683e-423d-a845-633b66deed3c,Mr. Tumnus,2026-01-25 23:22:47.478881+00
9641662f-df87-4b3b-9062-85ce81ffe8c5,7c6aa16d-d7cb-4426-83ac-e0659008732a,General Otmin,2026-01-25 23:22:47.478881+00
9641662f-df87-4b3b-9062-85ce81ffe8c5,874bf7e6-5624-4cb2-961a-82ead1768400,Helen Pevensie,2026-01-25 23:22:47.478881+00
9641662f-df87-4b3b-9062-85ce81ffe8c5,9b7828ba-c752-4ca4-864f-577bdb63f90a,White Witch,2026-01-25 23:22:47.478881+00
9641662f-df87-4b3b-9062-85ce81ffe8c5,a0c0985d-2770-484b-aa02-4b32f8741cc0,Boy on Train,2026-01-25 23:22:47.478881+00
9641662f-df87-4b3b-9062-85ce81ffe8c5,b3e0403e-4d3d-4c46-96af-5e96d0a1db26,Edmund Pevensie,2026-01-25 23:22:47.478881+00
9641662f-df87-4b3b-9062-85ce81ffe8c5,c2dbec0d-9ae9-417e-94e0-bc8abfb3e3fd,General Oreius,2026-01-25 23:22:47.478881+00
9641662f-df87-4b3b-9062-85ce81ffe8c5,c3557ad2-12b5-47f6-869e-3278706d671c,Peter Pevensie,2026-01-25 23:22:47.478881+00
9641662f-df87-4b3b-9062-85ce81ffe8c5,d7fd85e2-0251-4c9a-a2c8-351c194b3ace,Mr. Beaver (voice),2026-01-25 23:22:47.478881+00
9641662f-df87-4b3b-9062-85ce81ffe8c5,fa3b77ff-08b3-4b14-ab1e-38fbb7c98308,Prof. Digory Kirke,2026-01-25 23:22:47.478881+00
9641662f-df87-4b3b-9062-85ce81ffe8c5,ff2d1796-aafc-4419-9ec4-0878f1fd9056,Mrs. MacReady,2026-01-25 23:22:47.478881+00
99d4da5e-bd1b-45b6-8929-dbed2aa3b10a,05af7c74-149f-4930-810a-062449b8df8c,Wolf Blitzer,2026-01-25 23:22:47.478881+00
99d4da5e-bd1b-45b6-8929-dbed2aa3b10a,1b033d59-d5bb-440f-8e0e-583b007058b7,Benji Dunn,2026-01-25 23:22:47.478881+00
99d4da5e-bd1b-45b6-8929-dbed2aa3b10a,20d74867-78f1-4806-bcf7-44f7a1ec691c,Zola,2026-01-25 23:22:47.478881+00
99d4da5e-bd1b-45b6-8929-dbed2aa3b10a,3e98fdc1-5b03-40e0-89da-0c91471b329f,Luther Stickell,2026-01-25 23:22:47.478881+00
99d4da5e-bd1b-45b6-8929-dbed2aa3b10a,4a6723e3-5f93-4204-a640-0868c6e5f929,Alan Hunley,2026-01-25 23:22:47.478881+00
99d4da5e-bd1b-45b6-8929-dbed2aa3b10a,514c9a90-c55e-4d3c-8652-71f11903ef1c,Rowdy Frenchman,2026-01-25 23:22:47.478881+00
99d4da5e-bd1b-45b6-8929-dbed2aa3b10a,5419e5a4-a135-401a-a0da-e7b147ac87ad,Rowdy Frenchman,2026-01-25 23:22:47.478881+00
99d4da5e-bd1b-45b6-8929-dbed2aa3b10a,621488e8-6dbb-4cd0-b1ca-25120702cc61,Solomon Lane,2026-01-25 23:22:47.478881+00
99d4da5e-bd1b-45b6-8929-dbed2aa3b10a,7086058e-3a8a-4c01-8cb1-c7974a1eabdc,Erika Sloane,2026-01-25 23:22:47.478881+00
99d4da5e-bd1b-45b6-8929-dbed2aa3b10a,7fe12e49-976f-4bd6-ae9b-1031284e234a,Rowdy Frenchman,2026-01-25 23:22:47.478881+00
99d4da5e-bd1b-45b6-8929-dbed2aa3b10a,8e49619b-0a6d-4aba-a2f4-be18c39ad7fe,Erik,2026-01-25 23:22:47.478881+00
99d4da5e-bd1b-45b6-8929-dbed2aa3b10a,8f342a22-a0e5-4485-b5a6-bded4ecb1f0d,Lark Decoy,2026-01-25 23:22:47.478881+00
99d4da5e-bd1b-45b6-8929-dbed2aa3b10a,932380f5-9a6a-4722-a5bb-919d3e9c7447,Julia,2026-01-25 23:22:47.478881+00
99d4da5e-bd1b-45b6-8929-dbed2aa3b10a,9f0b494f-71eb-49f9-ab0e-96799b498d22,The White Widow,2026-01-25 23:22:47.478881+00
99d4da5e-bd1b-45b6-8929-dbed2aa3b10a,a4bf453c-bedb-4995-806b-72b7028429f8,August Walker,2026-01-25 23:22:47.478881+00
99d4da5e-bd1b-45b6-8929-dbed2aa3b10a,a8366ef7-1287-4af2-9213-d8c1e6471fc3,Rowdy Frenchman,2026-01-25 23:22:47.478881+00
99d4da5e-bd1b-45b6-8929-dbed2aa3b10a,c33f158d-f1f6-4045-a81e-f989ab866e75,Rowdy Frenchman,2026-01-25 23:22:47.478881+00
99d4da5e-bd1b-45b6-8929-dbed2aa3b10a,ca120701-b730-4417-9c18-485df1e0a106,Nils Debruuk,2026-01-25 23:22:47.478881+00
99d4da5e-bd1b-45b6-8929-dbed2aa3b10a,d0ac9105-d77a-4e23-a2eb-940c481b9e5b,Ilsa Faust,2026-01-25 23:22:47.478881+00
99d4da5e-bd1b-45b6-8929-dbed2aa3b10a,f7c1d3b1-86da-4eae-86cc-3400bc57efe3,Ethan Hunt,2026-01-25 23:22:47.478881+00
9bab6e9b-d797-417a-8bd7-727b2b7d41bf,06974439-815e-4094-b001-d716ebdc068f,Senator Pat Geary,2026-01-25 23:22:47.478881+00
9bab6e9b-d797-417a-8bd7-727b2b7d41bf,1120051b-e822-4836-ba91-ea5332cad1ed,Deanna Corleone,2026-01-25 23:22:47.478881+00
9bab6e9b-d797-417a-8bd7-727b2b7d41bf,2a9f0f70-c741-4bd1-8e1b-22a113954637,Vito Corleone,2026-01-25 23:22:47.478881+00
9bab6e9b-d797-417a-8bd7-727b2b7d41bf,3dd5f1a9-9dbb-4e8f-8b6e-a3f4bec8ea2c,Michael's Bodyguard,2026-01-25 23:22:47.478881+00
9bab6e9b-d797-417a-8bd7-727b2b7d41bf,414948fe-fa90-4379-a8b1-c72522cd642f,Young Mama Corleone,2026-01-25 23:22:47.478881+00
9bab6e9b-d797-417a-8bd7-727b2b7d41bf,60c4c01b-e382-471c-82d8-b1b1eae3a9d0,Rocco Lampone,2026-01-25 23:22:47.478881+00
9bab6e9b-d797-417a-8bd7-727b2b7d41bf,773914eb-83dd-40ce-bf30-099c4e9fd5b2,Constanzia 'Connie' Corleone,2026-01-25 23:22:47.478881+00
9bab6e9b-d797-417a-8bd7-727b2b7d41bf,81fdc662-d6fd-4de7-858b-ea39c40de1fa,Don Michael Corleone,2026-01-25 23:22:47.478881+00
9bab6e9b-d797-417a-8bd7-727b2b7d41bf,85294712-edaa-4a46-b6e2-a8180df930e3,Genco Abbandando,2026-01-25 23:22:47.478881+00
9bab6e9b-d797-417a-8bd7-727b2b7d41bf,867415af-aaae-4cb7-91d6-24e1c269bdf0,Johnny Ola,2026-01-25 23:22:47.478881+00
9bab6e9b-d797-417a-8bd7-727b2b7d41bf,8cd6a8f0-de15-4eb0-b025-839f187e0a1e,Don Fanucci,2026-01-25 23:22:47.478881+00
9bab6e9b-d797-417a-8bd7-727b2b7d41bf,c9555e0d-228e-4b0a-99a5-85366e8923bb,Kay Corleone,2026-01-25 23:22:47.478881+00
9bab6e9b-d797-417a-8bd7-727b2b7d41bf,c9a29497-c573-4d9f-9d80-5204efdf712d,Frederico 'Fredo' Corleone,2026-01-25 23:22:47.478881+00
9bab6e9b-d797-417a-8bd7-727b2b7d41bf,ca4f4bd7-4faf-4ce0-83ef-a9eb0186e300,Tom Hagen,2026-01-25 23:22:47.478881+00
9bab6e9b-d797-417a-8bd7-727b2b7d41bf,d7375a96-6d83-4fee-9784-d2b0d2f90dec,Hyman Roth,2026-01-25 23:22:47.478881+00
9bab6e9b-d797-417a-8bd7-727b2b7d41bf,e2e784b7-a8e9-4227-987a-b9ae4e013db3,Young Clemenza,2026-01-25 23:22:47.478881+00
9bab6e9b-d797-417a-8bd7-727b2b7d41bf,e7427066-e018-4ac1-a16b-7d26acef577c,Signor Roberto,2026-01-25 23:22:47.478881+00
9bab6e9b-d797-417a-8bd7-727b2b7d41bf,eb5e42a9-a383-4a57-a345-e9bcc9db7dc5,Frank Pentangeli,2026-01-25 23:22:47.478881+00
9bab6e9b-d797-417a-8bd7-727b2b7d41bf,f957b17b-59d7-4a3a-83a8-0a371b5fe7e1,Mama Corleone,2026-01-25 23:22:47.478881+00
9bab6e9b-d797-417a-8bd7-727b2b7d41bf,fa9c7db6-52a2-4925-b09d-c6707657f4f1,Al Neri,2026-01-25 23:22:47.478881+00
9c47efa4-e944-4767-b5f2-70f7e489a26f,18d4fb57-caf8-42ec-9ce4-97cba33fdea9,Ford Executive - Ian,2026-01-25 23:22:47.478881+00
9c47efa4-e944-4767-b5f2-70f7e489a26f,19a2adeb-e17f-4139-a27e-c3ad002ad4b2,Phil Remington,2026-01-25 23:22:47.478881+00
9c47efa4-e944-4767-b5f2-70f7e489a26f,2cb709da-813a-499d-9813-54c07298cddd,"AJ ""Gus"" Scussel",2026-01-25 23:22:47.478881+00
9c47efa4-e944-4767-b5f2-70f7e489a26f,3075cbb5-025c-4f0f-9374-643a7b862db0,Bruce McLaren,2026-01-25 23:22:47.478881+00
9c47efa4-e944-4767-b5f2-70f7e489a26f,445247f1-06e9-41b2-a820-cc1cebe40725,John Holman,2026-01-25 23:22:47.478881+00
9c47efa4-e944-4767-b5f2-70f7e489a26f,53ace8fc-b3ab-4f72-853a-2e7ee7ec6236,Lee Iacocca,2026-01-25 23:22:47.478881+00
9c47efa4-e944-4767-b5f2-70f7e489a26f,57dd5af5-b677-4025-acd8-f1263a1601a6,Carroll Shelby,2026-01-25 23:22:47.478881+00
9c47efa4-e944-4767-b5f2-70f7e489a26f,63c79448-9fa1-4da9-8caf-388a57490671,Dan Gurney,2026-01-25 23:22:47.478881+00
9c47efa4-e944-4767-b5f2-70f7e489a26f,65a7b4f6-0b25-445c-96af-46b48469758a,Enzo Ferrari,2026-01-25 23:22:47.478881+00
9c47efa4-e944-4767-b5f2-70f7e489a26f,6b705593-796a-47fb-87bd-5871efbfdfda,Don Frey,2026-01-25 23:22:47.478881+00
9c47efa4-e944-4767-b5f2-70f7e489a26f,6ef80ffe-e585-4736-9c16-62854d3b07f8,Bob Bondurant,2026-01-25 23:22:47.478881+00
9c47efa4-e944-4767-b5f2-70f7e489a26f,8534647d-6b31-4d17-a379-444ea05c8936,Mollie Miles,2026-01-25 23:22:47.478881+00
9c47efa4-e944-4767-b5f2-70f7e489a26f,89d2003f-77d3-4ab5-b8b7-74602059080e,Henry Ford II,2026-01-25 23:22:47.478881+00
9c47efa4-e944-4767-b5f2-70f7e489a26f,948fd3c6-01f6-4b2a-ae88-f2e09729d8c2,Franco Gozzi,2026-01-25 23:22:47.478881+00
9c47efa4-e944-4767-b5f2-70f7e489a26f,9cb72279-e193-4f16-a6ac-14b60116a0e8,Roy Lunn,2026-01-25 23:22:47.478881+00
9c47efa4-e944-4767-b5f2-70f7e489a26f,a1ec3e04-0449-4d25-8d88-0686768fb67e,Ken Miles,2026-01-25 23:22:47.478881+00
9c47efa4-e944-4767-b5f2-70f7e489a26f,a893903d-90b9-465e-a04b-8a27aeae0901,Leo Beebe,2026-01-25 23:22:47.478881+00
9c47efa4-e944-4767-b5f2-70f7e489a26f,ab83d4c6-9db3-4611-b63d-4949db3bf93a,Charlie Agapiou,2026-01-25 23:22:47.478881+00
9c47efa4-e944-4767-b5f2-70f7e489a26f,aecf3ca2-91b4-4f39-af91-c9476e56ef95,Peter Miles,2026-01-25 23:22:47.478881+00
9c47efa4-e944-4767-b5f2-70f7e489a26f,ef339aa7-52fb-4432-b706-489a835f00ff,Aeronutronics Chief Engineer,2026-01-25 23:22:47.478881+00
9db2aa03-e9c9-40ba-bcbd-338770de0ca6,08b2ab84-2a6c-4762-bc6d-677ca87d5e9f,General Veers,2026-01-25 23:22:47.478881+00
9db2aa03-e9c9-40ba-bcbd-338770de0ca6,0aee18dd-723b-48c8-9991-d807492290b9,Darth Vader,2026-01-25 23:22:47.478881+00
9db2aa03-e9c9-40ba-bcbd-338770de0ca6,10587fa7-54f1-40cd-814d-c34eb3a5fd89,Lando Calrissian,2026-01-25 23:22:47.478881+00
9db2aa03-e9c9-40ba-bcbd-338770de0ca6,258ab6f9-1a0f-4a25-8525-8ed15ebf7eb9,Han Solo,2026-01-25 23:22:47.478881+00
9db2aa03-e9c9-40ba-bcbd-338770de0ca6,31c1d55d-ccbf-4f43-bcce-3283a8a1a364,C-3PO,2026-01-25 23:22:47.478881+00
9db2aa03-e9c9-40ba-bcbd-338770de0ca6,338e7d95-14b4-44fb-bb6e-fc57efb59ecc,Admiral Piett,2026-01-25 23:22:47.478881+00
9db2aa03-e9c9-40ba-bcbd-338770de0ca6,53a2450e-eaca-45ac-bd33-b4ed47b9377d,R2-D2,2026-01-25 23:22:47.478881+00
9db2aa03-e9c9-40ba-bcbd-338770de0ca6,65d094bf-13d5-459d-8d74-c708ff6814b8,Snow Creature,2026-01-25 23:22:47.478881+00
9db2aa03-e9c9-40ba-bcbd-338770de0ca6,6949b7b4-2d9c-4f4c-92ce-adb6e27055cf,Emperor (uncredited),2026-01-25 23:22:47.478881+00
9db2aa03-e9c9-40ba-bcbd-338770de0ca6,9031615b-c027-4876-8abb-56a9bb53d594,Chief Ugnaught,2026-01-25 23:22:47.478881+00
9db2aa03-e9c9-40ba-bcbd-338770de0ca6,af8d8c3b-96ca-4a27-85da-fdb0a2a25dff,Yoda (Voice),2026-01-25 23:22:47.478881+00
9db2aa03-e9c9-40ba-bcbd-338770de0ca6,b541cca0-acbe-46b3-9dc0-0cd7983d56d5,Lando's Aide,2026-01-25 23:22:47.478881+00
9db2aa03-e9c9-40ba-bcbd-338770de0ca6,c3cefe7e-b7ad-4f7e-bb8f-834ce0613d36,Luke Skywalker,2026-01-25 23:22:47.478881+00
9db2aa03-e9c9-40ba-bcbd-338770de0ca6,c5047d54-6a2c-47a2-b59e-c48e7fb677aa,Boba Fett (voice - uncredited),2026-01-25 23:22:47.478881+00
9db2aa03-e9c9-40ba-bcbd-338770de0ca6,c5aae6d7-6e56-4449-96b4-66088db0677a,Boba Fett,2026-01-25 23:22:47.478881+00
9db2aa03-e9c9-40ba-bcbd-338770de0ca6,c67f0905-63fe-4ee0-b103-11951d3b5bd1,Performing Assistant for Yoda,2026-01-25 23:22:47.478881+00
9db2aa03-e9c9-40ba-bcbd-338770de0ca6,c96916d8-47c7-4c61-866f-6dd9c8f92f2c,Obi-Wan Kenobi,2026-01-25 23:22:47.478881+00
9db2aa03-e9c9-40ba-bcbd-338770de0ca6,d3d4bcfd-ce92-42f9-991e-7c91b73e2f50,Emperor (voice),2026-01-25 23:22:47.478881+00
9db2aa03-e9c9-40ba-bcbd-338770de0ca6,f71ed144-2460-4ea0-a386-614b5b2126d1,Princess Leia,2026-01-25 23:22:47.478881+00
9db2aa03-e9c9-40ba-bcbd-338770de0ca6,f97a927d-3c6d-4092-8185-623111d01c6e,Chewbacca,2026-01-25 23:22:47.478881+00
9fdbee69-3d04-4988-915e-779e7d16ad75,0ef9ce8d-3d47-4997-a292-938c2e757d29,Igor,2026-01-25 23:22:47.478881+00
9fdbee69-3d04-4988-915e-779e7d16ad75,1177c2c9-e954-46dc-a3f9-2211ca2fef79,Jenny,2026-01-25 23:22:47.478881+00
9fdbee69-3d04-4988-915e-779e7d16ad75,12661735-ace8-48fc-b4d2-5afa9045f119,Garnik,2026-01-25 23:22:47.478881+00
9fdbee69-3d04-4988-915e-779e7d16ad75,157e7509-0278-4f73-9ceb-7af985410613,Lulu,2026-01-25 23:22:47.478881+00
9fdbee69-3d04-4988-915e-779e7d16ad75,1c7a1245-4821-432a-83d3-d3d45b8082ee,Nikolai Zakharov,2026-01-25 23:22:47.478881+00
9fdbee69-3d04-4988-915e-779e7d16ad75,2dff4626-64e2-448d-a5bf-8058c12ea2cc,Nikki,2026-01-25 23:22:47.478881+00
9fdbee69-3d04-4988-915e-779e7d16ad75,3f5491c4-657c-4b09-8b14-b340cc5e8e3b,Ivan,2026-01-25 23:22:47.478881+00
9fdbee69-3d04-4988-915e-779e7d16ad75,405fd0d4-2fc0-41a2-b2c8-d75803ff7f4f,Nick,2026-01-25 23:22:47.478881+00
9fdbee69-3d04-4988-915e-779e7d16ad75,5b08f01e-b2f8-4187-80ea-0938b903ec27,Aleks,2026-01-25 23:22:47.478881+00
9fdbee69-3d04-4988-915e-779e7d16ad75,5de5d8e2-752a-403d-bce8-211690754cc7,Dasha,2026-01-25 23:22:47.478881+00
9fdbee69-3d04-4988-915e-779e7d16ad75,74649b54-5676-4b13-948c-a81243b172aa,Crystal,2026-01-25 23:22:47.478881+00
9fdbee69-3d04-4988-915e-779e7d16ad75,791e6989-3017-4433-9e41-40376a7e9125,Toros,2026-01-25 23:22:47.478881+00
9fdbee69-3d04-4988-915e-779e7d16ad75,93f35354-d98d-4048-acca-04094447e341,Tom,2026-01-25 23:22:47.478881+00
9fdbee69-3d04-4988-915e-779e7d16ad75,9f828e89-32cc-4bbe-bb8f-3fbdd6b3b959,Ani,2026-01-25 23:22:47.478881+00
9fdbee69-3d04-4988-915e-779e7d16ad75,a5db83de-13bc-44ed-a4b8-5d21194bff35,Jimmy,2026-01-25 23:22:47.478881+00
9fdbee69-3d04-4988-915e-779e7d16ad75,a8228e80-07cc-4915-b9ca-9dfcfb394d17,Galina Zakharov,2026-01-25 23:22:47.478881+00
9fdbee69-3d04-4988-915e-779e7d16ad75,b197ea14-8854-4268-b23e-5a2c6ec35eed,Mansion Day Guard,2026-01-25 23:22:47.478881+00
9fdbee69-3d04-4988-915e-779e7d16ad75,b4843795-90f8-4ee4-981a-66b41e73ce26,Vera,2026-01-25 23:22:47.478881+00
9fdbee69-3d04-4988-915e-779e7d16ad75,c4a8eabb-3753-4ee5-b6bb-9b8756c61c7a,Dawn,2026-01-25 23:22:47.478881+00
9fdbee69-3d04-4988-915e-779e7d16ad75,fb8892f3-0cf5-4f25-a551-ea6e1f30791a,Diamond,2026-01-25 23:22:47.478881+00
a01a3c11-53eb-47ef-9e00-31fbbea46b17,1225cfb1-a253-420f-bd41-46a3b9bf43cc,Additional Voices (voice),2026-01-25 23:22:47.478881+00
a01a3c11-53eb-47ef-9e00-31fbbea46b17,13958d68-54a3-409c-a852-29f33d1cede2,Additional Voices (voice),2026-01-25 23:22:47.478881+00
a01a3c11-53eb-47ef-9e00-31fbbea46b17,13f13f4e-f7b3-4074-b0af-5b7d86def726,Additional Voices (voice),2026-01-25 23:22:47.478881+00
a01a3c11-53eb-47ef-9e00-31fbbea46b17,2ce404fb-b3c3-409e-a3b1-2bd960cd44ec,"Shelby Forthright, BnL CEO",2026-01-25 23:22:47.478881+00
a01a3c11-53eb-47ef-9e00-31fbbea46b17,36b91b9d-f371-4d8d-8213-567e8f3c20a2,Additional Voices (voice),2026-01-25 23:22:47.478881+00
a01a3c11-53eb-47ef-9e00-31fbbea46b17,5117e9dd-e6b6-4e5e-b88b-5109fc73894c,Additional Voices (voice),2026-01-25 23:22:47.478881+00
a01a3c11-53eb-47ef-9e00-31fbbea46b17,5df85358-1df0-41f0-954d-f8543d53dbcb,Additional Voices (voice),2026-01-25 23:22:47.478881+00
a01a3c11-53eb-47ef-9e00-31fbbea46b17,5e5da68d-2344-423f-b642-8f887bbca15d,Additional Voices (voice),2026-01-25 23:22:47.478881+00
a01a3c11-53eb-47ef-9e00-31fbbea46b17,61bc7728-4178-4a99-a94e-fdebee4360fd,Additional Voices (voice),2026-01-25 23:22:47.478881+00
a01a3c11-53eb-47ef-9e00-31fbbea46b17,67cad920-2e44-44dc-9e10-2f47b7c86d4c,Additional Voices (voice),2026-01-25 23:22:47.478881+00
a01a3c11-53eb-47ef-9e00-31fbbea46b17,755a919b-0055-4e6c-96b4-8e3c8061145c,Captain (voice),2026-01-25 23:22:47.478881+00
a01a3c11-53eb-47ef-9e00-31fbbea46b17,766eb1a7-2b19-4690-abb5-583f7bcc4011,Ship's Computer (voice),2026-01-25 23:22:47.478881+00
a01a3c11-53eb-47ef-9e00-31fbbea46b17,85a6a064-5600-48c4-8d41-e00a55b8fa43,Mary (voice),2026-01-25 23:22:47.478881+00
a01a3c11-53eb-47ef-9e00-31fbbea46b17,8ace7124-b111-4e47-a337-43dcbe8d9d3a,EVE (voice),2026-01-25 23:22:47.478881+00
a01a3c11-53eb-47ef-9e00-31fbbea46b17,bdf5612d-46c1-45ba-9ff7-6e12a515c258,WALL·E / M-O (voice),2026-01-25 23:22:47.478881+00
a01a3c11-53eb-47ef-9e00-31fbbea46b17,d325db40-c48b-41c7-8620-6bc588b52027,Additional Voices (voice),2026-01-25 23:22:47.478881+00
a01a3c11-53eb-47ef-9e00-31fbbea46b17,da203a24-8fec-4652-955d-c2e6c1124e3d,Additional Voices (voice),2026-01-25 23:22:47.478881+00
a01a3c11-53eb-47ef-9e00-31fbbea46b17,f2c2a369-3590-4457-bf87-77184d227950,Additional Voices (voice),2026-01-25 23:22:47.478881+00
a01a3c11-53eb-47ef-9e00-31fbbea46b17,fac34bb2-8259-406a-a143-ed786120274d,Additional Voices (voice),2026-01-25 23:22:47.478881+00
a01a3c11-53eb-47ef-9e00-31fbbea46b17,fbaeddac-59f2-42dc-8de2-923a114d41cf,John (voice),2026-01-25 23:22:47.478881+00
a098b417-048c-49bc-a25c-180017b3b1f1,22db93df-def9-4e19-9869-d1368cce7779,Oin,2026-01-25 23:22:47.478881+00
a098b417-048c-49bc-a25c-180017b3b1f1,3d527963-a3e8-44a8-b65a-b21308f54bd0,Dori,2026-01-25 23:22:47.478881+00
a098b417-048c-49bc-a25c-180017b3b1f1,3fc891ba-dd19-40e3-89a9-80e9b0846aa4,Bilbo Baggins,2026-01-25 23:22:47.478881+00
a098b417-048c-49bc-a25c-180017b3b1f1,73d0b464-76c2-4ffc-b026-e62b2fc63045,Gloin,2026-01-25 23:22:47.478881+00
a098b417-048c-49bc-a25c-180017b3b1f1,7a2e0ffd-3e34-4d67-a400-c1e8cfd6e8dc,Legolas,2026-01-25 23:22:47.478881+00
a098b417-048c-49bc-a25c-180017b3b1f1,7bc7d549-ceab-42b2-a61c-741f7f356038,Ori,2026-01-25 23:22:47.478881+00
a098b417-048c-49bc-a25c-180017b3b1f1,8a65e4ee-efe8-4024-949b-afee37081be8,Gandalf the Grey,2026-01-25 23:22:47.478881+00
a098b417-048c-49bc-a25c-180017b3b1f1,90b6662a-c3f8-4917-be06-eab1d4e04ef4,Balin,2026-01-25 23:22:47.478881+00
a098b417-048c-49bc-a25c-180017b3b1f1,930bd50e-ed1e-4c23-abc3-412e39fb24f0,Tauriel,2026-01-25 23:22:47.478881+00
a098b417-048c-49bc-a25c-180017b3b1f1,985e5493-4cc8-4b2f-b593-fd0f0d029dbe,Kili,2026-01-25 23:22:47.478881+00
a098b417-048c-49bc-a25c-180017b3b1f1,a5ef8a96-9882-441d-b42d-8a8bd646e9d4,Smaug / Sauron,2026-01-25 23:22:47.478881+00
a098b417-048c-49bc-a25c-180017b3b1f1,b9dbd52b-ec17-48bc-a7f0-b4760dd8f6ac,King Thranduil,2026-01-25 23:22:47.478881+00
a098b417-048c-49bc-a25c-180017b3b1f1,c4503cf9-e488-4053-ac15-3fe108b1af14,The Master of Laketown,2026-01-25 23:22:47.478881+00
a098b417-048c-49bc-a25c-180017b3b1f1,d6a0c084-ad02-41e8-8c5e-8363009be8b0,Thorin Oakenshield,2026-01-25 23:22:47.478881+00
a098b417-048c-49bc-a25c-180017b3b1f1,dc425b7e-9544-44ba-8eff-870bb5223bdb,Beorn,2026-01-25 23:22:47.478881+00
a098b417-048c-49bc-a25c-180017b3b1f1,e1061c5b-3e84-4902-b1e3-32b00e9d69d2,Dwalin,2026-01-25 23:22:47.478881+00
a098b417-048c-49bc-a25c-180017b3b1f1,e678f1d4-98ec-4c24-a617-ff3192d7d118,Bard / Girion,2026-01-25 23:22:47.478881+00
a098b417-048c-49bc-a25c-180017b3b1f1,e8884495-dcc9-428f-bc19-d6a496fe29db,Fili,2026-01-25 23:22:47.478881+00
a098b417-048c-49bc-a25c-180017b3b1f1,f8308bd4-3673-4f97-a2ce-4bf291d4d221,Bofur,2026-01-25 23:22:47.478881+00
a098b417-048c-49bc-a25c-180017b3b1f1,fde6ed4a-703e-4c1e-bf2c-867a5be67f63,Radagast the Brown,2026-01-25 23:22:47.478881+00
a0e6e507-142e-4f07-9778-685e1b03d277,198ffaca-2948-4ad8-b4f0-f3393e52beaf,Joshua Pearce,2026-01-25 23:22:47.478881+00
a0e6e507-142e-4f07-9778-685e1b03d277,206709d9-cfe3-4793-9556-d2a4711e10e3,Don Cavendish,2026-01-25 23:22:47.478881+00
a0e6e507-142e-4f07-9778-685e1b03d277,3292fb87-3931-414f-aa0a-d10a92f80122,Fazio,2026-01-25 23:22:47.478881+00
a0e6e507-142e-4f07-9778-685e1b03d277,3a57e652-e19d-4014-9f3d-8042679dd132,Kaspar's Daughter,2026-01-25 23:22:47.478881+00
a0e6e507-142e-4f07-9778-685e1b03d277,3b0ea012-e305-4dd1-858b-b8d7249cbdcf,Kaspar Smolinski,2026-01-25 23:22:47.478881+00
a0e6e507-142e-4f07-9778-685e1b03d277,74eccfb8-68fe-47e2-8081-7072e03266f8,Pippa Leguin,2026-01-25 23:22:47.478881+00
a0e6e507-142e-4f07-9778-685e1b03d277,7a5a31a0-ed62-4bc1-9342-e2d1431ac036,Dodge,2026-01-25 23:22:47.478881+00
a0e6e507-142e-4f07-9778-685e1b03d277,7bf34b13-367f-442a-82e7-0985244e83c3,Luca Cortez,2026-01-25 23:22:47.478881+00
a0e6e507-142e-4f07-9778-685e1b03d277,7c50d43c-9613-4c7e-88b4-e9b09592d292,Jodie,2026-01-25 23:22:47.478881+00
a0e6e507-142e-4f07-9778-685e1b03d277,7cf9793f-7d06-4218-822c-26cf1278dac8,Liesl,2026-01-25 23:22:47.478881+00
a0e6e507-142e-4f07-9778-685e1b03d277,808e1814-cfd9-432a-bd9f-4e399cf1fbc7,Cash,2026-01-25 23:22:47.478881+00
a0e6e507-142e-4f07-9778-685e1b03d277,85e5a852-d4b9-4cf2-8573-1493ae720c8a,Lisbeth Bampton,2026-01-25 23:22:47.478881+00
a0e6e507-142e-4f07-9778-685e1b03d277,8dfeca52-a157-4377-8213-f61a944202ab,Kate McKenna,2026-01-25 23:22:47.478881+00
a0e6e507-142e-4f07-9778-685e1b03d277,93d21ae5-43cc-45b6-ae2c-6e5bbdbeae25,Bernadette,2026-01-25 23:22:47.478881+00
a0e6e507-142e-4f07-9778-685e1b03d277,9a7866a1-f5e7-4e10-93e9-20a5a901ea4a,Kaspar's Son,2026-01-25 23:22:47.478881+00
a0e6e507-142e-4f07-9778-685e1b03d277,9a874e45-7c7c-4158-bbda-4a4e85e01bd3,Peter Banning,2026-01-25 23:22:47.478881+00
a0e6e507-142e-4f07-9778-685e1b03d277,9ab351b8-179c-4135-9a3e-725d170febf0,Sonny Hayes,2026-01-25 23:22:47.478881+00
a0e6e507-142e-4f07-9778-685e1b03d277,a5dbae78-6a37-4e64-997c-d6a55d702060,Simone Ashley,2026-01-25 23:22:47.478881+00
a0e6e507-142e-4f07-9778-685e1b03d277,c8a8a9ab-8d47-4b9e-8d3b-c358f57500e7,Nickleby,2026-01-25 23:22:47.478881+00
a0e6e507-142e-4f07-9778-685e1b03d277,fd97431d-4971-4a57-b989-56ace50ddad6,Ruben Cervantes,2026-01-25 23:22:47.478881+00
a1cef5b6-6e63-46d1-ba4c-b18b94c11318,365a7ed9-9fec-41de-b7f4-dff4e85e9477,Bruce Ng,2026-01-25 23:22:47.478881+00
a1cef5b6-6e63-46d1-ba4c-b18b94c11318,4781a60c-b255-4c39-9802-a23fd4a425af,Rick Martinez,2026-01-25 23:22:47.478881+00
a1cef5b6-6e63-46d1-ba4c-b18b94c11318,57dd5af5-b677-4025-acd8-f1263a1601a6,Mark Watney,2026-01-25 23:22:47.478881+00
a1cef5b6-6e63-46d1-ba4c-b18b94c11318,63bfca57-f2cd-4344-9211-e5ead2aec316,Vincent Kapoor,2026-01-25 23:22:47.478881+00
a1cef5b6-6e63-46d1-ba4c-b18b94c11318,7f607703-3a6e-4559-bb89-cf13c5b2ea20,Annie Montrose,2026-01-25 23:22:47.478881+00
a1cef5b6-6e63-46d1-ba4c-b18b94c11318,86bf124d-9872-4d59-865e-08903c05ca6c,"Theodore ""Teddy"" Sanders",2026-01-25 23:22:47.478881+00
a1cef5b6-6e63-46d1-ba4c-b18b94c11318,97af6322-315b-4cb9-86cd-be300c1b2a78,Beth Johanssen,2026-01-25 23:22:47.478881+00
a1cef5b6-6e63-46d1-ba4c-b18b94c11318,9a7811eb-ef7d-4b27-9597-ec4e199d2f41,Mindy Park,2026-01-25 23:22:47.478881+00
a1cef5b6-6e63-46d1-ba4c-b18b94c11318,9baef9ed-6d62-4b81-ae15-83517a10ce01,Melissa Lewis,2026-01-25 23:22:47.478881+00
a1cef5b6-6e63-46d1-ba4c-b18b94c11318,9d8bad94-ce79-4639-a839-db4de14aa38d,Mike Watkins,2026-01-25 23:22:47.478881+00
a1cef5b6-6e63-46d1-ba4c-b18b94c11318,a2b08592-8c5c-4866-8267-66558bea6bda,U.S. President,2026-01-25 23:22:47.478881+00
a1cef5b6-6e63-46d1-ba4c-b18b94c11318,ab17cd10-bc20-4b70-b76a-7b5921b55dd7,Brendan Hatch,2026-01-25 23:22:47.478881+00
a1cef5b6-6e63-46d1-ba4c-b18b94c11318,ae37a332-1a2b-485d-b921-e34090287fcd,Chris Beck,2026-01-25 23:22:47.478881+00
a1cef5b6-6e63-46d1-ba4c-b18b94c11318,aedd8261-9553-479d-b37a-7615b0d8dcb2,Zhu Tao,2026-01-25 23:22:47.478881+00
a1cef5b6-6e63-46d1-ba4c-b18b94c11318,b60eb2f4-f839-4013-b00f-ce0ce25b8d54,Mitch Henderson,2026-01-25 23:22:47.478881+00
a1cef5b6-6e63-46d1-ba4c-b18b94c11318,c2affe1f-89b0-420b-a6ae-31a1881ddb50,Tim Grimes,2026-01-25 23:22:47.478881+00
a1cef5b6-6e63-46d1-ba4c-b18b94c11318,e4065d0e-f00c-476d-a8a1-8f8d5ff30333,Rich Purnell,2026-01-25 23:22:47.478881+00
a1cef5b6-6e63-46d1-ba4c-b18b94c11318,e7cd1c7d-110d-4499-8416-d425ce0853a6,Alex Vogel,2026-01-25 23:22:47.478881+00
a1cef5b6-6e63-46d1-ba4c-b18b94c11318,f5882d43-c246-4c98-a370-c74b627b7d0a,Guo Ming,2026-01-25 23:22:47.478881+00
a1cef5b6-6e63-46d1-ba4c-b18b94c11318,fa7e0d64-3094-4eda-aed5-afb7cff80697,Jack,2026-01-25 23:22:47.478881+00
a210a4aa-d717-4198-80ec-d313feb0b3c9,0b33beb9-c711-42b8-b987-c214a775808b,Krieger,2026-01-25 23:22:47.478881+00
a210a4aa-d717-4198-80ec-d313feb0b3c9,14636f45-1317-4936-a567-26543dc5de1f,Sarah Davies,2026-01-25 23:22:47.478881+00
a210a4aa-d717-4198-80ec-d313feb0b3c9,3e98fdc1-5b03-40e0-89da-0c91471b329f,Luther,2026-01-25 23:22:47.478881+00
a210a4aa-d717-4198-80ec-d313feb0b3c9,406c9fe1-7e81-42f7-9c1a-bbe49a0a12bc,Claire,2026-01-25 23:22:47.478881+00
a210a4aa-d717-4198-80ec-d313feb0b3c9,422b3833-fbdc-4f4f-92f3-3d8106279a8b,Diplomat Rand Housman,2026-01-25 23:22:47.478881+00
a210a4aa-d717-4198-80ec-d313feb0b3c9,438dcd6c-cfcd-4f9d-8e5b-0d829db9d330,TV Interviewer,2026-01-25 23:22:47.478881+00
a210a4aa-d717-4198-80ec-d313feb0b3c9,5f1144fc-36e7-4c08-8b84-ab969e4dc350,Kittridge Technician,2026-01-25 23:22:47.478881+00
a210a4aa-d717-4198-80ec-d313feb0b3c9,697f54af-8e86-4f85-a714-c74184a4eacb,Kittridge,2026-01-25 23:22:47.478881+00
a210a4aa-d717-4198-80ec-d313feb0b3c9,78fe2b9c-2b9d-4bb4-a914-13853b70cf59,Jaroslav Reid,2026-01-25 23:22:47.478881+00
a210a4aa-d717-4198-80ec-d313feb0b3c9,7bd86a3c-ab15-4333-83c9-5a308fbeecdc,Mayor Brandl,2026-01-25 23:22:47.478881+00
a210a4aa-d717-4198-80ec-d313feb0b3c9,865dd49e-14e8-4003-b754-eb125dc6f194,Jim Phelps,2026-01-25 23:22:47.478881+00
a210a4aa-d717-4198-80ec-d313feb0b3c9,88cc7378-d122-4211-a2b8-b8115e132ae0,Drunken Female IMF Agent,2026-01-25 23:22:47.478881+00
a210a4aa-d717-4198-80ec-d313feb0b3c9,933b2bca-6909-4903-9270-b20c0491a461,Drunken Male IMF Agent,2026-01-25 23:22:47.478881+00
a210a4aa-d717-4198-80ec-d313feb0b3c9,96d566d8-b5b4-4aea-b386-352905e58467,CIA Analyst William Donloe,2026-01-25 23:22:47.478881+00
a210a4aa-d717-4198-80ec-d313feb0b3c9,9d856e99-3499-4688-9daf-92e3a65b59a5,Hannah,2026-01-25 23:22:47.478881+00
a210a4aa-d717-4198-80ec-d313feb0b3c9,a59f5e0d-0f32-45c6-b148-c1cb589333c9,Denied Area Security Guard,2026-01-25 23:22:47.478881+00
a210a4aa-d717-4198-80ec-d313feb0b3c9,bc35e4e0-2976-4a8b-9fe3-5cc8d9c37886,Matthias,2026-01-25 23:22:47.478881+00
a210a4aa-d717-4198-80ec-d313feb0b3c9,d19126f7-3ec1-4b59-967c-28aabd182d9f,Max,2026-01-25 23:22:47.478881+00
a210a4aa-d717-4198-80ec-d313feb0b3c9,f7c1d3b1-86da-4eae-86cc-3400bc57efe3,Ethan Hunt,2026-01-25 23:22:47.478881+00
a210a4aa-d717-4198-80ec-d313feb0b3c9,f7d30bae-ba05-4343-8843-959bbbba2097,Max's Companion,2026-01-25 23:22:47.478881+00
a2735300-fc1d-4b67-895f-eaf085260462,08df5f7d-5c82-40d4-aff7-9801257151f0,Hamilton Jordan,2026-01-25 23:22:47.478881+00
a2735300-fc1d-4b67-895f-eaf085260462,13c38ab5-00e4-4b47-8b49-3e2df08910c6,Reza Borhani,2026-01-25 23:22:47.478881+00
a2735300-fc1d-4b67-895f-eaf085260462,1b269f7e-7220-4cd4-bcab-1d0f88757d71,Joe Stafford,2026-01-25 23:22:47.478881+00
a2735300-fc1d-4b67-895f-eaf085260462,2019d9a1-b352-45b4-967a-51ec8ccaae84,Kathy Stafford,2026-01-25 23:22:47.478881+00
a2735300-fc1d-4b67-895f-eaf085260462,26af33ce-ed00-4b11-bccd-389bb3a85f12,Lee Schatz,2026-01-25 23:22:47.478881+00
a2735300-fc1d-4b67-895f-eaf085260462,40ff6343-7517-4ab8-9949-8695628b0e58,Cyrus Vance,2026-01-25 23:22:47.478881+00
a2735300-fc1d-4b67-895f-eaf085260462,445f71e4-cab1-44fa-86e4-fcde3000fd34,Malinov,2026-01-25 23:22:47.478881+00
a2735300-fc1d-4b67-895f-eaf085260462,4a185e8c-f8a6-4afb-bc01-8a741bbefd8e,Bob Anders,2026-01-25 23:22:47.478881+00
a2735300-fc1d-4b67-895f-eaf085260462,5764d880-c01e-4dfd-89a2-e47b487aaf57,Mark Lijek,2026-01-25 23:22:47.478881+00
a2735300-fc1d-4b67-895f-eaf085260462,5939c529-8d33-44d4-96f3-b98c51b19524,John Chambers,2026-01-25 23:22:47.478881+00
a2735300-fc1d-4b67-895f-eaf085260462,5ef1ff6f-e3d5-4bc0-b156-0ea6b1b8ce43,Robert Pender,2026-01-25 23:22:47.478881+00
a2735300-fc1d-4b67-895f-eaf085260462,63465301-67d8-43a6-adff-29af814ab058,Lester Siegel,2026-01-25 23:22:47.478881+00
a2735300-fc1d-4b67-895f-eaf085260462,683a6b5f-0b0e-4e5f-be25-6d697c417a53,Max Klein,2026-01-25 23:22:47.478881+00
a2735300-fc1d-4b67-895f-eaf085260462,9d39d766-f7bb-48fb-89c4-9b34b51ba3b4,Adam Engell,2026-01-25 23:22:47.478881+00
a2735300-fc1d-4b67-895f-eaf085260462,a04a386a-e5ee-4139-8154-0026ee89ff29,Tony Mendez,2026-01-25 23:22:47.478881+00
a2735300-fc1d-4b67-895f-eaf085260462,ac5eb3f0-8094-4fff-b80a-c53dfb06c7a6,OSS Officer Nicholls,2026-01-25 23:22:47.478881+00
a2735300-fc1d-4b67-895f-eaf085260462,c50855b3-09d5-40ed-96ee-52a5ba941bb2,Ken Taylor,2026-01-25 23:22:47.478881+00
a2735300-fc1d-4b67-895f-eaf085260462,e9800e53-22ac-4cf1-a964-fa382e2dee7b,Jack O'Donnell,2026-01-25 23:22:47.478881+00
a2735300-fc1d-4b67-895f-eaf085260462,fcc37f12-2b24-4b7e-9417-8f410b1b206c,Cora Lijek,2026-01-25 23:22:47.478881+00
a2735300-fc1d-4b67-895f-eaf085260462,fce383a8-7b57-41fd-bb78-6e65fa521834,Bates,2026-01-25 23:22:47.478881+00
a28635c9-d3d7-42b8-afda-ee2795c9d1a3,1222bcdd-b0c7-4abf-bddb-2a9e110b95b0,Tonya (8-12 Yrs),2026-02-06 06:34:32.873635+00
a28635c9-d3d7-42b8-afda-ee2795c9d1a3,2edea134-a8a8-4186-bae0-0b8c0951d677,Tonya (3 ½ Yrs),2026-02-06 06:34:32.873635+00
a28635c9-d3d7-42b8-afda-ee2795c9d1a3,393d4d13-3a0e-469e-94e4-8c1058c6c1d4,Chris,2026-02-06 06:34:32.873635+00
a28635c9-d3d7-42b8-afda-ee2795c9d1a3,3ee98ebc-f294-4f23-9c8c-7449f4d2e7f4,Choreographer,2026-02-06 06:34:32.873635+00
a28635c9-d3d7-42b8-afda-ee2795c9d1a3,5bb44530-fdb7-446a-aee2-1f0fa23b9d73,Shawn,2026-02-06 06:34:32.873635+00
a28635c9-d3d7-42b8-afda-ee2795c9d1a3,5dc733d8-5bac-45c0-bc24-73917d860037,Martin Maddox,2026-02-06 06:34:32.873635+00
a28635c9-d3d7-42b8-afda-ee2795c9d1a3,5e4c38f7-16d5-40ed-9d84-f2dc18356466,LaVona,2026-02-06 06:34:32.873635+00
a28635c9-d3d7-42b8-afda-ee2795c9d1a3,6680a337-3c2a-49e2-b9d4-e73bfff0f275,Shawn's Mother,2026-02-06 06:34:32.873635+00
a28635c9-d3d7-42b8-afda-ee2795c9d1a3,6a23d93c-7cc3-4efd-b3bf-82d766aeb9be,Dody Teachman,2026-02-06 06:34:32.873635+00
a28635c9-d3d7-42b8-afda-ee2795c9d1a3,81f1f57b-da9a-48f9-a540-429a8f81bfb1,Al,2026-02-06 06:34:32.873635+00
a28635c9-d3d7-42b8-afda-ee2795c9d1a3,ae37a332-1a2b-485d-b921-e34090287fcd,Jeff,2026-02-06 06:34:32.873635+00
a28635c9-d3d7-42b8-afda-ee2795c9d1a3,af39d8c2-a6e6-4be3-b115-e9f456543d8b,Nancy Kerrigan,2026-02-06 06:34:32.873635+00
a28635c9-d3d7-42b8-afda-ee2795c9d1a3,c3279a3d-b3d0-4f36-b38d-b953a88fe028,Policeman #1,2026-02-06 06:34:32.873635+00
a28635c9-d3d7-42b8-afda-ee2795c9d1a3,cdbf7525-1d91-4021-a76c-36ffd143fdd5,Diane Rawlinson,2026-02-06 06:34:32.873635+00
a28635c9-d3d7-42b8-afda-ee2795c9d1a3,d6c446c0-eff2-4726-b0e3-9d1b5c2ad124,Snooty Girl,2026-02-06 06:34:32.873635+00
a28635c9-d3d7-42b8-afda-ee2795c9d1a3,d8586c4a-34a2-486a-989d-0b563c800459,Heckling Spectator,2026-02-06 06:34:32.873635+00
a28635c9-d3d7-42b8-afda-ee2795c9d1a3,e46b0269-f0b3-4a5a-8feb-40ac9a2b50da,Skating Judge,2026-02-06 06:34:32.873635+00
a28635c9-d3d7-42b8-afda-ee2795c9d1a3,f57d6594-51f8-45b0-8351-b7713a1c83ca,Skater Mom,2026-02-06 06:34:32.873635+00
a28635c9-d3d7-42b8-afda-ee2795c9d1a3,fa664e4c-8b79-45b6-8d58-7986d9604768,Tonya,2026-02-06 06:34:32.873635+00
a28635c9-d3d7-42b8-afda-ee2795c9d1a3,fdd4711d-2d4b-4649-8b11-7afe641b1caa,Shawn's Father,2026-02-06 06:34:32.873635+00
a74132aa-59f1-430b-8574-a97309574cf3,03dd8a78-36ca-4f57-9cd7-8e34b6eaaeb4,Board Member #2 (voice),2026-01-25 23:22:47.478881+00
a74132aa-59f1-430b-8574-a97309574cf3,0ed7c804-c2d4-413d-bcce-e60fa5d94ef7,Tess Ocean,2026-01-25 23:22:47.478881+00
a74132aa-59f1-430b-8574-a97309574cf3,2d466310-80d3-4c77-805e-3dcec38711e9,Blackjack Dealer,2026-01-25 23:22:47.478881+00
a74132aa-59f1-430b-8574-a97309574cf3,467213d0-762b-4e4b-a508-f0987a3f46bc,Security Guard,2026-01-25 23:22:47.478881+00
a74132aa-59f1-430b-8574-a97309574cf3,4cdc4ecb-61fe-427c-93d3-2d26df7b7d64,Bartender,2026-01-25 23:22:47.478881+00
a74132aa-59f1-430b-8574-a97309574cf3,57dd5af5-b677-4025-acd8-f1263a1601a6,Linus Caldwell,2026-01-25 23:22:47.478881+00
a74132aa-59f1-430b-8574-a97309574cf3,62f55b4a-9537-4ded-ac64-fa56df37e219,Saul Bloom,2026-01-25 23:22:47.478881+00
a74132aa-59f1-430b-8574-a97309574cf3,8f43c7ee-7743-45cc-803d-a781594b25b5,Reuben Tishkoff,2026-01-25 23:22:47.478881+00
a74132aa-59f1-430b-8574-a97309574cf3,928803e4-6c96-4b1c-8551-142cfc8e2d1e,Yen,2026-01-25 23:22:47.478881+00
a74132aa-59f1-430b-8574-a97309574cf3,95ea72c8-ce6b-49ad-b1e8-ed7134cedab2,Frank Catton,2026-01-25 23:22:47.478881+00
a74132aa-59f1-430b-8574-a97309574cf3,9ab351b8-179c-4135-9a3e-725d170febf0,Rusty Ryan,2026-01-25 23:22:47.478881+00
a74132aa-59f1-430b-8574-a97309574cf3,9e747012-0ff7-4f40-8b4f-7214fdd3088e,Turk Malloy,2026-01-25 23:22:47.478881+00
a74132aa-59f1-430b-8574-a97309574cf3,a0f016ae-5b9c-499f-8279-c9aad58e07f5,Danny Ocean,2026-01-25 23:22:47.478881+00
a74132aa-59f1-430b-8574-a97309574cf3,ca2b71a8-00d4-4337-9a90-cd7f1d419572,Board Member #3 (voice),2026-01-25 23:22:47.478881+00
a74132aa-59f1-430b-8574-a97309574cf3,cd369c21-fe6f-4515-b1ae-d79513e92426,Terry Benedict,2026-01-25 23:22:47.478881+00
a74132aa-59f1-430b-8574-a97309574cf3,d209a59b-16d2-44fc-83ba-ee8a95ca018a,FBI Man #1,2026-01-25 23:22:47.478881+00
a74132aa-59f1-430b-8574-a97309574cf3,ec2ccb59-f046-4b9a-85fb-f2bb60e2c74f,Lockbox Carrier,2026-01-25 23:22:47.478881+00
a74132aa-59f1-430b-8574-a97309574cf3,f402cd17-2cff-4569-ac5a-9a49b77b4f65,Livingston Dell,2026-01-25 23:22:47.478881+00
a74132aa-59f1-430b-8574-a97309574cf3,f7601477-961f-4c9c-8c3c-092093675737,Board Member #1 (voice),2026-01-25 23:22:47.478881+00
a74132aa-59f1-430b-8574-a97309574cf3,fd353abd-44fb-4a3e-937a-68c8d5a6338e,Virgil Malloy,2026-01-25 23:22:47.478881+00
ab713ac3-2a8d-4454-9db7-4279cf5d6bfe,0ff129a8-a213-410d-b451-46a61d683074,NASA Scientist,2026-01-25 23:22:47.478881+00
ab713ac3-2a8d-4454-9db7-4279cf5d6bfe,10e4569b-e002-4b0b-aa94-a9ebfdbd3276,Tony Stark / Iron Man,2026-01-25 23:22:47.478881+00
ab713ac3-2a8d-4454-9db7-4279cf5d6bfe,42c0f51c-cc28-4b20-a2d7-3a1a8783f5de,Steve Rogers / Captain America,2026-01-25 23:22:47.478881+00
ab713ac3-2a8d-4454-9db7-4279cf5d6bfe,55275bf9-6a75-451f-ae6d-c35e8de07e09,Tall Thug,2026-01-25 23:22:47.478881+00
ab713ac3-2a8d-4454-9db7-4279cf5d6bfe,70303c49-3c21-4790-ae14-f8be08565e4e,Loki,2026-01-25 23:22:47.478881+00
ab713ac3-2a8d-4454-9db7-4279cf5d6bfe,73e7c2d4-af7d-4c99-81a3-0880b0bed209,The Other,2026-01-25 23:22:47.478881+00
ab713ac3-2a8d-4454-9db7-4279cf5d6bfe,79c6d245-c493-49c1-9d1a-47da885b9c55,Natasha Romanoff / Black Widow,2026-01-25 23:22:47.478881+00
ab713ac3-2a8d-4454-9db7-4279cf5d6bfe,7b7c4fbb-8be1-412b-876d-f65155227e12,Georgi Luchkov,2026-01-25 23:22:47.478881+00
ab713ac3-2a8d-4454-9db7-4279cf5d6bfe,7e285f93-9e99-47e8-ae8a-461cb7b7d0c6,Bruce Banner / The Hulk,2026-01-25 23:22:47.478881+00
ab713ac3-2a8d-4454-9db7-4279cf5d6bfe,82ae72d2-584a-4d22-8640-71e33685d2dc,Agent Maria Hill,2026-01-25 23:22:47.478881+00
ab713ac3-2a8d-4454-9db7-4279cf5d6bfe,932dc5e2-4dc7-4e6d-a135-1e2a19b93fa4,Thor,2026-01-25 23:22:47.478881+00
ab713ac3-2a8d-4454-9db7-4279cf5d6bfe,acb330c8-4d15-4a8d-a485-319a59adc149,Agent Phil Coulson,2026-01-25 23:22:47.478881+00
ab713ac3-2a8d-4454-9db7-4279cf5d6bfe,b6f6c97b-6fef-4af5-8170-80c1cf335b68,Young Girl,2026-01-25 23:22:47.478881+00
ab713ac3-2a8d-4454-9db7-4279cf5d6bfe,ba007c31-0228-4c0b-9603-383be5d429cd,Selvig,2026-01-25 23:22:47.478881+00
ab713ac3-2a8d-4454-9db7-4279cf5d6bfe,c9a3443c-9117-4209-be04-7933c51fed79,Nick Fury,2026-01-25 23:22:47.478881+00
ab713ac3-2a8d-4454-9db7-4279cf5d6bfe,e1d05cf2-7891-435d-afb9-6cf87cd02a13,Jarvis (voice),2026-01-25 23:22:47.478881+00
ab713ac3-2a8d-4454-9db7-4279cf5d6bfe,eb6fe15e-fce6-4000-97b0-c10e088fa6d4,Clint Barton / Hawkeye,2026-01-25 23:22:47.478881+00
ab713ac3-2a8d-4454-9db7-4279cf5d6bfe,eb9b5818-f7b8-4049-84d0-13a635749228,Pepper Potts,2026-01-25 23:22:47.478881+00
ab713ac3-2a8d-4454-9db7-4279cf5d6bfe,f719da6a-835e-472e-9304-a42efaba6efa,Weaselly Thug,2026-01-25 23:22:47.478881+00
ab713ac3-2a8d-4454-9db7-4279cf5d6bfe,f8cbb0da-7198-483b-a358-63a02c956d96,Calcutta Woman,2026-01-25 23:22:47.478881+00
abfb0d55-d51d-4f13-90d0-6ef670e7aa5b,1123409a-c5d2-4e71-b8aa-57a8fb69e700,Nicole,2026-02-03 06:54:08.595899+00
abfb0d55-d51d-4f13-90d0-6ef670e7aa5b,27020238-c457-440b-bbbb-86511786c8f2,Ryan,2026-02-03 06:54:08.595899+00
abfb0d55-d51d-4f13-90d0-6ef670e7aa5b,53cbcd48-c427-44f8-b56e-1364d57c3581,Dorm Neighbor,2026-02-03 06:54:08.595899+00
abfb0d55-d51d-4f13-90d0-6ef670e7aa5b,5f618418-9bf9-46e4-87ce-2236ffb2fe22,Dustin,2026-02-03 06:54:08.595899+00
abfb0d55-d51d-4f13-90d0-6ef670e7aa5b,6bce9096-63ec-4b54-ab45-69c9e9c05d65,Saxophonist #2 (Studio Band),2026-02-03 06:54:08.595899+00
abfb0d55-d51d-4f13-90d0-6ef670e7aa5b,6c03a653-5e38-41e6-8774-a3bd9d58fdc6,Assistant - Sophie,2026-02-03 06:54:08.595899+00
abfb0d55-d51d-4f13-90d0-6ef670e7aa5b,7d935a53-5440-4189-8110-c07d217f6b06,Mr. Kramer,2026-02-03 06:54:08.595899+00
abfb0d55-d51d-4f13-90d0-6ef670e7aa5b,807e46dc-3e1e-4358-9624-ccb427629105,Travis,2026-02-03 06:54:08.595899+00
abfb0d55-d51d-4f13-90d0-6ef670e7aa5b,916db603-a33f-43fe-8df5-65b8a8f06748,Trumpeter #1 (Studio Band),2026-02-03 06:54:08.595899+00
abfb0d55-d51d-4f13-90d0-6ef670e7aa5b,951c95b7-6da8-4a37-9434-171d0eb65ee7,Aunt Emma,2026-02-03 06:54:08.595899+00
abfb0d55-d51d-4f13-90d0-6ef670e7aa5b,9bccff12-a5ac-4647-90f0-72caf6d04681,Trumpeter #2 (Studio Band),2026-02-03 06:54:08.595899+00
abfb0d55-d51d-4f13-90d0-6ef670e7aa5b,a0113503-c726-4c03-abd3-aa2b1d855693,Pianist (Studio Band),2026-02-03 06:54:08.595899+00
abfb0d55-d51d-4f13-90d0-6ef670e7aa5b,a7221a26-c9e5-43f1-b033-bf42422ef073,Bassist (Nassau),2026-02-03 06:54:08.595899+00
abfb0d55-d51d-4f13-90d0-6ef670e7aa5b,b8eb8922-78b6-4a07-aee3-bb286e2bf4d1,Fletcher,2026-02-03 06:54:08.595899+00
abfb0d55-d51d-4f13-90d0-6ef670e7aa5b,cba2d94d-24a7-4079-b372-23b05209da6f,Metz,2026-02-03 06:54:08.595899+00
abfb0d55-d51d-4f13-90d0-6ef670e7aa5b,d3dc0ea6-864c-4c18-bd91-fb2d4c14e45c,Andrew,2026-02-03 06:54:08.595899+00
abfb0d55-d51d-4f13-90d0-6ef670e7aa5b,e14cb3f7-e350-4b86-8f2f-40d57c989730,Jim,2026-02-03 06:54:08.595899+00
abfb0d55-d51d-4f13-90d0-6ef670e7aa5b,e3b1334d-cd2e-467e-b919-da781f79ddbb,Carl,2026-02-03 06:54:08.595899+00
abfb0d55-d51d-4f13-90d0-6ef670e7aa5b,eacd5ee1-57e9-4724-aaa1-e23a31ac7126,Uncle Frank,2026-02-03 06:54:08.595899+00
abfb0d55-d51d-4f13-90d0-6ef670e7aa5b,f077234e-c9bd-4b99-86a0-c790cd52c837,Saxophonist (Studio Band),2026-02-03 06:54:08.595899+00
acb18032-0ad5-4e28-bd60-7f1f7ef8a5dc,3ca50025-1347-42d3-945e-67aa540cc985,Mrs. Jankis,2026-01-25 23:22:47.478881+00
acb18032-0ad5-4e28-bd60-7f1f7ef8a5dc,3e438dd9-0954-4464-bd6e-a08fbee7c596,Tattooist,2026-01-25 23:22:47.478881+00
acb18032-0ad5-4e28-bd60-7f1f7ef8a5dc,3e8c25a3-eb18-4108-b1aa-f76b2f4353bc,Leonard's Wife,2026-01-25 23:22:47.478881+00
acb18032-0ad5-4e28-bd60-7f1f7ef8a5dc,45ce6ed6-a3c0-476a-b354-91eaa368e038,Sammy,2026-01-25 23:22:47.478881+00
acb18032-0ad5-4e28-bd60-7f1f7ef8a5dc,5352df1a-c9dc-41cd-afa1-5631918413e9,Teddy,2026-01-25 23:22:47.478881+00
acb18032-0ad5-4e28-bd60-7f1f7ef8a5dc,5b60d721-2eee-40dd-9182-bcb796dfb457,Leonard,2026-01-25 23:22:47.478881+00
acb18032-0ad5-4e28-bd60-7f1f7ef8a5dc,72081a26-ec89-440d-a1e1-696a5f9c11c2,Jimmy,2026-01-25 23:22:47.478881+00
acb18032-0ad5-4e28-bd60-7f1f7ef8a5dc,80fb7665-542d-4097-b7dc-9ee091d32a7f,Waiter,2026-01-25 23:22:47.478881+00
acb18032-0ad5-4e28-bd60-7f1f7ef8a5dc,aa394390-8494-4153-94f6-73d98c0a317d,Doctor,2026-01-25 23:22:47.478881+00
acb18032-0ad5-4e28-bd60-7f1f7ef8a5dc,caa7d510-722a-447d-9459-2ad1b698bdb9,Natalie,2026-01-25 23:22:47.478881+00
acb18032-0ad5-4e28-bd60-7f1f7ef8a5dc,df74b334-848a-4abb-a796-53617d392f70,Burt,2026-01-25 23:22:47.478881+00
acb18032-0ad5-4e28-bd60-7f1f7ef8a5dc,dfae0bc0-48aa-4435-a28a-828927e9f72b,Blonde,2026-01-25 23:22:47.478881+00
acb18032-0ad5-4e28-bd60-7f1f7ef8a5dc,f7509271-80be-4261-8253-4625fa4b640e,Dodd,2026-01-25 23:22:47.478881+00
acfd36cc-bd80-473e-8ff4-d6d06a6adf5b,0c42632e-96f2-489d-8290-5f6d38d71ec5,Lauren,2026-02-03 06:57:10.022055+00
acfd36cc-bd80-473e-8ff4-d6d06a6adf5b,251d44f5-2ed0-45e2-b381-9abd32c7cbd5,Judy,2026-02-03 06:57:10.022055+00
acfd36cc-bd80-473e-8ff4-d6d06a6adf5b,3dfc8121-849b-46c3-8586-8ef07e900bbd,Danya,2026-02-03 06:57:10.022055+00
acfd36cc-bd80-473e-8ff4-d6d06a6adf5b,52a340aa-98dd-4984-918b-067196bede22,Jonathan Larson,2026-02-03 06:57:10.022055+00
acfd36cc-bd80-473e-8ff4-d6d06a6adf5b,617e573f-96d4-4a20-bc51-5404540cac8d,Roger Bart,2026-02-03 06:57:10.022055+00
acfd36cc-bd80-473e-8ff4-d6d06a6adf5b,6478739f-7832-426d-a418-dc5788fd7056,Peggy,2026-02-03 06:57:10.022055+00
acfd36cc-bd80-473e-8ff4-d6d06a6adf5b,71c0bb69-88d8-4cd8-bde0-9fa2003d9373,Ira Weitzman,2026-02-03 06:57:10.022055+00
acfd36cc-bd80-473e-8ff4-d6d06a6adf5b,7a29f0e2-1a6e-4314-bab5-de11c849c866,Freddy,2026-02-03 06:57:10.022055+00
acfd36cc-bd80-473e-8ff4-d6d06a6adf5b,7d0de27c-9370-47e0-ac7d-965c76586f7f,Karessa Johnson,2026-02-03 06:57:10.022055+00
acfd36cc-bd80-473e-8ff4-d6d06a6adf5b,7d2e3ebb-5499-4301-8fd5-4ea9350a55a7,Gay,2026-02-03 06:57:10.022055+00
acfd36cc-bd80-473e-8ff4-d6d06a6adf5b,8255f5a2-99a1-49a2-9529-f0d3e5243d35,Cristin,2026-02-03 06:57:10.022055+00
acfd36cc-bd80-473e-8ff4-d6d06a6adf5b,9c27cc7e-022d-4afd-9670-796932a4a810,Kim,2026-02-03 06:57:10.022055+00
acfd36cc-bd80-473e-8ff4-d6d06a6adf5b,b13190f2-699f-49fc-a0de-ba3c028067a7,Rosa Stevens,2026-02-03 06:57:10.022055+00
acfd36cc-bd80-473e-8ff4-d6d06a6adf5b,b6e9b933-8302-4cdd-9638-b2ed82898739,Carolyn,2026-02-03 06:57:10.022055+00
acfd36cc-bd80-473e-8ff4-d6d06a6adf5b,be171b86-226a-42a8-a4c0-b2bff7f1d902,Michael,2026-02-03 06:57:10.022055+00
acfd36cc-bd80-473e-8ff4-d6d06a6adf5b,c842eab2-1c80-4ddb-9abd-4e52016629fb,Michelle,2026-02-03 06:57:10.022055+00
acfd36cc-bd80-473e-8ff4-d6d06a6adf5b,ddfc74de-633b-4197-944c-faa1ca7a74e8,Lincoln,2026-02-03 06:57:10.022055+00
acfd36cc-bd80-473e-8ff4-d6d06a6adf5b,dfd5c384-e78f-4576-893e-90e3a7259879,Stephen Sondheim,2026-02-03 06:57:10.022055+00
acfd36cc-bd80-473e-8ff4-d6d06a6adf5b,e90fb37f-9abd-4b9e-80b2-bca5db099b92,Todd,2026-02-03 06:57:10.022055+00
acfd36cc-bd80-473e-8ff4-d6d06a6adf5b,ecbd3f80-88f3-4dab-9492-a0ec0830b60f,Susan Wilson,2026-02-03 06:57:10.022055+00
ae2da529-2556-4901-8ea0-e76221587828,063ed5ee-80c3-46ce-825c-fc9660d8f91d,Degas,2026-01-25 23:22:47.478881+00
ae2da529-2556-4901-8ea0-e76221587828,073fbfcb-f7ac-423b-89d9-ef275d7c1f7f,Paris,2026-01-25 23:22:47.478881+00
ae2da529-2556-4901-8ea0-e76221587828,096f7509-80c4-4a61-b717-af91741f18ed,Tapeesa,2026-01-25 23:22:47.478881+00
ae2da529-2556-4901-8ea0-e76221587828,0d3add80-c14d-4b6c-97dd-1a0260ea5843,Walters,2026-01-25 23:22:47.478881+00
ae2da529-2556-4901-8ea0-e76221587828,1b033d59-d5bb-440f-8e0e-583b007058b7,Benji Dunn,2026-01-25 23:22:47.478881+00
ae2da529-2556-4901-8ea0-e76221587828,32915a65-6503-4e89-b78e-c03b052eb577,Angstrom,2026-01-25 23:22:47.478881+00
ae2da529-2556-4901-8ea0-e76221587828,3e98fdc1-5b03-40e0-89da-0c91471b329f,Luther Stickell,2026-01-25 23:22:47.478881+00
ae2da529-2556-4901-8ea0-e76221587828,476b7ce7-ec8c-43d8-874e-60bf3f7a46b7,Gabriel,2026-01-25 23:22:47.478881+00
ae2da529-2556-4901-8ea0-e76221587828,5a384060-e94e-4ce4-b14a-4bd0a8168799,Denlinger,2026-01-25 23:22:47.478881+00
ae2da529-2556-4901-8ea0-e76221587828,5d111cfa-5114-4601-b265-ad683cc472e8,Richards,2026-01-25 23:22:47.478881+00
ae2da529-2556-4901-8ea0-e76221587828,697f54af-8e86-4f85-a714-c74184a4eacb,Kittridge,2026-01-25 23:22:47.478881+00
ae2da529-2556-4901-8ea0-e76221587828,6a2d37c3-0bf4-4d60-9bef-38015b625028,General Sidney,2026-01-25 23:22:47.478881+00
ae2da529-2556-4901-8ea0-e76221587828,7086058e-3a8a-4c01-8cb1-c7974a1eabdc,Erika Sloane,2026-01-25 23:22:47.478881+00
ae2da529-2556-4901-8ea0-e76221587828,773b207b-dbb4-4995-b991-6ddcd48b3dad,Grace,2026-01-25 23:22:47.478881+00
ae2da529-2556-4901-8ea0-e76221587828,84493850-32ba-44da-b3b3-22f8a5f95489,Admiral Neely,2026-01-25 23:22:47.478881+00
ae2da529-2556-4901-8ea0-e76221587828,96d566d8-b5b4-4aea-b386-352905e58467,William Donloe,2026-01-25 23:22:47.478881+00
ae2da529-2556-4901-8ea0-e76221587828,bdc8e693-c60b-4ce8-85fa-7537bf904e15,Briggs,2026-01-25 23:22:47.478881+00
ae2da529-2556-4901-8ea0-e76221587828,d5adff86-c50c-4507-8ccb-b3bc42ba2a23,Captain Bledsoe,2026-01-25 23:22:47.478881+00
ae2da529-2556-4901-8ea0-e76221587828,e861cbf2-1a6e-41a1-8b63-23de35a6bc5b,Serling,2026-01-25 23:22:47.478881+00
ae2da529-2556-4901-8ea0-e76221587828,f7c1d3b1-86da-4eae-86cc-3400bc57efe3,Ethan Hunt,2026-01-25 23:22:47.478881+00
ae4adafb-a6f2-46c3-8119-2009bc3b9326,007c334a-0d28-4a44-ab0f-d97504e2a073,Sam Witwicky,2026-01-25 23:22:47.478881+00
ae4adafb-a6f2-46c3-8119-2009bc3b9326,1014c07c-4756-408a-be5a-7e975351c584,Jerry Wang,2026-01-25 23:22:47.478881+00
ae4adafb-a6f2-46c3-8119-2009bc3b9326,2134033e-f246-49b4-913a-192a78582cca,Sentinel Prime (voice),2026-01-25 23:22:47.478881+00
ae4adafb-a6f2-46c3-8119-2009bc3b9326,27aa1884-9a58-428d-b53d-e9ec50f57996,Mearing,2026-01-25 23:22:47.478881+00
ae4adafb-a6f2-46c3-8119-2009bc3b9326,68766ded-64b2-4483-9fe9-ac8d8651ec35,Lennox,2026-01-25 23:22:47.478881+00
ae4adafb-a6f2-46c3-8119-2009bc3b9326,69247bc2-b5f4-492b-9e76-2c683989381a,Simmons,2026-01-25 23:22:47.478881+00
ae4adafb-a6f2-46c3-8119-2009bc3b9326,70733933-6a0b-45a4-bb8d-2fc9fe42cc97,Eddie,2026-01-25 23:22:47.478881+00
ae4adafb-a6f2-46c3-8119-2009bc3b9326,7e3b8044-50b0-4ec7-8131-0db66036bde1,Dutch,2026-01-25 23:22:47.478881+00
ae4adafb-a6f2-46c3-8119-2009bc3b9326,7fcd749b-7993-447c-9ae0-14dadfe366bb,Judy Witwicky,2026-01-25 23:22:47.478881+00
ae4adafb-a6f2-46c3-8119-2009bc3b9326,83e0a1d6-5d90-4593-a76f-ade716ce9076,Bruce Brazos,2026-01-25 23:22:47.478881+00
ae4adafb-a6f2-46c3-8119-2009bc3b9326,aa54cffa-8bc1-4fce-bada-d76b4928fefb,Carly,2026-01-25 23:22:47.478881+00
ae4adafb-a6f2-46c3-8119-2009bc3b9326,af2a613f-f267-4ec0-a8a9-9d25d32967a6,Bill O'Reilly,2026-01-25 23:22:47.478881+00
ae4adafb-a6f2-46c3-8119-2009bc3b9326,b0513efe-2d2c-406e-9bd6-9bf314bd4222,Buzz Aldrin,2026-01-25 23:22:47.478881+00
ae4adafb-a6f2-46c3-8119-2009bc3b9326,b4388892-8670-4483-b541-a43b60c80e99,Ron Witwicky,2026-01-25 23:22:47.478881+00
ae4adafb-a6f2-46c3-8119-2009bc3b9326,b5274740-6fe6-4ae3-935c-1e2a34d8192d,Optimus Prime (voice),2026-01-25 23:22:47.478881+00
ae4adafb-a6f2-46c3-8119-2009bc3b9326,c1b60989-e887-4210-b75c-b5ee9ed773da,Voshkod,2026-01-25 23:22:47.478881+00
ae4adafb-a6f2-46c3-8119-2009bc3b9326,c1e6f7dd-e1a8-4fa4-bb79-993bcc82e1b9,Megatron (voice),2026-01-25 23:22:47.478881+00
ae4adafb-a6f2-46c3-8119-2009bc3b9326,d7256eda-6693-4e65-ac81-0546415e2498,Dylan,2026-01-25 23:22:47.478881+00
ae4adafb-a6f2-46c3-8119-2009bc3b9326,d7984f24-efe4-400b-b611-247b9fc23923,General Morshower,2026-01-25 23:22:47.478881+00
ae4adafb-a6f2-46c3-8119-2009bc3b9326,e59c2723-c267-45b7-8026-9cda906e6fc8,Epps,2026-01-25 23:22:47.478881+00
b01ebcec-ac3b-4883-88b4-536f29c9e4c4,0b2eb6eb-99a8-428c-91a8-4a229d618ca2,Sammie Moore,2026-01-31 19:56:20.904872+00
b01ebcec-ac3b-4883-88b4-536f29c9e4c4,1a49967b-6358-4b98-91f0-805f95e39f47,Pearline,2026-01-31 19:56:20.904872+00
b01ebcec-ac3b-4883-88b4-536f29c9e4c4,1d292e89-5607-490f-92bd-f5e3d6270007,Smoke / Stack,2026-01-31 19:56:20.904872+00
b01ebcec-ac3b-4883-88b4-536f29c9e4c4,2c26dc34-0b17-411d-a087-d7d07492c839,Delta Slim,2026-01-31 19:56:20.904872+00
b01ebcec-ac3b-4883-88b4-536f29c9e4c4,2f8ab776-d400-4dbc-aa47-474a538a3dd5,Old Sammie,2026-01-31 19:56:20.904872+00
b01ebcec-ac3b-4883-88b4-536f29c9e4c4,326364f5-94f4-4486-ab51-19a7f36be0a0,Beatrice,2026-01-31 19:56:20.904872+00
b01ebcec-ac3b-4883-88b4-536f29c9e4c4,373478c1-719e-4109-9daa-92d247a0fb48,Hogwood,2026-01-31 19:56:20.904872+00
b01ebcec-ac3b-4883-88b4-536f29c9e4c4,4baab565-566d-431b-8740-06cffa2b6b1d,Bo Chow,2026-01-31 19:56:20.904872+00
b01ebcec-ac3b-4883-88b4-536f29c9e4c4,4ec7ce90-5337-4e23-8c5b-c507aa387cfa,Ruthie,2026-01-31 19:56:20.904872+00
b01ebcec-ac3b-4883-88b4-536f29c9e4c4,4f32bd36-94eb-46cb-90fc-86c18e9bce6c,Cornbread,2026-01-31 19:56:20.904872+00
b01ebcec-ac3b-4883-88b4-536f29c9e4c4,7a67b951-c26c-47c7-837b-27c2c3cdaf2d,Terry,2026-01-31 19:56:20.904872+00
b01ebcec-ac3b-4883-88b4-536f29c9e4c4,929862e6-d46f-40a2-839c-1fbdef71255f,Grace Chow,2026-01-31 19:56:20.904872+00
b01ebcec-ac3b-4883-88b4-536f29c9e4c4,9a892e1c-ae31-41e0-b5be-6581c41651a4,Jedidiah,2026-01-31 19:56:20.904872+00
b01ebcec-ac3b-4883-88b4-536f29c9e4c4,bdd50abe-8dc7-449e-a946-678a0b86f538,Teenager,2026-01-31 19:56:20.904872+00
b01ebcec-ac3b-4883-88b4-536f29c9e4c4,d32726f2-e754-485e-99b7-0242ed86607c,Annie,2026-01-31 19:56:20.904872+00
b01ebcec-ac3b-4883-88b4-536f29c9e4c4,d6d2804f-e845-4818-8bfd-bc781b8c93ad,Lisa Chow,2026-01-31 19:56:20.904872+00
b01ebcec-ac3b-4883-88b4-536f29c9e4c4,e512e0fc-e08d-4913-9879-f1ab202cd239,Joan,2026-01-31 19:56:20.904872+00
b01ebcec-ac3b-4883-88b4-536f29c9e4c4,e5959637-eda7-44fb-9c3a-b3f2f9ae9bf3,Bert,2026-01-31 19:56:20.904872+00
b01ebcec-ac3b-4883-88b4-536f29c9e4c4,f4f5b6b4-6a2e-412d-9bc5-6ae4cc6e90f4,Remmick,2026-01-31 19:56:20.904872+00
b01ebcec-ac3b-4883-88b4-536f29c9e4c4,f9449528-76d1-4993-9f7b-3121d5b539e0,Mary,2026-01-31 19:56:20.904872+00
b0dd5067-ebba-4053-aff8-1dfdcfd1d227,0275e2f5-ae67-44ea-8460-fc39975651c0,Toynbe,2026-01-25 23:22:47.478881+00
b0dd5067-ebba-4053-aff8-1dfdcfd1d227,0d023fcc-5712-4522-accb-c1970d7a6226,Sergeant Hill,2026-01-25 23:22:47.478881+00
b0dd5067-ebba-4053-aff8-1dfdcfd1d227,0d4f89bd-8346-4dba-a4ae-6ae50d3e9ad0,Steamboat Willie,2026-01-25 23:22:47.478881+00
b0dd5067-ebba-4053-aff8-1dfdcfd1d227,28d430b6-0b26-460f-9a16-c188b73a5cbf,T/4 Medic Wade,2026-01-25 23:22:47.478881+00
b0dd5067-ebba-4053-aff8-1dfdcfd1d227,2b884260-7331-403b-8164-2ca465b1f8c2,Weller,2026-01-25 23:22:47.478881+00
b0dd5067-ebba-4053-aff8-1dfdcfd1d227,3128952f-7fcd-4732-9cc7-d2b0f298a654,Private Jackson,2026-01-25 23:22:47.478881+00
b0dd5067-ebba-4053-aff8-1dfdcfd1d227,34167d2e-9c6d-4e93-824b-655170f0e692,Sergeant Horvath,2026-01-25 23:22:47.478881+00
b0dd5067-ebba-4053-aff8-1dfdcfd1d227,4d590eac-4b68-4330-a357-7c2097214f7b,Rice,2026-01-25 23:22:47.478881+00
b0dd5067-ebba-4053-aff8-1dfdcfd1d227,57dd5af5-b677-4025-acd8-f1263a1601a6,Private Ryan,2026-01-25 23:22:47.478881+00
b0dd5067-ebba-4053-aff8-1dfdcfd1d227,7acee7f3-ba09-4570-99ba-6a1896a7bc30,Garrity,2026-01-25 23:22:47.478881+00
b0dd5067-ebba-4053-aff8-1dfdcfd1d227,7d0d9c96-6544-4304-8b23-02587eeb4230,Captain Miller,2026-01-25 23:22:47.478881+00
b0dd5067-ebba-4053-aff8-1dfdcfd1d227,812ab661-b73c-427e-8d3a-94c90de2e447,Private Reiben,2026-01-25 23:22:47.478881+00
b0dd5067-ebba-4053-aff8-1dfdcfd1d227,9122c0dc-90e7-4985-8c98-7c4ac462a343,Trask,2026-01-25 23:22:47.478881+00
b0dd5067-ebba-4053-aff8-1dfdcfd1d227,ab7e3a90-884b-4652-8936-7fe5d47d0724,Private Mellish,2026-01-25 23:22:47.478881+00
b0dd5067-ebba-4053-aff8-1dfdcfd1d227,ae9b788a-4ae6-4de9-abd6-20c5ebf95155,Corporal Henderson,2026-01-25 23:22:47.478881+00
b0dd5067-ebba-4053-aff8-1dfdcfd1d227,b4402364-b85f-45db-8221-e1678d0fac80,Parker,2026-01-25 23:22:47.478881+00
b0dd5067-ebba-4053-aff8-1dfdcfd1d227,d6947916-76dc-42ed-8700-b40518f8c8b4,Lieutenant Colonel Anderson,2026-01-25 23:22:47.478881+00
b0dd5067-ebba-4053-aff8-1dfdcfd1d227,e880d204-f30a-4f7e-99a0-f8a0a9473512,Corporal Upham,2026-01-25 23:22:47.478881+00
b0dd5067-ebba-4053-aff8-1dfdcfd1d227,f1c9a851-3648-44ce-b88c-bb37024aefb9,Private Caparzo,2026-01-25 23:22:47.478881+00
b0dd5067-ebba-4053-aff8-1dfdcfd1d227,f8a5567b-6b4f-49bf-a898-870908e8e66d,Captain Hamill,2026-01-25 23:22:47.478881+00
b36ace1f-b0bb-4a58-9f59-c95e0be99217,09619f58-9a1f-45bc-9cf5-9eb273d309f9,Han Solo,2026-01-25 23:22:47.478881+00
b36ace1f-b0bb-4a58-9f59-c95e0be99217,0fbe2e15-7e1d-4d00-9db3-823aa6454599,Imperial Mudtrooper,2026-01-25 23:22:47.478881+00
b36ace1f-b0bb-4a58-9f59-c95e0be99217,1626a337-f501-4575-a160-b578fc42de72,Lady Proxima (voice),2026-01-25 23:22:47.478881+00
b36ace1f-b0bb-4a58-9f59-c95e0be99217,242d61b3-2228-4f47-b33c-8e621d41a96f,Imperial Recruitment Officer,2026-01-25 23:22:47.478881+00
b36ace1f-b0bb-4a58-9f59-c95e0be99217,44eb8129-b1b0-486d-a0a4-1e55121e23b6,L3-37,2026-01-25 23:22:47.478881+00
b36ace1f-b0bb-4a58-9f59-c95e0be99217,45699f7b-7788-4c83-ad81-542b2c90c87e,Tobias Beckett,2026-01-25 23:22:47.478881+00
b36ace1f-b0bb-4a58-9f59-c95e0be99217,52eb2c32-4c0b-49db-8a28-3f5af7c6fb7c,Korso,2026-01-25 23:22:47.478881+00
b36ace1f-b0bb-4a58-9f59-c95e0be99217,78989972-cff0-49ea-b07e-e68470facf85,Imperial Emigration Officer,2026-01-25 23:22:47.478881+00
b36ace1f-b0bb-4a58-9f59-c95e0be99217,8e61f566-2ff2-45e3-b0ed-e5e9233721e7,Qi'ra,2026-01-25 23:22:47.478881+00
b36ace1f-b0bb-4a58-9f59-c95e0be99217,a31af55b-49b8-4d14-b93f-53c905f27871,Imperial Mudtrooper,2026-01-25 23:22:47.478881+00
b36ace1f-b0bb-4a58-9f59-c95e0be99217,ad8db39b-a3d5-4267-a709-b2d794853d88,Rio Durant (voice),2026-01-25 23:22:47.478881+00
b36ace1f-b0bb-4a58-9f59-c95e0be99217,ba8807cf-c47d-4732-97af-a820bd90ae6f,Imperial Mudtrooper,2026-01-25 23:22:47.478881+00
b36ace1f-b0bb-4a58-9f59-c95e0be99217,c8c3620b-8a08-4e26-898e-cdbde48a48c6,Enfys Nest,2026-01-25 23:22:47.478881+00
b36ace1f-b0bb-4a58-9f59-c95e0be99217,dcc4b226-5b01-463b-83d1-82e8a51ff260,Rebolt,2026-01-25 23:22:47.478881+00
b36ace1f-b0bb-4a58-9f59-c95e0be99217,e1d05cf2-7891-435d-afb9-6cf87cd02a13,Dryden Vos,2026-01-25 23:22:47.478881+00
b36ace1f-b0bb-4a58-9f59-c95e0be99217,e4065d0e-f00c-476d-a8a1-8f8d5ff30333,Lando Calrissian,2026-01-25 23:22:47.478881+00
b36ace1f-b0bb-4a58-9f59-c95e0be99217,e5f2f802-37a5-4a12-af01-17df56b8b983,Val,2026-01-25 23:22:47.478881+00
b36ace1f-b0bb-4a58-9f59-c95e0be99217,edcfd352-95b6-422a-80bc-75bad3e7905c,Chewbacca,2026-01-25 23:22:47.478881+00
b36ace1f-b0bb-4a58-9f59-c95e0be99217,f7d8f094-f0a0-4147-b637-7f77707bb346,Mimban Lieutenant,2026-01-25 23:22:47.478881+00
b36ace1f-b0bb-4a58-9f59-c95e0be99217,fe8cb1a7-1815-4f6b-a6fd-209663b9fd41,Weazel,2026-01-25 23:22:47.478881+00
b52a7729-5f51-4298-8a07-441d3f6874dc,1a0dd7b4-838f-4380-b119-a83c7d7a83be,Pizza Man,2026-02-03 06:54:31.51219+00
b52a7729-5f51-4298-8a07-441d3f6874dc,243fd295-b970-4f6d-9649-406783607d85,Street Man,2026-02-03 06:54:31.51219+00
b52a7729-5f51-4298-8a07-441d3f6874dc,2ea71c15-6ce2-424e-8e81-c09c20b19fe3,Da-song,2026-02-03 06:54:31.51219+00
b52a7729-5f51-4298-8a07-441d3f6874dc,2fb0c226-a33f-4606-94d6-ae60206d6ce4,Drunk 2,2026-02-03 06:54:31.51219+00
b52a7729-5f51-4298-8a07-441d3f6874dc,3bf14bb6-da65-4a28-b28b-707d9a1dcdf5,Neighbor,2026-02-03 06:54:31.51219+00
b52a7729-5f51-4298-8a07-441d3f6874dc,705ce437-fb07-4b8f-b3fa-7db3a32c3da7,Chung-sook,2026-02-03 06:54:31.51219+00
b52a7729-5f51-4298-8a07-441d3f6874dc,72d05f5a-09e1-448d-afad-972cb7aa2969,Mart Cashier,2026-02-03 06:54:31.51219+00
b52a7729-5f51-4298-8a07-441d3f6874dc,890d47c9-1998-458f-98b7-3a12d6005cfe,Driver Yoon,2026-02-03 06:54:31.51219+00
b52a7729-5f51-4298-8a07-441d3f6874dc,8dc15b4e-3d9c-4a87-9663-4b9d9da25550,Moon-gwang,2026-02-03 06:54:31.51219+00
b52a7729-5f51-4298-8a07-441d3f6874dc,91f4c99e-5c14-4ec0-87e8-5af8ef446a58,Pizza Manager,2026-02-03 06:54:31.51219+00
b52a7729-5f51-4298-8a07-441d3f6874dc,94f90650-4dc5-4ea8-b3e4-d1a54f2194e4,Geun-se,2026-02-03 06:54:31.51219+00
b52a7729-5f51-4298-8a07-441d3f6874dc,979562a9-0ef9-43ac-a7bc-caee569a6f68,Yeon-kyo,2026-02-03 06:54:31.51219+00
b52a7729-5f51-4298-8a07-441d3f6874dc,998dd208-ecda-41fb-904e-304020126120,Park Dong-ik,2026-02-03 06:54:31.51219+00
b52a7729-5f51-4298-8a07-441d3f6874dc,9a5606a5-8d63-400c-8f90-a4555383728c,Drunk 1,2026-02-03 06:54:31.51219+00
b52a7729-5f51-4298-8a07-441d3f6874dc,9e081cf7-52ad-4d60-951d-2536dac3ba98,Ki-woo,2026-02-03 06:54:31.51219+00
b52a7729-5f51-4298-8a07-441d3f6874dc,9f605f90-4ba2-4f50-9229-c27f32fc3ad8,Da-hye,2026-02-03 06:54:31.51219+00
b52a7729-5f51-4298-8a07-441d3f6874dc,ab81d829-ba1b-401c-bcb2-803f2890e629,Kim Ki-taek,2026-02-03 06:54:31.51219+00
b52a7729-5f51-4298-8a07-441d3f6874dc,c82a877d-f712-4d59-874b-57e876f1a7e6,VR Specialist,2026-02-03 06:54:31.51219+00
b52a7729-5f51-4298-8a07-441d3f6874dc,e49e8151-14f4-4ab4-9653-d2bfce9a928b,Benz Dealer,2026-02-03 06:54:31.51219+00
b52a7729-5f51-4298-8a07-441d3f6874dc,f1c6bd8a-9ab1-481f-9723-1cf3d077e19f,Ki-jung,2026-02-03 06:54:31.51219+00
b5f231f8-3342-4bbb-83ce-2debe33e1115,0ee52678-1ce8-43d8-a573-5ed6dd6847f0,Lily,2026-01-25 23:22:47.478881+00
b5f231f8-3342-4bbb-83ce-2debe33e1115,13d224d4-292e-4a8c-a37b-3ef18c38e7a6,Lyckety-Splyt,2026-01-25 23:22:47.478881+00
b5f231f8-3342-4bbb-83ce-2debe33e1115,17f9717f-47aa-411a-ba6a-b5be4dbb16ef,Battle DJ,2026-01-25 23:22:47.478881+00
b5f231f8-3342-4bbb-83ce-2debe33e1115,1afc6fac-d08f-4e22-9d3f-6068419dd22f,Shorty Mike,2026-01-25 23:22:47.478881+00
b5f231f8-3342-4bbb-83ce-2debe33e1115,3f99f8b1-2d50-4c42-8a95-b2fca5530f98,Future,2026-01-25 23:22:47.478881+00
b5f231f8-3342-4bbb-83ce-2debe33e1115,43c73c67-7795-4bb0-851d-2943b31e0487,Stephanie,2026-01-25 23:22:47.478881+00
b5f231f8-3342-4bbb-83ce-2debe33e1115,492c88eb-c68e-4ede-a9e2-a7582a37a2f9,Wink,2026-01-25 23:22:47.478881+00
b5f231f8-3342-4bbb-83ce-2debe33e1115,4cd76272-9455-4bf8-b6ec-97bd081926f0,Lil'Tic,2026-01-25 23:22:47.478881+00
b5f231f8-3342-4bbb-83ce-2debe33e1115,4f32bd36-94eb-46cb-90fc-86c18e9bce6c,Sol George,2026-01-25 23:22:47.478881+00
b5f231f8-3342-4bbb-83ce-2debe33e1115,55645699-92ab-4ad7-b221-61e08b252169,Bouncer,2026-01-25 23:22:47.478881+00
b5f231f8-3342-4bbb-83ce-2debe33e1115,69fdeacf-ccd0-4171-9632-96061047ceea,Greg Buehl,2026-01-25 23:22:47.478881+00
b5f231f8-3342-4bbb-83ce-2debe33e1115,7b374210-102c-4c9c-986e-d29e5c169288,Mrs. Helgeland,2026-01-25 23:22:47.478881+00
b5f231f8-3342-4bbb-83ce-2debe33e1115,7c0553b4-a0bf-4dad-b55c-89999b102474,Lotto,2026-01-25 23:22:47.478881+00
b5f231f8-3342-4bbb-83ce-2debe33e1115,a592ead0-d274-4958-ab21-60c3d7f3ba5c,Alex,2026-01-25 23:22:47.478881+00
b5f231f8-3342-4bbb-83ce-2debe33e1115,a5fcd01e-e9ae-4bdb-ac53-82d3fced461e,Cheddar Bob,2026-01-25 23:22:47.478881+00
b5f231f8-3342-4bbb-83ce-2debe33e1115,a8316648-9c06-4e3a-82a6-17596a087ca0,Papa Doc's Girl,2026-01-25 23:22:47.478881+00
b5f231f8-3342-4bbb-83ce-2debe33e1115,b7e6937d-9e52-4b3e-908b-cbfc3b65d669,DJ IZ,2026-01-25 23:22:47.478881+00
b5f231f8-3342-4bbb-83ce-2debe33e1115,ce3d3ace-83b7-4b40-b778-64bd66948da0,Papa Doc,2026-01-25 23:22:47.478881+00
b5f231f8-3342-4bbb-83ce-2debe33e1115,d8eb238e-adc7-4732-93dc-4e4d67f2ee69,Janeane,2026-01-25 23:22:47.478881+00
b5f231f8-3342-4bbb-83ce-2debe33e1115,ddf464a7-dad4-4c56-81c3-c2851944e5a5,Jimmy,2026-01-25 23:22:47.478881+00
b680d130-30cf-4093-8602-9c09e062cf0b,03b9d170-e201-454f-8a6e-07fa9e27050a,"Zachary ""Zach"" Braun / Zack Attack",2026-01-25 23:22:47.478881+00
b680d130-30cf-4093-8602-9c09e062cf0b,0935555b-e181-403e-b2fa-8323deffd550,News Anchor,2026-01-25 23:22:47.478881+00
b680d130-30cf-4093-8602-9c09e062cf0b,0aabe4a4-313f-45a4-bf25-5ca921f87519,Layla Williams,2026-01-25 23:22:47.478881+00
b680d130-30cf-4093-8602-9c09e062cf0b,0ca7b923-4e54-4d4e-a1d8-354bd6c8c21b,Penny,2026-01-25 23:22:47.478881+00
b680d130-30cf-4093-8602-9c09e062cf0b,18b4f8e2-f880-491a-b071-4a4854bea1d8,Little Larry,2026-01-25 23:22:47.478881+00
b680d130-30cf-4093-8602-9c09e062cf0b,2231a605-98d9-4f9e-8633-072d0a154753,Carbon Copy Kid,2026-01-25 23:22:47.478881+00
b680d130-30cf-4093-8602-9c09e062cf0b,229fbd9f-7de3-4683-8142-b79b1554222f,Principal Powers,2026-01-25 23:22:47.478881+00
b680d130-30cf-4093-8602-9c09e062cf0b,31141ec2-5376-4307-893b-e44fb235a8ea,Nurse Spex,2026-01-25 23:22:47.478881+00
b680d130-30cf-4093-8602-9c09e062cf0b,39af54a3-43a4-4a29-a5b8-34ffbc5ca4e4,Steve Stronghold / The Commander,2026-01-25 23:22:47.478881+00
b680d130-30cf-4093-8602-9c09e062cf0b,3f6a6b13-7b9f-46f6-8e09-44763f2896ea,Gwen Grayson / Royal Pain,2026-01-25 23:22:47.478881+00
b680d130-30cf-4093-8602-9c09e062cf0b,41f92a1c-e68e-4fa4-9147-5adcfd8bc1c6,Speed,2026-01-25 23:22:47.478881+00
b680d130-30cf-4093-8602-9c09e062cf0b,4bea3512-9705-4290-a5b0-288d3a3c491f,Josie Stronghold / Jetstream,2026-01-25 23:22:47.478881+00
b680d130-30cf-4093-8602-9c09e062cf0b,4cf63631-503d-4c05-8012-279112ffecf1,Ethan,2026-01-25 23:22:47.478881+00
b680d130-30cf-4093-8602-9c09e062cf0b,4ebed938-ecfe-4060-95ef-7fc6bc9533bc,"Ron Wilson, Bus Driver",2026-01-25 23:22:47.478881+00
b680d130-30cf-4093-8602-9c09e062cf0b,549bb851-8153-42f0-a5fe-ef15772b1544,Will Stronghold,2026-01-25 23:22:47.478881+00
b680d130-30cf-4093-8602-9c09e062cf0b,6b9b8515-859f-47f0-b18f-7db7c754b47c,Magenta,2026-01-25 23:22:47.478881+00
b680d130-30cf-4093-8602-9c09e062cf0b,9891335c-4df6-480c-ab02-608de5b9dddc,Penny,2026-01-25 23:22:47.478881+00
b680d130-30cf-4093-8602-9c09e062cf0b,b4133284-db37-4f69-b26b-9636593bd00d,Coach Boomer,2026-01-25 23:22:47.478881+00
b680d130-30cf-4093-8602-9c09e062cf0b,b7708929-a8e7-4559-a636-6fea80ccc199,Lash,2026-01-25 23:22:47.478881+00
b680d130-30cf-4093-8602-9c09e062cf0b,d22db37a-161f-4caf-a820-82713dbb7978,Warren Peace,2026-01-25 23:22:47.478881+00
b7437cda-13b9-490d-86ec-740a317cbd6d,28dbea96-29bc-495b-b24e-b51d29e5eedd,Roger,2026-01-25 23:22:47.478881+00
b7437cda-13b9-490d-86ec-740a317cbd6d,2a8a3c7e-e34f-4087-804b-87e66853871c,Koto Endo,2026-01-25 23:22:47.478881+00
b7437cda-13b9-490d-86ec-740a317cbd6d,366a9ef6-1494-4143-b000-8bed41164aef,Lloyd,2026-01-25 23:22:47.478881+00
b7437cda-13b9-490d-86ec-740a317cbd6d,52f1f8f8-3c67-45ff-873b-b8e48eade869,Marty Mauser,2026-01-25 23:22:47.478881+00
b7437cda-13b9-490d-86ec-740a317cbd6d,58f740ec-4ba9-44d2-9aef-4b102a10e5a7,Christopher Galanis,2026-01-25 23:22:47.478881+00
b7437cda-13b9-490d-86ec-740a317cbd6d,62773d2a-eacb-4447-bbde-3c5862285a90,Glenn Nordmann,2026-01-25 23:22:47.478881+00
b7437cda-13b9-490d-86ec-740a317cbd6d,676fe794-a6ef-49b5-8ab9-c1a3c618ea72,Rachel Mizler,2026-01-25 23:22:47.478881+00
b7437cda-13b9-490d-86ec-740a317cbd6d,71a5f083-c533-4685-bc87-328ba8ae0dd3,Rebecca Mauser,2026-01-25 23:22:47.478881+00
b7437cda-13b9-490d-86ec-740a317cbd6d,7a8641b4-495f-4d93-ad7f-482f26658b27,Ezra Mishkin,2026-01-25 23:22:47.478881+00
b7437cda-13b9-490d-86ec-740a317cbd6d,89250974-ea66-453f-ba03-852c9256f180,Lawrence,2026-01-25 23:22:47.478881+00
b7437cda-13b9-490d-86ec-740a317cbd6d,900af371-0cff-4ebc-b03f-82fa5e4686b0,Judy,2026-01-25 23:22:47.478881+00
b7437cda-13b9-490d-86ec-740a317cbd6d,91e96cd9-fa00-43b7-a8de-a5cd9ba1d4fb,Wally,2026-01-25 23:22:47.478881+00
b7437cda-13b9-490d-86ec-740a317cbd6d,a11db7ce-dc7e-4f02-b0a6-d2fe5f913849,Dion Galanis,2026-01-25 23:22:47.478881+00
b7437cda-13b9-490d-86ec-740a317cbd6d,b13054a4-c8bd-4722-bee3-7796236142f1,Hoff,2026-01-25 23:22:47.478881+00
b7437cda-13b9-490d-86ec-740a317cbd6d,b81e88e4-bf8d-419b-8349-17056e38cef9,Béla Kletzki,2026-01-25 23:22:47.478881+00
b7437cda-13b9-490d-86ec-740a317cbd6d,ce853c19-d737-4cbe-9f81-492b2d91ab3d,Murray Norkin,2026-01-25 23:22:47.478881+00
b7437cda-13b9-490d-86ec-740a317cbd6d,d1ca6770-d331-4718-bd25-e38591d72d9f,Ram Sethi,2026-01-25 23:22:47.478881+00
b7437cda-13b9-490d-86ec-740a317cbd6d,d1f8659a-04f4-456b-a74f-5f689891cc52,Ira Mizler,2026-01-25 23:22:47.478881+00
b7437cda-13b9-490d-86ec-740a317cbd6d,dd52e8d8-9e3a-4f51-99c2-a36c0451cb84,Milton Rockwell,2026-01-25 23:22:47.478881+00
b7437cda-13b9-490d-86ec-740a317cbd6d,eb9b5818-f7b8-4049-84d0-13a635749228,Kay Stone,2026-01-25 23:22:47.478881+00
b9fb5ced-9710-4fbb-9e93-caf5c39a29b1,030c31d4-e367-4a5a-b9e6-dfcdf42e4526,Baby Diego,2026-01-25 23:22:47.478881+00
b9fb5ced-9710-4fbb-9e93-caf5c39a29b1,0da8cc44-d91d-4cda-83ea-2c15b9b8486a,Caged German Grandmother,2026-01-25 23:22:47.478881+00
b9fb5ced-9710-4fbb-9e93-caf5c39a29b1,16c9094b-20ef-4e17-9a4a-b4415d40b3b8,Mr. Griffiths,2026-01-25 23:22:47.478881+00
b9fb5ced-9710-4fbb-9e93-caf5c39a29b1,429c3abd-c515-42a2-9ce5-ecdb972c5aae,Miriam,2026-01-25 23:22:47.478881+00
b9fb5ced-9710-4fbb-9e93-caf5c39a29b1,44519904-d981-4408-a077-f64e2b10678b,Janice,2026-01-25 23:22:47.478881+00
b9fb5ced-9710-4fbb-9e93-caf5c39a29b1,4c2088b3-d859-4a62-a92b-fadb7faccc64,Theo Faron,2026-01-25 23:22:47.478881+00
b9fb5ced-9710-4fbb-9e93-caf5c39a29b1,63bfca57-f2cd-4344-9211-e5ead2aec316,Luke,2026-01-25 23:22:47.478881+00
b9fb5ced-9710-4fbb-9e93-caf5c39a29b1,6ab0fde9-5824-4104-a0d7-1e5b84f590b0,Shirley,2026-01-25 23:22:47.478881+00
b9fb5ced-9710-4fbb-9e93-caf5c39a29b1,7736bb14-8d98-4d25-87ed-403daeb38405,Zara,2026-01-25 23:22:47.478881+00
b9fb5ced-9710-4fbb-9e93-caf5c39a29b1,83936050-de65-49a0-8948-4d0abc90a5d4,Newsreader,2026-01-25 23:22:47.478881+00
b9fb5ced-9710-4fbb-9e93-caf5c39a29b1,8a002fcb-d5d0-4926-aad1-716cb2147080,Syd,2026-01-25 23:22:47.478881+00
b9fb5ced-9710-4fbb-9e93-caf5c39a29b1,99ff0c82-b6b9-483f-bda3-133f825ce54c,Patric,2026-01-25 23:22:47.478881+00
b9fb5ced-9710-4fbb-9e93-caf5c39a29b1,a3f67a09-bd87-4870-bb68-e15baa605d14,Jasper,2026-01-25 23:22:47.478881+00
b9fb5ced-9710-4fbb-9e93-caf5c39a29b1,acc2dc83-c4ff-4c56-a7e8-b4f7ee3ba235,Julian,2026-01-25 23:22:47.478881+00
b9fb5ced-9710-4fbb-9e93-caf5c39a29b1,af423f7d-41fa-48cf-9cc7-8bad7b703e8f,Ian,2026-01-25 23:22:47.478881+00
b9fb5ced-9710-4fbb-9e93-caf5c39a29b1,b7f464d5-d439-4a35-b870-667247eba477,Marichka,2026-01-25 23:22:47.478881+00
b9fb5ced-9710-4fbb-9e93-caf5c39a29b1,c141ee29-8922-4c6e-b5fb-48a3036beeb4,Tomasz,2026-01-25 23:22:47.478881+00
b9fb5ced-9710-4fbb-9e93-caf5c39a29b1,c5a4a97b-7d04-4cf3-969b-b3f60855f31e,Kee,2026-01-25 23:22:47.478881+00
b9fb5ced-9710-4fbb-9e93-caf5c39a29b1,de4f6aff-ea35-4560-b500-531e16f1bca6,Nigel,2026-01-25 23:22:47.478881+00
b9fb5ced-9710-4fbb-9e93-caf5c39a29b1,f1e008b4-e7b0-4621-b5bf-32554605187d,Newsreader,2026-01-25 23:22:47.478881+00
bade7a1a-7a46-4ee3-b165-2583b387d47f,11b1b7d0-baf4-4d0c-8f09-eead5712da30,Signal Hill Married Man,2026-02-13 05:51:25.013683+00
bade7a1a-7a46-4ee3-b165-2583b387d47f,3d50ef1e-33af-4ebb-ba5a-abec982cd28c,H.W. Plainview,2026-02-13 05:51:25.013683+00
bade7a1a-7a46-4ee3-b165-2583b387d47f,3ec0b04b-114f-4b64-be12-09c12eb04528,Henry,2026-02-13 05:51:25.013683+00
bade7a1a-7a46-4ee3-b165-2583b387d47f,415f5ca3-00c3-4d56-8ecb-4036622d7331,Paul Sunday / Eli Sunday,2026-02-13 05:51:25.013683+00
bade7a1a-7a46-4ee3-b165-2583b387d47f,57abdd61-881a-4fee-80d7-a6e973591e14,Abel Sunday,2026-02-13 05:51:25.013683+00
bade7a1a-7a46-4ee3-b165-2583b387d47f,597cf5b2-7cfd-422f-b959-cbac8cea44f5,Signal Hill Woman,2026-02-13 05:51:25.013683+00
bade7a1a-7a46-4ee3-b165-2583b387d47f,5fc727a7-f0b4-4f45-95ae-326641f534ff,Mr. Bankside,2026-02-13 05:51:25.013683+00
bade7a1a-7a46-4ee3-b165-2583b387d47f,6da92343-9c25-4b32-b7e7-a073b63c9242,Elizabeth,2026-02-13 05:51:25.013683+00
bade7a1a-7a46-4ee3-b165-2583b387d47f,75a3c042-ccf5-4779-b83d-8f14f85e6f2b,Mary Sunday (young),2026-02-13 05:51:25.013683+00
bade7a1a-7a46-4ee3-b165-2583b387d47f,828262dd-714f-4508-bb0b-f75385a4f153,J.J. Carter,2026-02-13 05:51:25.013683+00
bade7a1a-7a46-4ee3-b165-2583b387d47f,8533ba03-19d9-4ae7-88e2-d5e70d217ef5,Mr. Bandy,2026-02-13 05:51:25.013683+00
bade7a1a-7a46-4ee3-b165-2583b387d47f,a7603571-5442-48e3-8a4f-17e20d539596,Mary Sunday,2026-02-13 05:51:25.013683+00
bade7a1a-7a46-4ee3-b165-2583b387d47f,b2198f14-3267-4a95-9587-ec75b2cdd075,Signal Hill Man,2026-02-13 05:51:25.013683+00
bade7a1a-7a46-4ee3-b165-2583b387d47f,cc764da9-f7c8-4b83-89ea-f123c67f5f90,Mrs. Bankside,2026-02-13 05:51:25.013683+00
bade7a1a-7a46-4ee3-b165-2583b387d47f,d4611559-47e0-4aed-9793-18c6945ecb66,H.M. Tilford,2026-02-13 05:51:25.013683+00
bade7a1a-7a46-4ee3-b165-2583b387d47f,d8162829-744a-487d-8a24-6a55a580346b,H. B. Ailman,2026-02-13 05:51:25.013683+00
bade7a1a-7a46-4ee3-b165-2583b387d47f,dad10e4c-8f08-40e4-8642-1522af921ef8,Daniel Plainview,2026-02-13 05:51:25.013683+00
bade7a1a-7a46-4ee3-b165-2583b387d47f,e3cb772d-8512-43a6-a1a6-d1783252e1ff,Fletcher Hamilton,2026-02-13 05:51:25.013683+00
bade7a1a-7a46-4ee3-b165-2583b387d47f,eb54aceb-7afb-4e62-85b0-d11bb94cf6e9,Prescott,2026-02-13 05:51:25.013683+00
bade7a1a-7a46-4ee3-b165-2583b387d47f,eef3af8c-fc98-4a37-9bb1-91fe5c452d86,Al Rose,2026-02-13 05:51:25.013683+00
bb9fc7e6-8de4-46ed-809c-2f1b65759435,0a7c0747-feb8-491c-9be7-e04f51a38068,Dain Ironfoot,2026-01-25 23:22:47.478881+00
bb9fc7e6-8de4-46ed-809c-2f1b65759435,3fc891ba-dd19-40e3-89a9-80e9b0846aa4,Bilbo Baggins,2026-01-25 23:22:47.478881+00
bb9fc7e6-8de4-46ed-809c-2f1b65759435,5f59dd58-778d-407d-8fbd-c6d7e1be7792,Old Bilbo Baggins,2026-01-25 23:22:47.478881+00
bb9fc7e6-8de4-46ed-809c-2f1b65759435,6c0cd2c9-63b8-4f67-9347-4c9ceb2f678c,Alfrid,2026-01-25 23:22:47.478881+00
bb9fc7e6-8de4-46ed-809c-2f1b65759435,7a2e0ffd-3e34-4d67-a400-c1e8cfd6e8dc,Legolas,2026-01-25 23:22:47.478881+00
bb9fc7e6-8de4-46ed-809c-2f1b65759435,8a65e4ee-efe8-4024-949b-afee37081be8,Gandalf the Grey,2026-01-25 23:22:47.478881+00
bb9fc7e6-8de4-46ed-809c-2f1b65759435,90b6662a-c3f8-4917-be06-eab1d4e04ef4,Balin,2026-01-25 23:22:47.478881+00
bb9fc7e6-8de4-46ed-809c-2f1b65759435,930bd50e-ed1e-4c23-abc3-412e39fb24f0,Tauriel,2026-01-25 23:22:47.478881+00
bb9fc7e6-8de4-46ed-809c-2f1b65759435,985e5493-4cc8-4b2f-b593-fd0f0d029dbe,Kili,2026-01-25 23:22:47.478881+00
bb9fc7e6-8de4-46ed-809c-2f1b65759435,a5ef8a96-9882-441d-b42d-8a8bd646e9d4,Smaug / Sauron (voice),2026-01-25 23:22:47.478881+00
bb9fc7e6-8de4-46ed-809c-2f1b65759435,b9dbd52b-ec17-48bc-a7f0-b4760dd8f6ac,King Thranduil,2026-01-25 23:22:47.478881+00
bb9fc7e6-8de4-46ed-809c-2f1b65759435,c1e6f7dd-e1a8-4fa4-bb79-993bcc82e1b9,Elrond,2026-01-25 23:22:47.478881+00
bb9fc7e6-8de4-46ed-809c-2f1b65759435,c4503cf9-e488-4053-ac15-3fe108b1af14,Master of Laketown,2026-01-25 23:22:47.478881+00
bb9fc7e6-8de4-46ed-809c-2f1b65759435,d25c3813-336c-4c9e-9a85-91c8bbf9fd7b,Saruman the White,2026-01-25 23:22:47.478881+00
bb9fc7e6-8de4-46ed-809c-2f1b65759435,d6a0c084-ad02-41e8-8c5e-8363009be8b0,Thorin Oakenshield,2026-01-25 23:22:47.478881+00
bb9fc7e6-8de4-46ed-809c-2f1b65759435,e1061c5b-3e84-4902-b1e3-32b00e9d69d2,Dwalin,2026-01-25 23:22:47.478881+00
bb9fc7e6-8de4-46ed-809c-2f1b65759435,e678f1d4-98ec-4c24-a617-ff3192d7d118,Bard,2026-01-25 23:22:47.478881+00
bb9fc7e6-8de4-46ed-809c-2f1b65759435,e8884495-dcc9-428f-bc19-d6a496fe29db,Fili,2026-01-25 23:22:47.478881+00
bb9fc7e6-8de4-46ed-809c-2f1b65759435,e970be33-901b-436d-8417-5379757a9fb1,Galadriel,2026-01-25 23:22:47.478881+00
bb9fc7e6-8de4-46ed-809c-2f1b65759435,f8308bd4-3673-4f97-a2ce-4bf291d4d221,Bofur,2026-01-25 23:22:47.478881+00
bc2d6131-35e2-437d-8a95-b4abc41e8b79,01374f6a-7524-4cd9-92ec-5824035ee6d8,Clark Kent (9 Years),2026-01-25 23:22:47.478881+00
bc2d6131-35e2-437d-8a95-b4abc41e8b79,29fdcb7a-e8f0-4ccd-91a0-69b31b5c99f8,Dr. Emil Hamilton,2026-01-25 23:22:47.478881+00
bc2d6131-35e2-437d-8a95-b4abc41e8b79,3bff71fd-79b6-425f-b247-9c9db801edd3,Car-Vex,2026-01-25 23:22:47.478881+00
bc2d6131-35e2-437d-8a95-b4abc41e8b79,6548e251-da2b-4641-b40e-0a14372e8fcd,Jonathan Kent,2026-01-25 23:22:47.478881+00
bc2d6131-35e2-437d-8a95-b4abc41e8b79,69fdeacf-ccd0-4171-9632-96061047ceea,General Zod,2026-01-25 23:22:47.478881+00
bc2d6131-35e2-437d-8a95-b4abc41e8b79,7ba22ca7-b23c-43c5-a9a7-cf5ca6bea16b,Lana Lang,2026-01-25 23:22:47.478881+00
bc2d6131-35e2-437d-8a95-b4abc41e8b79,8ed47334-b948-4899-a848-2707a9acb55a,Jax-Ur,2026-01-25 23:22:47.478881+00
bc2d6131-35e2-437d-8a95-b4abc41e8b79,9a674901-9339-41dc-85c3-16a640c5c52b,Colonel Nathan Hardy,2026-01-25 23:22:47.478881+00
bc2d6131-35e2-437d-8a95-b4abc41e8b79,a4bf453c-bedb-4995-806b-72b7028429f8,Clark Kent / Superman / Kal-El,2026-01-25 23:22:47.478881+00
bc2d6131-35e2-437d-8a95-b4abc41e8b79,aa05e683-054c-434b-95bd-5cc40f7e5edc,Perry White,2026-01-25 23:22:47.478881+00
bc2d6131-35e2-437d-8a95-b4abc41e8b79,bca41a06-9949-4c09-ace3-5f0387d97d7c,Faora-Ul,2026-01-25 23:22:47.478881+00
bc2d6131-35e2-437d-8a95-b4abc41e8b79,c2371cba-a872-4c3e-b8ad-1d5c84d411b0,Clark Kent at 13,2026-01-25 23:22:47.478881+00
bc2d6131-35e2-437d-8a95-b4abc41e8b79,c32ca5fa-72a3-4158-a0e0-535ccf0a5a62,Ro-Zar,2026-01-25 23:22:47.478881+00
bc2d6131-35e2-437d-8a95-b4abc41e8b79,ca0695eb-340e-4ccd-b8a6-286674603150,Martha Kent,2026-01-25 23:22:47.478881+00
bc2d6131-35e2-437d-8a95-b4abc41e8b79,daf2a080-5036-4e7b-9e8c-43a6e4b83ffe,Lor-Em,2026-01-25 23:22:47.478881+00
bc2d6131-35e2-437d-8a95-b4abc41e8b79,e56614dc-f0de-4cde-b15c-9a0407312f7f,Lois Lane,2026-01-25 23:22:47.478881+00
bc2d6131-35e2-437d-8a95-b4abc41e8b79,ea74ffbd-7b31-456e-a800-f57368bbbf4a,Tor-An,2026-01-25 23:22:47.478881+00
bc2d6131-35e2-437d-8a95-b4abc41e8b79,f279a0aa-9d4f-4776-b3f7-ed9058ecdd99,General Calvin Swanwick,2026-01-25 23:22:47.478881+00
bc2d6131-35e2-437d-8a95-b4abc41e8b79,f6f48f01-769f-4e48-acb7-2b488120bff2,Lara Lor-Van,2026-01-25 23:22:47.478881+00
bc2d6131-35e2-437d-8a95-b4abc41e8b79,f824b0cd-5676-4fb6-8e47-a95dcc565fc6,Jor-El,2026-01-25 23:22:47.478881+00
bc7051c3-24ff-4c01-870e-1268903fbcb3,08cfb854-624d-4e43-921b-8893d788477e,Elizabeth Swann,2026-02-03 06:33:34.907224+00
bc7051c3-24ff-4c01-870e-1268903fbcb3,15210914-4745-43ad-ad96-b267e24532e3,Mullroy,2026-02-03 06:33:34.907224+00
bc7051c3-24ff-4c01-870e-1268903fbcb3,36b41104-c648-4472-bc3a-01c080d5d29d,Lt. Gillette,2026-02-03 06:33:34.907224+00
bc7051c3-24ff-4c01-870e-1268903fbcb3,404d22ee-a5ba-49bd-91fe-893b0f6038b5,Estrella,2026-02-03 06:33:34.907224+00
bc7051c3-24ff-4c01-870e-1268903fbcb3,61440dd0-9766-421e-8e44-c58ade75a5f9,Cotton,2026-02-03 06:33:34.907224+00
bc7051c3-24ff-4c01-870e-1268903fbcb3,66b31526-4b35-4da3-a558-ca52db8ca075,Bo'sun,2026-02-03 06:33:34.907224+00
bc7051c3-24ff-4c01-870e-1268903fbcb3,6f8d2c73-5cf3-437d-bf90-1e4ec469c82c,Joshamee Gibbs,2026-02-03 06:33:34.907224+00
bc7051c3-24ff-4c01-870e-1268903fbcb3,7a2e0ffd-3e34-4d67-a400-c1e8cfd6e8dc,Will Turner,2026-02-03 06:33:34.907224+00
bc7051c3-24ff-4c01-870e-1268903fbcb3,7a68bf91-9282-4089-84a8-7c62fa22b894,Mr. Brown,2026-02-03 06:33:34.907224+00
bc7051c3-24ff-4c01-870e-1268903fbcb3,7c544070-5846-4ef3-86e3-8d0d93b9c257,Jack Sparrow,2026-02-03 06:33:34.907224+00
bc7051c3-24ff-4c01-870e-1268903fbcb3,847691dd-8615-4afd-9886-5e53a2e1f42b,Pintel,2026-02-03 06:33:34.907224+00
bc7051c3-24ff-4c01-870e-1268903fbcb3,9528cd98-b1ce-41dd-8818-b03a960f3707,Twigg,2026-02-03 06:33:34.907224+00
bc7051c3-24ff-4c01-870e-1268903fbcb3,a2525052-a9ac-428e-a9e6-9d11a3f1030b,Harbormaster,2026-02-03 06:33:34.907224+00
bc7051c3-24ff-4c01-870e-1268903fbcb3,a2f54d9a-55de-429e-bc49-8784d96a0296,Murtogg,2026-02-03 06:33:34.907224+00
bc7051c3-24ff-4c01-870e-1268903fbcb3,a9c00127-6572-4e36-83ce-f64ceb603655,Anamaria,2026-02-03 06:33:34.907224+00
bc7051c3-24ff-4c01-870e-1268903fbcb3,ae9fc57e-7053-4ba4-89c7-9d57c21ba7a2,Governor Weatherby Swann,2026-02-03 06:33:34.907224+00
bc7051c3-24ff-4c01-870e-1268903fbcb3,d83ce832-780f-45ea-bfc6-b014a7277325,Norrington,2026-02-03 06:33:34.907224+00
bc7051c3-24ff-4c01-870e-1268903fbcb3,d8e719ea-e16c-4b0c-b09b-5f573bb6145c,Ragetti,2026-02-03 06:33:34.907224+00
bc7051c3-24ff-4c01-870e-1268903fbcb3,ee41a10d-c843-4e99-95e6-6d5fb12fc256,Barbossa,2026-02-03 06:33:34.907224+00
bc7051c3-24ff-4c01-870e-1268903fbcb3,f848c2b1-0503-461a-91cb-547b31b8d6d9,Koehler,2026-02-03 06:33:34.907224+00
bc76b58b-325f-43ea-ba7a-2e95374c8c1b,01b5d4d3-0177-459e-ad6d-71b95eed738a,Psycho-Stick,2026-01-25 23:22:47.478881+00
bc76b58b-325f-43ea-ba7a-2e95374c8c1b,10f7997f-dda0-4f4d-a8a2-0602a294126d,'15',2026-01-25 23:22:47.478881+00
bc76b58b-325f-43ea-ba7a-2e95374c8c1b,20ae2f47-e938-4bb5-8d8c-694ba118bc30,Passion for Slashin,2026-01-25 23:22:47.478881+00
bc76b58b-325f-43ea-ba7a-2e95374c8c1b,34167d2e-9c6d-4e93-824b-655170f0e692,DEA Agent Deets,2026-01-25 23:22:47.478881+00
bc76b58b-325f-43ea-ba7a-2e95374c8c1b,54e8f793-6c97-4069-abfe-7474ae7ad185,Nathanial,2026-01-25 23:22:47.478881+00
bc76b58b-325f-43ea-ba7a-2e95374c8c1b,67161d87-145f-4b2b-9aca-3dd7cdfd8242,Warchild,2026-01-25 23:22:47.478881+00
bc76b58b-325f-43ea-ba7a-2e95374c8c1b,6b85d1f1-321f-4f1c-b37b-35dba538b390,Tone,2026-01-25 23:22:47.478881+00
bc76b58b-325f-43ea-ba7a-2e95374c8c1b,7392415c-c5c4-4810-aef7-5b35c27d4a57,SAIC Ben Harp,2026-01-25 23:22:47.478881+00
bc76b58b-325f-43ea-ba7a-2e95374c8c1b,73fd4be1-0728-4236-b18b-7bd189787245,Agent Alvarez,2026-01-25 23:22:47.478881+00
bc76b58b-325f-43ea-ba7a-2e95374c8c1b,7572e8ee-36e5-4591-a182-995eeb43ad16,Archbold,2026-01-25 23:22:47.478881+00
bc76b58b-325f-43ea-ba7a-2e95374c8c1b,7c711310-3cb6-4ad1-9b56-e1046c5d1b9a,Agent Angelo Pappas,2026-01-25 23:22:47.478881+00
bc76b58b-325f-43ea-ba7a-2e95374c8c1b,9744b54f-bb22-44be-80ea-265866434c12,Grommet,2026-01-25 23:22:47.478881+00
bc76b58b-325f-43ea-ba7a-2e95374c8c1b,985d8d67-98b1-410c-a154-1bbdc4c52c2e,Miss Deer,2026-01-25 23:22:47.478881+00
bc76b58b-325f-43ea-ba7a-2e95374c8c1b,ace2d82f-0228-4503-bd57-63860ccf5af5,Agent Johnny Utah,2026-01-25 23:22:47.478881+00
bc76b58b-325f-43ea-ba7a-2e95374c8c1b,aed6509e-9f95-4dcc-a7c5-f50ff9db5a96,Tyler Endicott,2026-01-25 23:22:47.478881+00
bc76b58b-325f-43ea-ba7a-2e95374c8c1b,b3c61948-b559-449d-a3d3-1cdc55ff23e2,Roach,2026-01-25 23:22:47.478881+00
bc76b58b-325f-43ea-ba7a-2e95374c8c1b,c7371655-3f16-4641-b65e-6580dad4bd94,Rosie,2026-01-25 23:22:47.478881+00
bc76b58b-325f-43ea-ba7a-2e95374c8c1b,cb64d603-69ad-4b6f-9c03-97c918128168,Agent Babbit,2026-01-25 23:22:47.478881+00
bc76b58b-325f-43ea-ba7a-2e95374c8c1b,d35cc11f-7088-4cf9-a93f-c1badb70f9eb,Bunker,2026-01-25 23:22:47.478881+00
bc76b58b-325f-43ea-ba7a-2e95374c8c1b,e7d226f1-8d75-4ef4-8dba-d4103c550f5a,Bodhi / Mask President,2026-01-25 23:22:47.478881+00
bf29a200-b18f-4887-8950-3dfe357f3ed3,03803d8f-a39f-42a2-bfc6-8c249f8d428c,Deputy National Security Advisor,2026-01-25 23:22:47.478881+00
bf29a200-b18f-4887-8950-3dfe357f3ed3,08df5f7d-5c82-40d4-aff7-9801257151f0,Joseph Bradley,2026-01-25 23:22:47.478881+00
bf29a200-b18f-4887-8950-3dfe357f3ed3,0f2ef428-f131-4874-af78-1051de15af46,Ammar,2026-01-25 23:22:47.478881+00
bf29a200-b18f-4887-8950-3dfe357f3ed3,14476c79-f704-4585-9c64-fc1f7b3514ca,Larry from Ground Branch,2026-01-25 23:22:47.478881+00
bf29a200-b18f-4887-8950-3dfe357f3ed3,2d2bb18e-790a-41ae-a9e4-1b1fed011a0f,Jessica,2026-01-25 23:22:47.478881+00
bf29a200-b18f-4887-8950-3dfe357f3ed3,3b8d0303-b7bd-41b0-9ad8-9182787c0f2f,National Security Advisor,2026-01-25 23:22:47.478881+00
bf29a200-b18f-4887-8950-3dfe357f3ed3,765f49ed-0f13-4269-abb4-a438a9dc4cec,Jeremy,2026-01-25 23:22:47.478881+00
bf29a200-b18f-4887-8950-3dfe357f3ed3,77466556-d807-4b8f-a372-bcc9674c8a1d,Steve,2026-01-25 23:22:47.478881+00
bf29a200-b18f-4887-8950-3dfe357f3ed3,7b63cf43-b412-4cca-857c-91bd8734a275,George,2026-01-25 23:22:47.478881+00
bf29a200-b18f-4887-8950-3dfe357f3ed3,7d4810de-a44a-4c5b-91d6-913776fdd9f5,Assistant to National Security Advisor,2026-01-25 23:22:47.478881+00
bf29a200-b18f-4887-8950-3dfe357f3ed3,8151957c-c800-4fba-9bb9-278595ede986,Jack,2026-01-25 23:22:47.478881+00
bf29a200-b18f-4887-8950-3dfe357f3ed3,8bd0d152-aba6-495c-96cd-b396a1b28dc3,Dan,2026-01-25 23:22:47.478881+00
bf29a200-b18f-4887-8950-3dfe357f3ed3,9baef9ed-6d62-4b81-ae15-83517a10ce01,Maya,2026-01-25 23:22:47.478881+00
bf29a200-b18f-4887-8950-3dfe357f3ed3,a528b39e-0678-4563-b816-5465fd121937,Patrick - Squadron Team Leader,2026-01-25 23:22:47.478881+00
bf29a200-b18f-4887-8950-3dfe357f3ed3,aef64662-9da2-491a-aa05-c66de54acc04,C.I.A. Director,2026-01-25 23:22:47.478881+00
bf29a200-b18f-4887-8950-3dfe357f3ed3,b6897345-a274-471d-b110-27c08611979c,J.J.,2026-01-25 23:22:47.478881+00
bf29a200-b18f-4887-8950-3dfe357f3ed3,caae1a07-c943-4c21-976a-8330cf5572da,Justin - DEVGRU,2026-01-25 23:22:47.478881+00
bf29a200-b18f-4887-8950-3dfe357f3ed3,ce6fe876-6289-4b46-ae41-7b72ef7b0693,Thomas,2026-01-25 23:22:47.478881+00
bf29a200-b18f-4887-8950-3dfe357f3ed3,f1bbb980-ce4c-4ddf-bbf3-361677139944,John,2026-01-25 23:22:47.478881+00
bf29a200-b18f-4887-8950-3dfe357f3ed3,fd00a76d-0e3e-450f-ad83-feaa3d7fd9e4,Osama Bin Laden,2026-01-25 23:22:47.478881+00
bf8996e7-5317-4d96-b69c-0b8bc350a941,0bd37909-bc10-4837-9cea-bc3d22696ec4,Bogs Diamond,2026-01-28 04:23:04.570794+00
bf8996e7-5317-4d96-b69c-0b8bc350a941,0d65e3d4-86ed-4233-a4e1-5443a049c12b,Ernie,2026-01-28 04:23:04.570794+00
bf8996e7-5317-4d96-b69c-0b8bc350a941,11d12606-fc26-4b22-8c83-be1701b85389,Glenn Quentin,2026-01-28 04:23:04.570794+00
bf8996e7-5317-4d96-b69c-0b8bc350a941,1586ee47-f6fe-40a0-a835-8d9445b9fdff,Snooze,2026-01-28 04:23:04.570794+00
bf8996e7-5317-4d96-b69c-0b8bc350a941,23a21336-f305-4827-b1f5-1ee174ba5ce1,1946 Judge,2026-01-28 04:23:04.570794+00
bf8996e7-5317-4d96-b69c-0b8bc350a941,2ad14183-e427-473a-918b-98d6d4f20d9f,Ellis Boyd 'Red' Redding,2026-01-28 04:23:04.570794+00
bf8996e7-5317-4d96-b69c-0b8bc350a941,38dc50e4-f31e-4d4c-bef9-5f3f272c0a7d,Jigger,2026-01-28 04:23:04.570794+00
bf8996e7-5317-4d96-b69c-0b8bc350a941,40ff6343-7517-4ab8-9949-8695628b0e58,Warden Norton,2026-01-28 04:23:04.570794+00
bf8996e7-5317-4d96-b69c-0b8bc350a941,42aadfaf-c96a-478f-b817-8f18038613f3,Captain Byron T. Hadley,2026-01-28 04:23:04.570794+00
bf8996e7-5317-4d96-b69c-0b8bc350a941,4b9c8f6e-ddd8-48b5-90ba-3e32f25b7b00,Tommy,2026-01-28 04:23:04.570794+00
bf8996e7-5317-4d96-b69c-0b8bc350a941,4c289510-bd56-493e-8cc0-f9e969f2f62d,1946 D.A.,2026-01-28 04:23:04.570794+00
bf8996e7-5317-4d96-b69c-0b8bc350a941,60edf8bf-5ea0-49f2-8dab-820129cf29e9,Guard Mert,2026-01-28 04:23:04.570794+00
bf8996e7-5317-4d96-b69c-0b8bc350a941,6842e761-eeac-43bc-a5b6-c4dc12d5cb3f,1947 Parole Hearings Man,2026-01-28 04:23:04.570794+00
bf8996e7-5317-4d96-b69c-0b8bc350a941,6d068fe9-efda-4840-a6c4-77e914b2fe21,Skeet,2026-01-28 04:23:04.570794+00
bf8996e7-5317-4d96-b69c-0b8bc350a941,7c9143de-e828-4dbb-9394-ffe28d0edeed,Guard Trout,2026-01-28 04:23:04.570794+00
bf8996e7-5317-4d96-b69c-0b8bc350a941,87efce73-7acd-4109-b62d-f6288e5b0151,Heywood,2026-01-28 04:23:04.570794+00
bf8996e7-5317-4d96-b69c-0b8bc350a941,94d8b63f-9880-4730-a519-7ee0c861a3bd,Andy Dufresne's Wife,2026-01-28 04:23:04.570794+00
bf8996e7-5317-4d96-b69c-0b8bc350a941,9ccdd0cf-f4d8-4232-b540-92efd7e0dc05,Floyd,2026-01-28 04:23:04.570794+00
bf8996e7-5317-4d96-b69c-0b8bc350a941,a0e51d31-8675-4ae7-99ef-eef6f7723d80,Brooks Hatlen,2026-01-28 04:23:04.570794+00
bf8996e7-5317-4d96-b69c-0b8bc350a941,dec66586-208f-4a1a-b5a1-f4bfdf4810db,Andy Dufresne,2026-01-28 04:23:04.570794+00
c07ff27d-f83f-489a-a863-d9355d9ee773,0d03a9fd-4cf7-4126-877f-6da02c8ad23c,Santiago Moncada,2026-01-25 23:22:47.478881+00
c07ff27d-f83f-489a-a863-d9355d9ee773,1838cc89-57d9-467d-b99d-32a350f0e4f6,Chloe Frazer,2026-01-25 23:22:47.478881+00
c07ff27d-f83f-489a-a863-d9355d9ee773,1a229161-9e8d-4894-bc41-36bad89cc0e8,Sister Bernadette,2026-01-25 23:22:47.478881+00
c07ff27d-f83f-489a-a863-d9355d9ee773,1da86e4c-5d8f-4e8a-9dfe-d748143269f8,Luxury Sedan Driver,2026-01-25 23:22:47.478881+00
c07ff27d-f83f-489a-a863-d9355d9ee773,287d8239-4dd6-46b1-85fb-18f5b65a3f38,Hugo,2026-01-25 23:22:47.478881+00
c07ff27d-f83f-489a-a863-d9355d9ee773,3292fb87-3931-414f-aa0a-d10a92f80122,Carlos,2026-01-25 23:22:47.478881+00
c07ff27d-f83f-489a-a863-d9355d9ee773,561b38a6-24fb-46ea-a882-ba5213deae1a,Jo Braddock,2026-01-25 23:22:47.478881+00
c07ff27d-f83f-489a-a863-d9355d9ee773,56333fa4-dd71-4a93-935c-204c8bc49520,Auctioneer,2026-01-25 23:22:47.478881+00
c07ff27d-f83f-489a-a863-d9355d9ee773,5f2c75d0-72ec-4170-88d3-39de71034bd4,Police Officer,2026-01-25 23:22:47.478881+00
c07ff27d-f83f-489a-a863-d9355d9ee773,78ce97d2-538e-425a-855b-2fe5fcebadc7,Security Guard,2026-01-25 23:22:47.478881+00
c07ff27d-f83f-489a-a863-d9355d9ee773,7d4af4fd-9841-4092-aba6-d6a636df02fb,Guard at Auction,2026-01-25 23:22:47.478881+00
c07ff27d-f83f-489a-a863-d9355d9ee773,7ef8818b-2220-49cf-af58-919018a0d238,Young Nate,2026-01-25 23:22:47.478881+00
c07ff27d-f83f-489a-a863-d9355d9ee773,82bc6a8f-5491-41d7-9590-cc1c099b2b6a,Nathan Drake,2026-01-25 23:22:47.478881+00
c07ff27d-f83f-489a-a863-d9355d9ee773,96ecda5e-6061-4207-8474-7e6269abe072,Guard at Museum,2026-01-25 23:22:47.478881+00
c07ff27d-f83f-489a-a863-d9355d9ee773,a75e555a-b18a-439e-ba1e-8df17c21abac,Zoe,2026-01-25 23:22:47.478881+00
c07ff27d-f83f-489a-a863-d9355d9ee773,a9c236bf-f070-4fc9-b93a-792aa4577b97,Goldie,2026-01-25 23:22:47.478881+00
c07ff27d-f83f-489a-a863-d9355d9ee773,b1ca0a2f-8f22-4edc-8f34-8ee53c698486,Victor 'Sully' Sullivan,2026-01-25 23:22:47.478881+00
c07ff27d-f83f-489a-a863-d9355d9ee773,bf9c8f05-9e1b-404c-8a53-de79e305b468,Young Sam,2026-01-25 23:22:47.478881+00
c07ff27d-f83f-489a-a863-d9355d9ee773,d394ab40-4a52-4714-bbcb-a87e475ba212,The Scotsman,2026-01-25 23:22:47.478881+00
c07ff27d-f83f-489a-a863-d9355d9ee773,e1fa29f1-0713-45ce-b710-b320f18036d0,Unsuspecting Doorman,2026-01-25 23:22:47.478881+00
c1fc271b-9cf6-403f-8c3a-ee324f336e71,02cb3855-19ec-44bd-97dd-1c18f5962e41,Franklin Webb,2026-01-25 23:22:47.478881+00
c1fc271b-9cf6-403f-8c3a-ee324f336e71,03803d8f-a39f-42a2-bfc6-8c249f8d428c,Tech Operator,2026-01-25 23:22:47.478881+00
c1fc271b-9cf6-403f-8c3a-ee324f336e71,0d45f7cf-ba71-4dcd-b2c0-6e2df86bdd3a,Mr. Eversoll,2026-01-25 23:22:47.478881+00
c1fc271b-9cf6-403f-8c3a-ee324f336e71,17213bd4-1e81-4065-9e0e-5a2e8f0f4176,Lead Mercenary,2026-01-25 23:22:47.478881+00
c1fc271b-9cf6-403f-8c3a-ee324f336e71,17617d87-a533-47ff-9afd-65f9717e7302,Claire Dearing,2026-01-25 23:22:47.478881+00
c1fc271b-9cf6-403f-8c3a-ee324f336e71,2c9ae5b8-5d8c-4af4-a3c9-c491333f2f0d,Russian Mob Guy,2026-01-25 23:22:47.478881+00
c1fc271b-9cf6-403f-8c3a-ee324f336e71,32a2925e-b69f-4a90-a6d6-7195571f7b5d,Eli Mills,2026-01-25 23:22:47.478881+00
c1fc271b-9cf6-403f-8c3a-ee324f336e71,32b2ae3d-432e-412c-ab37-602bc553a7fa,Sub Pilot,2026-01-25 23:22:47.478881+00
c1fc271b-9cf6-403f-8c3a-ee324f336e71,4f80e715-324a-4875-8619-4c9fb1f22832,Prop Plane Pilot,2026-01-25 23:22:47.478881+00
c1fc271b-9cf6-403f-8c3a-ee324f336e71,513f95fa-6520-4b12-9bca-f16989c3cc29,Ian Malcolm,2026-01-25 23:22:47.478881+00
c1fc271b-9cf6-403f-8c3a-ee324f336e71,56828653-84e2-4e0d-b73a-0f2e754978da,Dr. Wu,2026-01-25 23:22:47.478881+00
c1fc271b-9cf6-403f-8c3a-ee324f336e71,78a8e014-853a-4be7-a65b-c6107921e3d1,Benjamin Lockwood,2026-01-25 23:22:47.478881+00
c1fc271b-9cf6-403f-8c3a-ee324f336e71,78e672b6-92ae-4f64-8dab-8972532dce77,Senator Sherwood,2026-01-25 23:22:47.478881+00
c1fc271b-9cf6-403f-8c3a-ee324f336e71,820aa21d-87ae-4867-8c20-5b31f97b411b,Zia Rodriguez,2026-01-25 23:22:47.478881+00
c1fc271b-9cf6-403f-8c3a-ee324f336e71,8957af19-6ee4-447f-b128-ed5a950a4800,Maisie Lockwood,2026-01-25 23:22:47.478881+00
c1fc271b-9cf6-403f-8c3a-ee324f336e71,9f6eda18-9e6f-4d48-be7e-063522df31ad,Helicopter Pilot,2026-01-25 23:22:47.478881+00
c1fc271b-9cf6-403f-8c3a-ee324f336e71,b04e4aa0-7de1-49b4-ab7d-83f51282737a,Iris,2026-01-25 23:22:47.478881+00
c1fc271b-9cf6-403f-8c3a-ee324f336e71,caae1a07-c943-4c21-976a-8330cf5572da,Owen Grady,2026-01-25 23:22:47.478881+00
c1fc271b-9cf6-403f-8c3a-ee324f336e71,e4e65671-20c6-414a-af5a-5ed1ef2c2872,Ken Wheatley,2026-01-25 23:22:47.478881+00
c1fc271b-9cf6-403f-8c3a-ee324f336e71,edb9120d-ff02-408c-85d6-bf9cd5ce9a0d,Tech Merc,2026-01-25 23:22:47.478881+00
c3478df4-36d3-4552-a321-e1240f7b99f0,1cf2f203-b836-4700-84fb-5b571881523a,Dr. Mendel Stromm,2026-01-25 23:22:47.478881+00
c3478df4-36d3-4552-a321-e1240f7b99f0,22569ff6-8415-4845-9fc2-753679299b07,Houseman,2026-01-25 23:22:47.478881+00
c3478df4-36d3-4552-a321-e1240f7b99f0,254e7de7-a8fd-45e5-a5df-e961dee976c6,Simkins,2026-01-25 23:22:47.478881+00
c3478df4-36d3-4552-a321-e1240f7b99f0,36b91d4f-5b3a-4f28-a064-c7f52438ca32,Harry Osborn,2026-01-25 23:22:47.478881+00
c3478df4-36d3-4552-a321-e1240f7b99f0,3838a2e9-ccfa-4735-90f0-12d391367f0a,Mary Jane Watson,2026-01-25 23:22:47.478881+00
c3478df4-36d3-4552-a321-e1240f7b99f0,4064d613-cc7d-4266-a0e8-e6f6a2fe7117,Hoffman,2026-01-25 23:22:47.478881+00
c3478df4-36d3-4552-a321-e1240f7b99f0,45d76223-6224-4b1d-b59d-0c30489d23e2,Carjacker,2026-01-25 23:22:47.478881+00
c3478df4-36d3-4552-a321-e1240f7b99f0,5a9a3122-69e8-48ff-9b6b-20115df9a9e0,Ben Parker,2026-01-25 23:22:47.478881+00
c3478df4-36d3-4552-a321-e1240f7b99f0,70f24090-c655-4c2b-8b42-d05442e272f6,Henry Balkan,2026-01-25 23:22:47.478881+00
c3478df4-36d3-4552-a321-e1240f7b99f0,792c04f5-0069-48f2-a027-512a0ff99195,General Slocum,2026-01-25 23:22:47.478881+00
c3478df4-36d3-4552-a321-e1240f7b99f0,8a704f97-b918-4aa4-ab10-e9ed97ddd41a,Philip Watson,2026-01-25 23:22:47.478881+00
c3478df4-36d3-4552-a321-e1240f7b99f0,8e3cdf3f-286d-4081-9829-28145c8e1fd8,May Parker,2026-01-25 23:22:47.478881+00
c3478df4-36d3-4552-a321-e1240f7b99f0,a4fcd0e5-78c1-40d4-b2f6-74bbfafd1b20,Joseph 'Robbie' Robertson,2026-01-25 23:22:47.478881+00
c3478df4-36d3-4552-a321-e1240f7b99f0,a9ca10f4-f4a7-4a3b-9765-06ab03892f97,Miss Brant,2026-01-25 23:22:47.478881+00
c3478df4-36d3-4552-a321-e1240f7b99f0,b4133284-db37-4f69-b26b-9636593bd00d,Ring Announcer,2026-01-25 23:22:47.478881+00
c3478df4-36d3-4552-a321-e1240f7b99f0,b6d62e7c-6d27-4117-817c-164e341aeb90,Green Goblin / Norman Osborn,2026-01-25 23:22:47.478881+00
c3478df4-36d3-4552-a321-e1240f7b99f0,b8eb8922-78b6-4a07-aee3-bb286e2bf4d1,J. Jonah Jameson,2026-01-25 23:22:47.478881+00
c3478df4-36d3-4552-a321-e1240f7b99f0,cefbd5e8-9252-460f-bac0-d6366ec4e10e,Spider-Man / Peter Parker,2026-01-25 23:22:47.478881+00
c3478df4-36d3-4552-a321-e1240f7b99f0,ea3d876b-b13b-4352-a09f-528013a79753,Maximilian Fargas,2026-01-25 23:22:47.478881+00
c3478df4-36d3-4552-a321-e1240f7b99f0,ee5276a0-b3a7-4d08-96cd-3d3bf433de03,Flash Thompson,2026-01-25 23:22:47.478881+00
c37c6bdf-e3db-4404-a77a-d947cedd0387,03f2e485-f475-4ffb-9b17-949f8a312ae3,Lee,2026-01-25 23:22:47.478881+00
c37c6bdf-e3db-4404-a77a-d947cedd0387,0ad4b255-eabd-4bc9-93b9-c3ff670ae6dd,Gary 'Eggsy' Unwin,2026-01-25 23:22:47.478881+00
c37c6bdf-e3db-4404-a77a-d947cedd0387,11ec30d4-e20f-4136-aff2-9c56178396df,Roxy,2026-01-25 23:22:47.478881+00
c37c6bdf-e3db-4404-a77a-d947cedd0387,21bb5875-c948-4e0e-8ccb-20795c64ff9a,Princess Tilde,2026-01-25 23:22:47.478881+00
c37c6bdf-e3db-4404-a77a-d947cedd0387,44a6c327-65de-42e6-92a0-aefb6e39ee51,Harry Hart / Galahad,2026-01-25 23:22:47.478881+00
c37c6bdf-e3db-4404-a77a-d947cedd0387,49a878ba-a2b5-4b5d-8368-bc0363a04999,Gazelle,2026-01-25 23:22:47.478881+00
c37c6bdf-e3db-4404-a77a-d947cedd0387,5eff53a7-cbcf-4029-8279-37c751430e53,Ryan,2026-01-25 23:22:47.478881+00
c37c6bdf-e3db-4404-a77a-d947cedd0387,5f4002cd-2d23-4d03-9c68-dd53b69d30ce,Jamal,2026-01-25 23:22:47.478881+00
c37c6bdf-e3db-4404-a77a-d947cedd0387,5f5d727c-c472-4712-834d-00a430ff6cb4,Terrorist,2026-01-25 23:22:47.478881+00
c37c6bdf-e3db-4404-a77a-d947cedd0387,7b63cf43-b412-4cca-857c-91bd8734a275,Merlin,2026-01-25 23:22:47.478881+00
c37c6bdf-e3db-4404-a77a-d947cedd0387,7d3d4a5d-b12c-42f1-89f0-d7c891ef662d,Charlie,2026-01-25 23:22:47.478881+00
c37c6bdf-e3db-4404-a77a-d947cedd0387,91a3421d-9241-475e-9caa-873c91dda371,Dean,2026-01-25 23:22:47.478881+00
c37c6bdf-e3db-4404-a77a-d947cedd0387,96a69341-d2b3-454f-b8cc-0d8cc3d6868e,Poodle,2026-01-25 23:22:47.478881+00
c37c6bdf-e3db-4404-a77a-d947cedd0387,98759080-2045-4d3b-a666-051a74d49752,Little Eggsy,2026-01-25 23:22:47.478881+00
c37c6bdf-e3db-4404-a77a-d947cedd0387,9b74f3d8-e4df-46ff-8f3c-af9479d76c48,Big Goon,2026-01-25 23:22:47.478881+00
c37c6bdf-e3db-4404-a77a-d947cedd0387,a3f67a09-bd87-4870-bb68-e15baa605d14,Arthur,2026-01-25 23:22:47.478881+00
c37c6bdf-e3db-4404-a77a-d947cedd0387,af9a9f43-df20-4579-8eb8-3ea5de6c8afe,Michelle Unwin,2026-01-25 23:22:47.478881+00
c37c6bdf-e3db-4404-a77a-d947cedd0387,c3cefe7e-b7ad-4f7e-bb8f-834ce0613d36,Professor Arnold,2026-01-25 23:22:47.478881+00
c37c6bdf-e3db-4404-a77a-d947cedd0387,c9a3443c-9117-4209-be04-7933c51fed79,Valentine,2026-01-25 23:22:47.478881+00
c37c6bdf-e3db-4404-a77a-d947cedd0387,d83ce832-780f-45ea-bfc6-b014a7277325,Lancelot,2026-01-25 23:22:47.478881+00
c3aef98e-b349-437b-bdab-eb35ba74fefe,17f6046a-6c8d-412f-89a0-9dc24a2c066b,Neckbone,2026-02-03 07:00:33.475746+00
c3aef98e-b349-437b-bdab-eb35ba74fefe,19a2adeb-e17f-4139-a27e-c3ad002ad4b2,Senior,2026-02-03 07:00:33.475746+00
c3aef98e-b349-437b-bdab-eb35ba74fefe,2e2c8693-c00d-4e21-8d50-9930c900f179,James,2026-02-03 07:00:33.475746+00
c3aef98e-b349-437b-bdab-eb35ba74fefe,369c5881-2365-4fd6-b7a6-2d212e8ba375,Kyle,2026-02-03 07:00:33.475746+00
c3aef98e-b349-437b-bdab-eb35ba74fefe,39606279-843e-4f52-aa0f-7580c1a8078c,Juniper,2026-02-03 07:00:33.475746+00
c3aef98e-b349-437b-bdab-eb35ba74fefe,4d5a43d9-3066-4bd8-a0ec-7538e9812f91,Princess,2026-02-03 07:00:33.475746+00
c3aef98e-b349-437b-bdab-eb35ba74fefe,6669a748-d204-46bc-ab96-e173c995a1dc,Motel Clerk,2026-02-03 07:00:33.475746+00
c3aef98e-b349-437b-bdab-eb35ba74fefe,69fdeacf-ccd0-4171-9632-96061047ceea,Galen,2026-02-03 07:00:33.475746+00
c3aef98e-b349-437b-bdab-eb35ba74fefe,81d831ee-acac-48e9-b644-9302b5e2c734,Galen's Helper,2026-02-03 07:00:33.475746+00
c3aef98e-b349-437b-bdab-eb35ba74fefe,86386c9b-0837-4a9a-b987-94079a0f467b,Nelson,2026-02-03 07:00:33.475746+00
c3aef98e-b349-437b-bdab-eb35ba74fefe,9108c870-f44a-4905-8ed3-9ee89c57a301,King,2026-02-03 07:00:33.475746+00
c3aef98e-b349-437b-bdab-eb35ba74fefe,9592d109-4017-4ee6-8934-d96af69764f8,Carver,2026-02-03 07:00:33.475746+00
c3aef98e-b349-437b-bdab-eb35ba74fefe,983f3bc2-6279-4724-bd41-ba658f3df94a,Ellis,2026-02-03 07:00:33.475746+00
c3aef98e-b349-437b-bdab-eb35ba74fefe,b0aa0f68-8a73-4b2d-af67-773f95f34fcf,Man at Budget Inn,2026-02-03 07:00:33.475746+00
c3aef98e-b349-437b-bdab-eb35ba74fefe,b1d934e3-035a-43a9-aa1d-375ce3b298c5,May Pearl's Friend,2026-02-03 07:00:33.475746+00
c3aef98e-b349-437b-bdab-eb35ba74fefe,bbc5691d-cec4-45d2-b157-45ae0ef5905a,Miller,2026-02-03 07:00:33.475746+00
c3aef98e-b349-437b-bdab-eb35ba74fefe,bfe50ff9-c17f-4b64-b0c0-7379bc7efdff,Mary Lee,2026-02-03 07:00:33.475746+00
c3aef98e-b349-437b-bdab-eb35ba74fefe,c0ed517d-7764-4aa4-ae2f-e0154c7f5810,May Pearl,2026-02-03 07:00:33.475746+00
c3aef98e-b349-437b-bdab-eb35ba74fefe,c95bb240-7d5f-4a99-a261-8a8fd91bb321,Tom,2026-02-03 07:00:33.475746+00
c3aef98e-b349-437b-bdab-eb35ba74fefe,cd4db4e4-d09e-4bd7-8bf7-7bdf566b135c,Mud,2026-02-03 07:00:33.475746+00
c3dd248e-590c-4700-bee2-9cb4f5997014,06b88e97-582b-454b-a30d-8cfde947b772,Ash Fox (voice),2026-01-25 23:22:47.478881+00
c3dd248e-590c-4700-bee2-9cb4f5997014,2266bde1-ce52-495e-9a29-07a788e1cd39,Walter Boggis (voice),2026-01-25 23:22:47.478881+00
c3dd248e-590c-4700-bee2-9cb4f5997014,2310f10f-468b-4d89-a6f3-795bc3063894,Beaver's Son (voice),2026-01-25 23:22:47.478881+00
c3dd248e-590c-4700-bee2-9cb4f5997014,293e2fa3-c042-429e-90ef-b4ae3cc5ade1,Coach Skip (voice),2026-01-25 23:22:47.478881+00
c3dd248e-590c-4700-bee2-9cb4f5997014,39feb673-8057-442e-a63a-774ef9f0c49c,Action 12 Reporter (voice),2026-01-25 23:22:47.478881+00
c3dd248e-590c-4700-bee2-9cb4f5997014,4515c9de-0f8e-44a5-8226-199eb78c8c69,Kylie (voice),2026-01-25 23:22:47.478881+00
c3dd248e-590c-4700-bee2-9cb4f5997014,5db54d28-d243-42df-8e5f-e9b34911a136,Stan Weasel (voice),2026-01-25 23:22:47.478881+00
c3dd248e-590c-4700-bee2-9cb4f5997014,5e060a57-8c33-4348-a1cd-30a2a43d0776,Nathan Bunce (voice),2026-01-25 23:22:47.478881+00
c3dd248e-590c-4700-bee2-9cb4f5997014,67190b27-dc7c-4f19-88f1-e7bc3cdb32d8,Agnes (voice),2026-01-25 23:22:47.478881+00
c3dd248e-590c-4700-bee2-9cb4f5997014,773debaa-a425-40ea-a6e6-716369486116,Franklin Bean (voice),2026-01-25 23:22:47.478881+00
c3dd248e-590c-4700-bee2-9cb4f5997014,80ebd63b-910c-4839-bb7f-de27f593c0ce,Mrs. Bean (voice),2026-01-25 23:22:47.478881+00
c3dd248e-590c-4700-bee2-9cb4f5997014,92aa05f1-d2fd-4bec-88f3-5a7f0dc41129,Felicity Fox (voice),2026-01-25 23:22:47.478881+00
c3dd248e-590c-4700-bee2-9cb4f5997014,98ec1124-9349-4191-b2bd-61b33ae19df8,Squirrel Contractor (voice),2026-01-25 23:22:47.478881+00
c3dd248e-590c-4700-bee2-9cb4f5997014,a0f016ae-5b9c-499f-8279-c9aad58e07f5,Mr. Fox (voice),2026-01-25 23:22:47.478881+00
c3dd248e-590c-4700-bee2-9cb4f5997014,a4eac3c5-d1a2-47db-a7a0-0140af838458,Kristofferson Silverfox (voice),2026-01-25 23:22:47.478881+00
c3dd248e-590c-4700-bee2-9cb4f5997014,a72a141f-cb8f-4d08-99f3-5d631cb399c9,Linda Otter (voice),2026-01-25 23:22:47.478881+00
c3dd248e-590c-4700-bee2-9cb4f5997014,adb72aef-c7ad-4cac-bad1-323c9508c129,Bean's Son (voice),2026-01-25 23:22:47.478881+00
c3dd248e-590c-4700-bee2-9cb4f5997014,b2d40385-b91d-46fe-8c6c-b367ff06ade3,Clive Badger (voice),2026-01-25 23:22:47.478881+00
c3dd248e-590c-4700-bee2-9cb4f5997014,b6d62e7c-6d27-4117-817c-164e341aeb90,Rat (voice),2026-01-25 23:22:47.478881+00
c3dd248e-590c-4700-bee2-9cb4f5997014,bd8e26dd-b691-40d6-a318-2a8ffcb99e39,Petey (voice),2026-01-25 23:22:47.478881+00
c42c096f-35fb-4052-ae32-0ce00a013abf,1040614f-c4b3-4a65-bb3f-fd26303402f5,Nancy Randall,2026-01-25 23:22:47.478881+00
c42c096f-35fb-4052-ae32-0ce00a013abf,131d48ba-6537-4b59-9561-0f701598b2fe,UN Convention Parkinson's Speaker,2026-01-25 23:22:47.478881+00
c42c096f-35fb-4052-ae32-0ce00a013abf,20862ef0-8a54-4850-b9db-ed24d9970e8a,Josh Randall,2026-01-25 23:22:47.478881+00
c42c096f-35fb-4052-ae32-0ce00a013abf,2097ce7c-e321-4521-ba94-9155cae3f24c,Sam,2026-01-25 23:22:47.478881+00
c42c096f-35fb-4052-ae32-0ce00a013abf,2e2d472d-bf83-4dfb-ac4e-c60e8bcb92bf,Sophie,2026-01-25 23:22:47.478881+00
c42c096f-35fb-4052-ae32-0ce00a013abf,45ef52e6-309a-4c5a-b04b-9189bd7fbd8e,Bruce Winston,2026-01-25 23:22:47.478881+00
c42c096f-35fb-4052-ae32-0ce00a013abf,495b6bbb-3793-4351-af5e-1b182d568c1d,Jamie Randall,2026-01-25 23:22:47.478881+00
c42c096f-35fb-4052-ae32-0ce00a013abf,4a4bfe92-3907-4616-889e-e1eccf86ef59,Dr. Helen Randall,2026-01-25 23:22:47.478881+00
c42c096f-35fb-4052-ae32-0ce00a013abf,643ea383-e93d-4cf4-822a-40fc251e85ba,Gina,2026-01-25 23:22:47.478881+00
c42c096f-35fb-4052-ae32-0ce00a013abf,68ee67da-195c-46e4-b9f6-ba9897e2a70a,California Man,2026-01-25 23:22:47.478881+00
c42c096f-35fb-4052-ae32-0ce00a013abf,74203c82-4511-40d7-bc41-02d23ddc47ae,Richard,2026-01-25 23:22:47.478881+00
c42c096f-35fb-4052-ae32-0ce00a013abf,7bf5a31d-6f40-4101-9825-65616fd9ecef,Dr. Stan Knight,2026-01-25 23:22:47.478881+00
c42c096f-35fb-4052-ae32-0ce00a013abf,96e1019f-87c2-4933-bc61-436495e2dd59,Farrah,2026-01-25 23:22:47.478881+00
c42c096f-35fb-4052-ae32-0ce00a013abf,ad3d2e5e-81d4-47f4-8979-b658fa41f76c,Cindy,2026-01-25 23:22:47.478881+00
c42c096f-35fb-4052-ae32-0ce00a013abf,c7be2f3b-dbe0-4c7e-b14c-5aa5e7755a14,Trey Hannigan,2026-01-25 23:22:47.478881+00
c42c096f-35fb-4052-ae32-0ce00a013abf,d0726b94-3b33-43e4-95db-e104b5baad97,Gail,2026-01-25 23:22:47.478881+00
c42c096f-35fb-4052-ae32-0ce00a013abf,d6c62c93-0ed3-457d-8d7a-0da38a65b4ce,Maggie Murdock,2026-01-25 23:22:47.478881+00
c42c096f-35fb-4052-ae32-0ce00a013abf,d7abcd8d-ea83-4fbd-9f61-666d18e71a26,Dr. James Randall,2026-01-25 23:22:47.478881+00
c42c096f-35fb-4052-ae32-0ce00a013abf,fdac2b96-5829-4362-ab85-419ab3d94c21,"""Lisa""",2026-01-25 23:22:47.478881+00
c42c096f-35fb-4052-ae32-0ce00a013abf,fe5ea2bc-526b-4be3-bf22-385a6e023d5d,Christy,2026-01-25 23:22:47.478881+00
c502ae70-3ac8-485e-8228-fc2a97328d36,24cb02bd-112e-4e37-9b3c-64fa1f2d4d8f,Self,2026-01-26 05:46:50.937651+00
c502ae70-3ac8-485e-8228-fc2a97328d36,5ed84d24-a016-4f7a-95d4-da1ba1c44239,Self,2026-01-26 05:46:50.937651+00
c502ae70-3ac8-485e-8228-fc2a97328d36,68b45394-fb18-4fb5-a4fc-216e96b0f3f2,Self,2026-01-26 05:46:50.937651+00
c502ae70-3ac8-485e-8228-fc2a97328d36,8a6a7410-26cc-468a-985f-67e4dce4db8a,Self,2026-01-26 05:46:50.937651+00
c502ae70-3ac8-485e-8228-fc2a97328d36,8d1b41b5-dce9-4d21-b5c9-9a346689926e,Self,2026-01-26 05:46:50.937651+00
c502ae70-3ac8-485e-8228-fc2a97328d36,9878ac01-dae1-46c9-9b40-e693f3a2895e,Self,2026-01-26 05:46:50.937651+00
c502ae70-3ac8-485e-8228-fc2a97328d36,a4cbc0a0-3bfd-4367-8607-8ca89a3e3b62,Self,2026-01-26 05:46:50.937651+00
c634e45f-645c-4153-83ae-88a04c8181af,096e7ef9-a161-477e-a98a-0f2aed8ff0f1,Jimmy Creek,2026-01-25 23:22:47.478881+00
c634e45f-645c-4153-83ae-88a04c8181af,31e66b08-11af-4bb4-a23a-ac3ee3f30464,Flip Zimmerman,2026-01-25 23:22:47.478881+00
c634e45f-645c-4153-83ae-88a04c8181af,3a596079-967a-4b6e-8283-a05ebc6cce7f,Mr. Turrentine,2026-01-25 23:22:47.478881+00
c634e45f-645c-4153-83ae-88a04c8181af,4a6723e3-5f93-4204-a640-0868c6e5f929,Dr. Kennebrew Beauregard,2026-01-25 23:22:47.478881+00
c634e45f-645c-4153-83ae-88a04c8181af,5bb44530-fdb7-446a-aee2-1f0fa23b9d73,Ivanhoe,2026-01-25 23:22:47.478881+00
c634e45f-645c-4153-83ae-88a04c8181af,625ccf03-4cde-4f69-817d-7827265af93a,Officer Clay Mulaney,2026-01-25 23:22:47.478881+00
c634e45f-645c-4153-83ae-88a04c8181af,725fb8b4-d7da-4501-99a3-5f5789aaba65,Patrice Dumas,2026-01-25 23:22:47.478881+00
c634e45f-645c-4153-83ae-88a04c8181af,7af0e390-e12d-470b-8a92-d15e2e4021cc,Sergeant Trapp,2026-01-25 23:22:47.478881+00
c634e45f-645c-4153-83ae-88a04c8181af,83988bee-d276-4b0d-9c51-13952d36af23,Officer Wheaton,2026-01-25 23:22:47.478881+00
c634e45f-645c-4153-83ae-88a04c8181af,9980545b-15ee-4fdb-8acd-3e817f1c07f4,Felix Kendrickson,2026-01-25 23:22:47.478881+00
c634e45f-645c-4153-83ae-88a04c8181af,a33c7f38-8e0c-42c6-be03-cf0b08c8f62d,Walter Breachway,2026-01-25 23:22:47.478881+00
c634e45f-645c-4153-83ae-88a04c8181af,b789c703-8fa9-45cb-a851-7c3258c8ba55,Hakeem,2026-01-25 23:22:47.478881+00
c634e45f-645c-4153-83ae-88a04c8181af,b9c284d1-8bc1-41fa-acb8-c05991a0e9f0,Master Patrolman Andy Landers,2026-01-25 23:22:47.478881+00
c634e45f-645c-4153-83ae-88a04c8181af,c499905a-6d53-4600-94f6-7b2960e88947,Officer Sharpe,2026-01-25 23:22:47.478881+00
c634e45f-645c-4153-83ae-88a04c8181af,c6ad7749-669b-4d8d-8c9b-a93bf6d2dcc6,David Duke,2026-01-25 23:22:47.478881+00
c634e45f-645c-4153-83ae-88a04c8181af,e85c59fc-8e69-4670-b0c4-b8b810293d07,Odetta,2026-01-25 23:22:47.478881+00
c634e45f-645c-4153-83ae-88a04c8181af,ead5a04c-a974-4bb5-9a7c-b8a78f306e78,Officer Cincer,2026-01-25 23:22:47.478881+00
c634e45f-645c-4153-83ae-88a04c8181af,eb4ed26c-083e-474b-ba99-febb747a85fa,Kwame Ture,2026-01-25 23:22:47.478881+00
c634e45f-645c-4153-83ae-88a04c8181af,ee453a63-5694-4b89-9f66-c33dd6e559a4,Chief Bridges,2026-01-25 23:22:47.478881+00
c634e45f-645c-4153-83ae-88a04c8181af,f500ab7c-2640-46f9-aea9-f2aa3e79f5a5,Ron Stallworth,2026-01-25 23:22:47.478881+00
c6520718-de3c-4ace-b437-31dbfb6de9e0,059637d0-b6d1-4fcd-924c-e5c5c60da720,Trudi,2026-02-03 06:53:29.176912+00
c6520718-de3c-4ace-b437-31dbfb6de9e0,12c9bdda-4737-406c-901e-972c70011a2f,Maynard,2026-02-03 06:53:29.176912+00
c6520718-de3c-4ace-b437-31dbfb6de9e0,17ea8ec0-f977-44b5-a121-6c8976dbc397,Jody,2026-02-03 06:53:29.176912+00
c6520718-de3c-4ace-b437-31dbfb6de9e0,3c1e9dc7-594a-4b77-9fd3-19cb1efe3eda,The Wolf,2026-02-03 06:53:29.176912+00
c6520718-de3c-4ace-b437-31dbfb6de9e0,3e98fdc1-5b03-40e0-89da-0c91471b329f,Marsellus Wallace,2026-02-03 06:53:29.176912+00
c6520718-de3c-4ace-b437-31dbfb6de9e0,4646921b-2b51-4f60-89f7-deb39e50b1ca,Waitress,2026-02-03 06:53:29.176912+00
c6520718-de3c-4ace-b437-31dbfb6de9e0,6663188a-d56d-4db5-a16f-e5983311172e,Buddy Holly,2026-02-03 06:53:29.176912+00
c6520718-de3c-4ace-b437-31dbfb6de9e0,6b57b346-8fd9-4e82-a917-7a13c8ea3fbe,Vincent Vega,2026-02-03 06:53:29.176912+00
c6520718-de3c-4ace-b437-31dbfb6de9e0,85037045-9805-4faa-afd4-952a9b1c76bd,Mia Wallace,2026-02-03 06:53:29.176912+00
c6520718-de3c-4ace-b437-31dbfb6de9e0,95cd8328-909c-42e2-88e8-610d25be812f,Marvin,2026-02-03 06:53:29.176912+00
c6520718-de3c-4ace-b437-31dbfb6de9e0,aee2ae95-8330-475e-8960-94d189aa6a79,Butch Coolidge,2026-02-03 06:53:29.176912+00
c6520718-de3c-4ace-b437-31dbfb6de9e0,b8a56995-ff66-4ad9-bc1b-a8e1fde3f8a0,Pumpkin,2026-02-03 06:53:29.176912+00
c6520718-de3c-4ace-b437-31dbfb6de9e0,c01ae433-90a8-49fd-9661-2631e35bfc98,Zed,2026-02-03 06:53:29.176912+00
c6520718-de3c-4ace-b437-31dbfb6de9e0,c0838a56-a4e9-45a1-b468-a813db8a91e1,Esmarelda Villalobos,2026-02-03 06:53:29.176912+00
c6520718-de3c-4ace-b437-31dbfb6de9e0,c9a3443c-9117-4209-be04-7933c51fed79,Jules Winnfield,2026-02-03 06:53:29.176912+00
c6520718-de3c-4ace-b437-31dbfb6de9e0,ce45c807-2779-4682-9af1-cb8ddc53e429,Lance,2026-02-03 06:53:29.176912+00
c6520718-de3c-4ace-b437-31dbfb6de9e0,d1a586e4-59fc-427e-8583-1942edb9cbdd,Honey Bunny,2026-02-03 06:53:29.176912+00
c6520718-de3c-4ace-b437-31dbfb6de9e0,e2403e02-5845-4ed7-9e05-1d00b39e5f49,Jimmie Dimmick,2026-02-03 06:53:29.176912+00
c6520718-de3c-4ace-b437-31dbfb6de9e0,e7ec8725-f4c4-4e7f-95dc-c992e931520d,Captain Koons,2026-02-03 06:53:29.176912+00
c6520718-de3c-4ace-b437-31dbfb6de9e0,f6e4f65e-2705-45bc-b990-c1440470757c,Fabienne,2026-02-03 06:53:29.176912+00
c6dbc9dd-c57b-4e3c-b9c6-393300264b0b,0e540433-ac59-4f31-97a1-315103fd5952,Carol Danvers / Captain Marvel,2026-01-31 05:36:18.859597+00
c6dbc9dd-c57b-4e3c-b9c6-393300264b0b,10e4569b-e002-4b0b-aa94-a9ebfdbd3276,Tony Stark / Iron Man,2026-01-31 05:36:18.859597+00
c6dbc9dd-c57b-4e3c-b9c6-393300264b0b,18e4e846-0b5b-490c-8c15-c808b235981c,Scott Lang / Ant-Man,2026-01-31 05:36:18.859597+00
c6dbc9dd-c57b-4e3c-b9c6-393300264b0b,42c0f51c-cc28-4b20-a2d7-3a1a8783f5de,Steve Rogers / Captain America,2026-01-31 05:36:18.859597+00
c6dbc9dd-c57b-4e3c-b9c6-393300264b0b,707c7ae8-7e2c-42ac-a76f-4f4966b543dd,Thanos,2026-01-31 05:36:18.859597+00
c6dbc9dd-c57b-4e3c-b9c6-393300264b0b,717e8cd8-700f-4733-b722-9f8f3f0185b0,T'Challa / Black Panther,2026-01-31 05:36:18.859597+00
c6dbc9dd-c57b-4e3c-b9c6-393300264b0b,79c6d245-c493-49c1-9d1a-47da885b9c55,Natasha Romanoff / Black Widow,2026-01-31 05:36:18.859597+00
c6dbc9dd-c57b-4e3c-b9c6-393300264b0b,7df3e4b7-8047-4047-9ec4-6320f258f9fb,Nebula,2026-01-31 05:36:18.859597+00
c6dbc9dd-c57b-4e3c-b9c6-393300264b0b,7e285f93-9e99-47e8-ae8a-461cb7b7d0c6,Bruce Banner / Hulk,2026-01-31 05:36:18.859597+00
c6dbc9dd-c57b-4e3c-b9c6-393300264b0b,82bc6a8f-5491-41d7-9590-cc1c099b2b6a,Peter Parker / Spider-Man,2026-01-31 05:36:18.859597+00
c6dbc9dd-c57b-4e3c-b9c6-393300264b0b,82d6fbfc-7f8d-4ef5-825e-8af562b51935,James Rhodes / War Machine,2026-01-31 05:36:18.859597+00
c6dbc9dd-c57b-4e3c-b9c6-393300264b0b,930bd50e-ed1e-4c23-abc3-412e39fb24f0,Hope Van Dyne / Wasp,2026-01-31 05:36:18.859597+00
c6dbc9dd-c57b-4e3c-b9c6-393300264b0b,932dc5e2-4dc7-4e6d-a135-1e2a19b93fa4,Thor,2026-01-31 05:36:18.859597+00
c6dbc9dd-c57b-4e3c-b9c6-393300264b0b,a5ef8a96-9882-441d-b42d-8a8bd646e9d4,Doctor Strange,2026-01-31 05:36:18.859597+00
c6dbc9dd-c57b-4e3c-b9c6-393300264b0b,a9c00127-6572-4e36-83ce-f64ceb603655,Gamora,2026-01-31 05:36:18.859597+00
c6dbc9dd-c57b-4e3c-b9c6-393300264b0b,bff0ecce-3833-48a8-873e-52c0922b8c81,Frigga,2026-01-31 05:36:18.859597+00
c6dbc9dd-c57b-4e3c-b9c6-393300264b0b,c38c01a7-6150-4c01-9d12-efe42883570f,Wanda Maximoff / Scarlet Witch,2026-01-31 05:36:18.859597+00
c6dbc9dd-c57b-4e3c-b9c6-393300264b0b,ce3d3ace-83b7-4b40-b778-64bd66948da0,Sam Wilson / Falcon,2026-01-31 05:36:18.859597+00
c6dbc9dd-c57b-4e3c-b9c6-393300264b0b,eb6fe15e-fce6-4000-97b0-c10e088fa6d4,Clint Barton / Hawkeye,2026-01-31 05:36:18.859597+00
c6dbc9dd-c57b-4e3c-b9c6-393300264b0b,fdd9a7d7-9171-4f6f-adc5-25455fd5576c,Valkyrie,2026-01-31 05:36:18.859597+00
c7e28f3b-d160-4794-adb4-17e52f3e083d,0a7bf505-4724-4562-9776-671b7285dda4,Galactus,2026-01-25 23:22:47.478881+00
c7e28f3b-d160-4794-adb4-17e52f3e083d,1cd5e81e-8df0-4209-bda5-d3f5160497cc,Power Plant Worker #2,2026-01-25 23:22:47.478881+00
c7e28f3b-d160-4794-adb4-17e52f3e083d,2812fffa-0bae-4cf7-bb99-a4f83418ff5d,Johnny Storm / Human Torch,2026-01-25 23:22:47.478881+00
c7e28f3b-d160-4794-adb4-17e52f3e083d,32915a65-6503-4e89-b78e-c03b052eb577,Ted Gilbert,2026-01-25 23:22:47.478881+00
c7e28f3b-d160-4794-adb4-17e52f3e083d,33f0cc47-f80d-48aa-89f6-4a2c4eee9231,ABC Newscaster William Russell,2026-01-25 23:22:47.478881+00
c7e28f3b-d160-4794-adb4-17e52f3e083d,418f99d2-845b-4de3-9005-43ac099d496b,Larry the Lobbyist,2026-01-25 23:22:47.478881+00
c7e28f3b-d160-4794-adb4-17e52f3e083d,5bb44530-fdb7-446a-aee2-1f0fa23b9d73,Harvey Elder / Mole Man,2026-01-25 23:22:47.478881+00
c7e28f3b-d160-4794-adb4-17e52f3e083d,65816a6c-c8a0-4641-87fb-ad86734aaacf,Shalla-Bal / Silver Surfer,2026-01-25 23:22:47.478881+00
c7e28f3b-d160-4794-adb4-17e52f3e083d,93d21ae5-43cc-45b6-ae2c-6e5bbdbeae25,Lynne Nichols / F4 Chief of Staff,2026-01-25 23:22:47.478881+00
c7e28f3b-d160-4794-adb4-17e52f3e083d,950bab2b-6d3f-4b9e-810a-aa1947adc9b9,Franklin Richards,2026-01-25 23:22:47.478881+00
c7e28f3b-d160-4794-adb4-17e52f3e083d,970dd8ee-fcdc-4326-934b-8268827b005d,Ben Grimm / The Thing,2026-01-25 23:22:47.478881+00
c7e28f3b-d160-4794-adb4-17e52f3e083d,9f0b494f-71eb-49f9-ab0e-96799b498d22,Sue Storm / Invisible Woman,2026-01-25 23:22:47.478881+00
c7e28f3b-d160-4794-adb4-17e52f3e083d,a37f094e-555c-4cce-8890-930bd8bbf949,Donna / Saved Girl,2026-01-25 23:22:47.478881+00
c7e28f3b-d160-4794-adb4-17e52f3e083d,a6c80b77-5b19-4966-8a74-c7256d972a7f,Boston Newscaster,2026-01-25 23:22:47.478881+00
c7e28f3b-d160-4794-adb4-17e52f3e083d,abf4a56a-4a29-485d-ae2f-43b50020ddd2,H.E.R.B.I.E. (voice),2026-01-25 23:22:47.478881+00
c7e28f3b-d160-4794-adb4-17e52f3e083d,ac20ab6a-1d0b-4594-ac92-ac2b4139b0b8,Power Plant Worker #1,2026-01-25 23:22:47.478881+00
c7e28f3b-d160-4794-adb4-17e52f3e083d,c0838a56-a4e9-45a1-b468-a813db8a91e1,Mole Man Attack Witness,2026-01-25 23:22:47.478881+00
c7e28f3b-d160-4794-adb4-17e52f3e083d,e3a39e00-2840-4dac-b79f-cc4f6419060d,Channel 9 Newscaster Carolyn Haynes,2026-01-25 23:22:47.478881+00
c7e28f3b-d160-4794-adb4-17e52f3e083d,efc9458c-a6d3-4ab3-b049-e75ff6d2fad4,Reed Richards / Mister Fantastic,2026-01-25 23:22:47.478881+00
c7e28f3b-d160-4794-adb4-17e52f3e083d,f460d4eb-543b-4059-a0bf-1aff0ba3f474,Rachel Rozman,2026-01-25 23:22:47.478881+00
ca5746a0-d31c-4c60-8626-231216bca0cb,0096a543-aab1-4fc5-b743-cc39146313f8,Reb Kid,2026-01-25 23:22:47.478881+00
ca5746a0-d31c-4c60-8626-231216bca0cb,0a7bf505-4724-4562-9776-671b7285dda4,Rick,2026-01-25 23:22:47.478881+00
ca5746a0-d31c-4c60-8626-231216bca0cb,1010473b-7e4b-495f-9dad-43cd6fcc6878,I-R0k (voice),2026-01-25 23:22:47.478881+00
ca5746a0-d31c-4c60-8626-231216bca0cb,1b033d59-d5bb-440f-8e0e-583b007058b7,Curator / Ogden Morrow,2026-01-25 23:22:47.478881+00
ca5746a0-d31c-4c60-8626-231216bca0cb,2f5c3edb-3c3c-4739-8e3c-cd16ad225bc1,Lame Tattoo Guy (Reb),2026-01-25 23:22:47.478881+00
ca5746a0-d31c-4c60-8626-231216bca0cb,36eccbc2-309d-46a4-8524-c0aacba40c42,Art3mis / Samantha,2026-01-25 23:22:47.478881+00
ca5746a0-d31c-4c60-8626-231216bca0cb,3f29a815-540a-4f96-9943-b06e06c688af,Sixer #6655,2026-01-25 23:22:47.478881+00
ca5746a0-d31c-4c60-8626-231216bca0cb,4f418199-c5bc-47b0-b039-72815431abb1,Reb Kid,2026-01-25 23:22:47.478881+00
ca5746a0-d31c-4c60-8626-231216bca0cb,586c7398-244c-465a-bd3c-42352eef005d,Sorrento,2026-01-25 23:22:47.478881+00
ca5746a0-d31c-4c60-8626-231216bca0cb,5b6091cf-60af-477f-bd53-7b9d1aa374ab,Aech / Helen,2026-01-25 23:22:47.478881+00
ca5746a0-d31c-4c60-8626-231216bca0cb,6070dd28-8723-4f87-a9ef-10071675a925,Sorrento's Assistant,2026-01-25 23:22:47.478881+00
ca5746a0-d31c-4c60-8626-231216bca0cb,71138a68-e655-4a93-814a-4ca43ec9e88e,Daito,2026-01-25 23:22:47.478881+00
ca5746a0-d31c-4c60-8626-231216bca0cb,9414505a-e5af-4f9c-83d1-4b9b0a316595,F'Nale Zandor,2026-01-25 23:22:47.478881+00
ca5746a0-d31c-4c60-8626-231216bca0cb,983f3bc2-6279-4724-bd41-ba658f3df94a,Parzival / Wade,2026-01-25 23:22:47.478881+00
ca5746a0-d31c-4c60-8626-231216bca0cb,a2eb1ff5-964b-4b60-be4a-6112a9c99c1c,Reb Kid,2026-01-25 23:22:47.478881+00
ca5746a0-d31c-4c60-8626-231216bca0cb,a367ff25-8fc3-40b1-8fdb-ea87dfbfebb3,Sho,2026-01-25 23:22:47.478881+00
ca5746a0-d31c-4c60-8626-231216bca0cb,a83e787e-068d-44a3-9fa5-0e6845ac8008,Mrs. Gilmore,2026-01-25 23:22:47.478881+00
ca5746a0-d31c-4c60-8626-231216bca0cb,b64bfb6e-bd5d-4655-95ca-d0ceae71c5a5,Kira,2026-01-25 23:22:47.478881+00
ca5746a0-d31c-4c60-8626-231216bca0cb,d9c307d1-12fd-4390-b6ed-00d6e9184e08,Anorak / Halliday,2026-01-25 23:22:47.478881+00
ca5746a0-d31c-4c60-8626-231216bca0cb,f5a9ba4b-aed0-4af0-ab6a-108860465098,Alice,2026-01-25 23:22:47.478881+00
cbbacd12-cac4-4f81-8c07-999601b604dd,135c52bf-f68b-4103-9d75-ea13fc8e0893,Gosaku (voice),2026-02-03 06:58:34.659954+00
cbbacd12-cac4-4f81-8c07-999601b604dd,20b28e2e-d8d1-4b6b-a43d-f57c5276a4a0,Person in Bank (voice),2026-02-03 06:58:34.659954+00
cbbacd12-cac4-4f81-8c07-999601b604dd,22009fe3-89d7-4ebe-a456-9c044e9a232f,Aunt's House Guest (voice),2026-02-03 06:58:34.659954+00
cbbacd12-cac4-4f81-8c07-999601b604dd,3587a718-2ca2-4e80-a819-df4b92aee7ac,Nurse (voice),2026-02-03 06:58:34.659954+00
cbbacd12-cac4-4f81-8c07-999601b604dd,48896d8d-4f2e-45fa-a97a-b7e51029e387,Man who arrests Seita (voice),2026-02-03 06:58:34.659954+00
cbbacd12-cac4-4f81-8c07-999601b604dd,562c46d8-227d-4376-b2ef-b39da0e4ead5,Seita (voice),2026-02-03 06:58:34.659954+00
cbbacd12-cac4-4f81-8c07-999601b604dd,6123afe6-8fd4-40ca-a1db-4095e744f590,Setsuko (voice),2026-02-03 06:58:34.659954+00
cbbacd12-cac4-4f81-8c07-999601b604dd,7b04cc50-d424-46b4-9ede-119a5340bd43,Woman who takes care of Setsuko (voice),2026-02-03 06:58:34.659954+00
cbbacd12-cac4-4f81-8c07-999601b604dd,8538ff01-b063-4f93-9bb5-d17cc0925a3c,Station Worker / Doctor (voice),2026-02-03 06:58:34.659954+00
cbbacd12-cac4-4f81-8c07-999601b604dd,868bf5d4-6c80-4a61-9870-70ba5fde733a,Person in Bank (voice),2026-02-03 06:58:34.659954+00
cbbacd12-cac4-4f81-8c07-999601b604dd,93c058e7-f968-4774-bca3-3adf571538c7,Station Worker (voice),2026-02-03 06:58:34.659954+00
cbbacd12-cac4-4f81-8c07-999601b604dd,9f6eeae9-c8c3-4eb9-8913-310f95023cae,(voice),2026-02-03 06:58:34.659954+00
cbbacd12-cac4-4f81-8c07-999601b604dd,b3a06ecb-2948-4455-a90e-a85a733f6d51,Obayashi Chairman (voice),2026-02-03 06:58:34.659954+00
cbbacd12-cac4-4f81-8c07-999601b604dd,b57c2269-5f8c-4646-950e-058ebce7acfe,Person in Bank (voice),2026-02-03 06:58:34.659954+00
cbbacd12-cac4-4f81-8c07-999601b604dd,d3672b0c-4d06-481c-bbdb-c9ed683c8be6,Patrolman (voice),2026-02-03 06:58:34.659954+00
cbbacd12-cac4-4f81-8c07-999601b604dd,e1b55cda-5bc6-4c06-9922-57ca9a804f78,Auntie (voice),2026-02-03 06:58:34.659954+00
cbbacd12-cac4-4f81-8c07-999601b604dd,edefeb99-8488-45c5-bf78-67a00fadab64,Mother (voice),2026-02-03 06:58:34.659954+00
cbbacd12-cac4-4f81-8c07-999601b604dd,f4093c56-e776-4eb1-80a9-b9ad102b2561,Cousin (voice),2026-02-03 06:58:34.659954+00
ce63e6d4-32ac-460b-bf44-874d7f9ef805,03df6ce6-13e8-4c99-8fec-6bfea45a7776,Dr. Helen Cho,2026-01-29 18:14:03.57352+00
ce63e6d4-32ac-460b-bf44-874d7f9ef805,064ad7a2-8981-410f-aed8-26db99d776b7,Ultron (voice),2026-01-29 18:14:03.57352+00
ce63e6d4-32ac-460b-bf44-874d7f9ef805,10e4569b-e002-4b0b-aa94-a9ebfdbd3276,Tony Stark / Iron Man,2026-01-29 18:14:03.57352+00
ce63e6d4-32ac-460b-bf44-874d7f9ef805,2f95ea1f-8059-459c-82b0-334b6b247ef3,Pietro Maximoff / Quicksilver,2026-01-29 18:14:03.57352+00
ce63e6d4-32ac-460b-bf44-874d7f9ef805,42c0f51c-cc28-4b20-a2d7-3a1a8783f5de,Steve Rogers / Captain America,2026-01-29 18:14:03.57352+00
ce63e6d4-32ac-460b-bf44-874d7f9ef805,7364ed08-e47a-4219-b1ea-fcc6d14dfc04,Laura Barton,2026-01-29 18:14:03.57352+00
ce63e6d4-32ac-460b-bf44-874d7f9ef805,773b207b-dbb4-4995-b991-6ddcd48b3dad,Peggy Carter,2026-01-29 18:14:03.57352+00
ce63e6d4-32ac-460b-bf44-874d7f9ef805,79c6d245-c493-49c1-9d1a-47da885b9c55,Natasha Romanoff / Black Widow,2026-01-29 18:14:03.57352+00
ce63e6d4-32ac-460b-bf44-874d7f9ef805,7e285f93-9e99-47e8-ae8a-461cb7b7d0c6,Bruce Banner / Hulk,2026-01-29 18:14:03.57352+00
ce63e6d4-32ac-460b-bf44-874d7f9ef805,82ae72d2-584a-4d22-8640-71e33685d2dc,Maria Hill,2026-01-29 18:14:03.57352+00
ce63e6d4-32ac-460b-bf44-874d7f9ef805,82d6fbfc-7f8d-4ef5-825e-8af562b51935,James Rhodes / War Machine,2026-01-29 18:14:03.57352+00
ce63e6d4-32ac-460b-bf44-874d7f9ef805,9297e88f-f4d2-47ea-9c3c-e727072cbf6b,Heimdall,2026-01-29 18:14:03.57352+00
ce63e6d4-32ac-460b-bf44-874d7f9ef805,932dc5e2-4dc7-4e6d-a135-1e2a19b93fa4,Thor,2026-01-29 18:14:03.57352+00
ce63e6d4-32ac-460b-bf44-874d7f9ef805,ba007c31-0228-4c0b-9603-383be5d429cd,Erik Selvig,2026-01-29 18:14:03.57352+00
ce63e6d4-32ac-460b-bf44-874d7f9ef805,c38c01a7-6150-4c01-9d12-efe42883570f,Wanda Maximoff / Scarlet Witch,2026-01-29 18:14:03.57352+00
ce63e6d4-32ac-460b-bf44-874d7f9ef805,c9a3443c-9117-4209-be04-7933c51fed79,Nick Fury,2026-01-29 18:14:03.57352+00
ce63e6d4-32ac-460b-bf44-874d7f9ef805,ce3d3ace-83b7-4b40-b778-64bd66948da0,Sam Wilson / The Falcon,2026-01-29 18:14:03.57352+00
ce63e6d4-32ac-460b-bf44-874d7f9ef805,e1d05cf2-7891-435d-afb9-6cf87cd02a13,Jarvis / Vision,2026-01-29 18:14:03.57352+00
ce63e6d4-32ac-460b-bf44-874d7f9ef805,eb5796a9-ee58-4f21-84a3-cf4ed673705b,Strucker,2026-01-29 18:14:03.57352+00
ce63e6d4-32ac-460b-bf44-874d7f9ef805,eb6fe15e-fce6-4000-97b0-c10e088fa6d4,Clint Barton / Hawkeye,2026-01-29 18:14:03.57352+00
d0e0580b-b85b-4871-9851-a952c4e2e875,2a075477-c721-4193-a501-0aaea8b6d773,Cal Hockley,2026-01-25 23:22:47.478881+00
d0e0580b-b85b-4871-9851-a952c4e2e875,41d34edc-269e-44e5-8f75-975176f7bb62,Fabrizio,2026-01-25 23:22:47.478881+00
d0e0580b-b85b-4871-9851-a952c4e2e875,5b5e1354-3930-4c92-98e5-084c26d6b700,Jack Dawson,2026-01-25 23:22:47.478881+00
d0e0580b-b85b-4871-9851-a952c4e2e875,6dc9c856-0c64-4b53-8fd2-7701c0ac3fb7,Molly Brown,2026-01-25 23:22:47.478881+00
d0e0580b-b85b-4871-9851-a952c4e2e875,7eca094a-05a3-4d67-b192-0844906483a1,Rose DeWitt Bukater,2026-01-25 23:22:47.478881+00
d0e0580b-b85b-4871-9851-a952c4e2e875,87919c00-430c-464b-8556-eb0ca33871ff,Lizzy Calvert,2026-01-25 23:22:47.478881+00
d0e0580b-b85b-4871-9851-a952c4e2e875,93c89892-f0ac-40c0-ac3f-b4684637ac07,Fifth Officer Lowe,2026-01-25 23:22:47.478881+00
d0e0580b-b85b-4871-9851-a952c4e2e875,a2beff0a-66cd-4ae7-b761-462f5bdba037,Captain Smith,2026-01-25 23:22:47.478881+00
d0e0580b-b85b-4871-9851-a952c4e2e875,a2fd7046-1686-44ab-8f4c-063ad2c729d2,Tommy Ryan,2026-01-25 23:22:47.478881+00
d0e0580b-b85b-4871-9851-a952c4e2e875,b1bafdf7-424c-418b-9fbc-c917d2e0b13d,Old Rose,2026-01-25 23:22:47.478881+00
d0e0580b-b85b-4871-9851-a952c4e2e875,b2b638fe-9184-447e-bf4e-19b7cd085917,2nd Officer Lightoller,2026-01-25 23:22:47.478881+00
d0e0580b-b85b-4871-9851-a952c4e2e875,b56bd0a6-baaa-4b17-a783-68aa5dc8c2ca,Spicer Lovejoy,2026-01-25 23:22:47.478881+00
d0e0580b-b85b-4871-9851-a952c4e2e875,bae8c3af-af9b-485a-8416-cbb624940dd9,Brock Lovett,2026-01-25 23:22:47.478881+00
d0e0580b-b85b-4871-9851-a952c4e2e875,c062cfd5-09a1-489c-9086-b7634d717461,1st Officer Murdoch,2026-01-25 23:22:47.478881+00
d0e0580b-b85b-4871-9851-a952c4e2e875,c20281b4-44f2-45fd-9ec3-0d859cbbc4bf,Anatoly Milkailavich,2026-01-25 23:22:47.478881+00
d0e0580b-b85b-4871-9851-a952c4e2e875,c50855b3-09d5-40ed-96ee-52a5ba941bb2,Thomas Andrews,2026-01-25 23:22:47.478881+00
d0e0580b-b85b-4871-9851-a952c4e2e875,ce2449e6-170b-46c9-8794-6ca76361652a,Ruth DeWitt Bukater,2026-01-25 23:22:47.478881+00
d0e0580b-b85b-4871-9851-a952c4e2e875,d1a58056-62b1-4276-8e9a-b887badac599,Lewis Bodine,2026-01-25 23:22:47.478881+00
d0e0580b-b85b-4871-9851-a952c4e2e875,de997351-989a-4082-8d30-cdb97d500f8b,Bobby Buell,2026-01-25 23:22:47.478881+00
d0e0580b-b85b-4871-9851-a952c4e2e875,f401403b-1e96-485e-a75b-9fb016d795a4,Bruce Ismay,2026-01-25 23:22:47.478881+00
d15f381d-f4a7-4286-b245-899060896e25,0359f6b6-ed6e-4bea-b78f-a5a1a29c825e,Brick Tamland,2026-01-25 23:22:47.478881+00
d15f381d-f4a7-4286-b245-899060896e25,18e4e846-0b5b-490c-8c15-c808b235981c,Brian Fantana,2026-01-25 23:22:47.478881+00
d15f381d-f4a7-4286-b245-899060896e25,23eea68d-23c7-4d12-99a2-d20e96fe30c6,Champ Kind,2026-01-25 23:22:47.478881+00
d15f381d-f4a7-4286-b245-899060896e25,282e90d8-82da-4784-a2f7-7c34c8ea505f,Bartender,2026-01-25 23:22:47.478881+00
d15f381d-f4a7-4286-b245-899060896e25,2ce404fb-b3c3-409e-a3b1-2bd960cd44ec,Ed Harken,2026-01-25 23:22:47.478881+00
d15f381d-f4a7-4286-b245-899060896e25,30efb3bf-f864-425a-9c8f-43a827a0679c,Hot Blonde,2026-01-25 23:22:47.478881+00
d15f381d-f4a7-4286-b245-899060896e25,3dface79-76c7-43ae-aae1-ad3c841830b5,Security Guard,2026-01-25 23:22:47.478881+00
d15f381d-f4a7-4286-b245-899060896e25,5eb38571-8f0a-446a-9435-d7b639b6e731,Tino,2026-01-25 23:22:47.478881+00
d15f381d-f4a7-4286-b245-899060896e25,64bb48c4-50c2-4d56-816b-3fc56d538888,Petite Brunette,2026-01-25 23:22:47.478881+00
d15f381d-f4a7-4286-b245-899060896e25,7331abb5-b3fc-47a7-943d-e6376e213f86,Waiter at Tino's,2026-01-25 23:22:47.478881+00
d15f381d-f4a7-4286-b245-899060896e25,73b1e7b0-55a9-49fb-bd70-d48b652007e1,Garth Holliday,2026-01-25 23:22:47.478881+00
d15f381d-f4a7-4286-b245-899060896e25,7d3e8586-1ee9-4f2e-9101-8411817c38e4,Veronica Corningstone,2026-01-25 23:22:47.478881+00
d15f381d-f4a7-4286-b245-899060896e25,807ba938-b5e3-44ad-9bca-62d956892809,Mother,2026-01-25 23:22:47.478881+00
d15f381d-f4a7-4286-b245-899060896e25,80de6334-622a-4e06-9ead-6a48856d371c,Eager Cameraman,2026-01-25 23:22:47.478881+00
d15f381d-f4a7-4286-b245-899060896e25,a8d25e8e-1ff7-4ede-b108-296d09ad77c0,Tino's Bassist,2026-01-25 23:22:47.478881+00
d15f381d-f4a7-4286-b245-899060896e25,ade95d83-34a6-4d12-8964-15f5520179da,Helen,2026-01-25 23:22:47.478881+00
d15f381d-f4a7-4286-b245-899060896e25,c358d367-e4da-4671-9adc-e3cf5936725d,Stage Manager,2026-01-25 23:22:47.478881+00
d15f381d-f4a7-4286-b245-899060896e25,eb54aceb-7afb-4e62-85b0-d11bb94cf6e9,MC,2026-01-25 23:22:47.478881+00
d15f381d-f4a7-4286-b245-899060896e25,ee7a52c9-df03-4a51-9790-e225a3005020,Director,2026-01-25 23:22:47.478881+00
d15f381d-f4a7-4286-b245-899060896e25,f272ecc1-0bf6-45a3-8509-6dd0c237b789,Ron Burgundy,2026-01-25 23:22:47.478881+00
d3475b36-adc8-4141-a0c1-01c38b2728e1,065452b5-82d6-43cd-8677-6b34f9f1b15a,Lily,2026-01-25 23:22:47.478881+00
d3475b36-adc8-4141-a0c1-01c38b2728e1,283ebc1d-fb1e-4d28-9408-8a029482dc69,Leo Du Marier,2026-01-25 23:22:47.478881+00
d3475b36-adc8-4141-a0c1-01c38b2728e1,36f515c5-39a7-46dd-9e62-0ed11ecee01b,TV Sports Commentator (Atlanta 2019),2026-01-25 23:22:47.478881+00
d3475b36-adc8-4141-a0c1-01c38b2728e1,3824c077-ee6d-4ff1-9951-ac70c868ca97,Patrick Zweig,2026-01-25 23:22:47.478881+00
d3475b36-adc8-4141-a0c1-01c38b2728e1,38326772-cb13-4f60-b7e0-e0e19917bac7,Art's Security Guard,2026-01-25 23:22:47.478881+00
d3475b36-adc8-4141-a0c1-01c38b2728e1,389dd350-cbb2-4353-a6bf-e6496084329a,New Rochelle Parking Lot Guard,2026-01-25 23:22:47.478881+00
d3475b36-adc8-4141-a0c1-01c38b2728e1,3bf4c931-1929-43d3-9ee7-df1d11541067,USTA Official / Line Judge US Open Jr.,2026-01-25 23:22:47.478881+00
d3475b36-adc8-4141-a0c1-01c38b2728e1,448eab1d-90cc-4be4-b507-e2ab12023353,Motel Husband,2026-01-25 23:22:47.478881+00
d3475b36-adc8-4141-a0c1-01c38b2728e1,514f8951-6030-46fe-aa9a-c45efd9ca999,Tashi's Mother,2026-01-25 23:22:47.478881+00
d3475b36-adc8-4141-a0c1-01c38b2728e1,61bafbe9-8a3a-4341-8cfa-f7c2cbe5745e,Y. Kucera (US Open Jr. Player),2026-01-25 23:22:47.478881+00
d3475b36-adc8-4141-a0c1-01c38b2728e1,6cebd062-fc99-4e88-8a2d-a9771927c052,Motel Front Desk Clerk,2026-01-25 23:22:47.478881+00
d3475b36-adc8-4141-a0c1-01c38b2728e1,82880f9a-6b78-4eec-875c-739c1fc95171,TV Sports Commentator (Atlanta 2019),2026-01-25 23:22:47.478881+00
d3475b36-adc8-4141-a0c1-01c38b2728e1,8361de2f-c98c-4ef4-a131-88f4c24d6d6a,Woman With Headset (Atlanta 2019),2026-01-25 23:22:47.478881+00
d3475b36-adc8-4141-a0c1-01c38b2728e1,8f0b97e9-e33e-435f-8c00-a7d6283cb8cf,Motel Husband,2026-01-25 23:22:47.478881+00
d3475b36-adc8-4141-a0c1-01c38b2728e1,9084b733-221b-41b2-a5a5-67e4858b0a89,Line Judge (New Rochelle Final),2026-01-25 23:22:47.478881+00
d3475b36-adc8-4141-a0c1-01c38b2728e1,9f735c9d-40b9-4750-bb80-c257b3de74bf,Line Judge (New Rochelle Final),2026-01-25 23:22:47.478881+00
d3475b36-adc8-4141-a0c1-01c38b2728e1,b67a1683-1618-413c-b117-ee12e9102173,Art's Physiotherapist,2026-01-25 23:22:47.478881+00
d3475b36-adc8-4141-a0c1-01c38b2728e1,b9a8b933-8e18-4419-a7cd-1293c05d021e,Art Donaldson,2026-01-25 23:22:47.478881+00
d3475b36-adc8-4141-a0c1-01c38b2728e1,f511ff7a-f650-4945-8310-a0c35c48e650,Tashi Donaldson,2026-01-25 23:22:47.478881+00
d3475b36-adc8-4141-a0c1-01c38b2728e1,fb596f25-4fef-4b3a-8bc6-9631d989d48a,Umpire (New Rochelle Final),2026-01-25 23:22:47.478881+00
d5327004-9b33-4656-8672-9c02c3d71398,29a1efb1-836f-4add-b16f-03d51f91ff97,Nihilist,2026-02-03 07:03:27.467866+00
d5327004-9b33-4656-8672-9c02c3d71398,384d6a67-af44-4603-8a1e-c6311955f302,The Big Lebowski,2026-02-03 07:03:27.467866+00
d5327004-9b33-4656-8672-9c02c3d71398,42ed064e-0543-4f5c-9045-0aa398f77010,Nihilist,2026-02-03 07:03:27.467866+00
d5327004-9b33-4656-8672-9c02c3d71398,53bb737c-a9ae-4bcc-8d0d-89371e4bcc74,Maude's Thug,2026-02-03 07:03:27.467866+00
d5327004-9b33-4656-8672-9c02c3d71398,5939c529-8d33-44d4-96f3-b98c51b19524,Walter Sobchak,2026-02-03 07:03:27.467866+00
d5327004-9b33-4656-8672-9c02c3d71398,5d8257a1-8f65-432b-bf4f-ec1db3dddbe9,Quintana's Partner,2026-02-03 07:03:27.467866+00
d5327004-9b33-4656-8672-9c02c3d71398,662dd9bc-8165-49d0-ba5c-9fcd983a344a,Older Cop,2026-02-03 07:03:27.467866+00
d5327004-9b33-4656-8672-9c02c3d71398,6663188a-d56d-4db5-a16f-e5983311172e,Donny,2026-02-03 07:03:27.467866+00
d5327004-9b33-4656-8672-9c02c3d71398,69247bc2-b5f4-492b-9e76-2c683989381a,Jesus Quintana,2026-02-03 07:03:27.467866+00
d5327004-9b33-4656-8672-9c02c3d71398,702662f5-36db-424b-b353-09b78e391b86,Nihilist,2026-02-03 07:03:27.467866+00
d5327004-9b33-4656-8672-9c02c3d71398,7f7093be-7e2d-4cce-b04f-d3025324d303,Smokey,2026-02-03 07:03:27.467866+00
d5327004-9b33-4656-8672-9c02c3d71398,986f494c-cccf-4d15-bed7-dd00e3c45fce,Maude's Thug,2026-02-03 07:03:27.467866+00
d5327004-9b33-4656-8672-9c02c3d71398,a35af063-b5e9-4e71-a9da-a7beab083215,Younger Cop,2026-02-03 07:03:27.467866+00
d5327004-9b33-4656-8672-9c02c3d71398,acc2dc83-c4ff-4c56-a7e8-b4f7ee3ba235,Maude Lebowski,2026-02-03 07:03:27.467866+00
d5327004-9b33-4656-8672-9c02c3d71398,aed4fd90-940f-4413-af47-97cf7c1c9035,Treehorn Thug,2026-02-03 07:03:27.467866+00
d5327004-9b33-4656-8672-9c02c3d71398,b66e975e-5d0d-4d81-b776-bd0f4fefe69a,Treehorn Thug,2026-02-03 07:03:27.467866+00
d5327004-9b33-4656-8672-9c02c3d71398,cee3565e-7406-4140-830f-0665d0cf1dc9,Brandt,2026-02-03 07:03:27.467866+00
d5327004-9b33-4656-8672-9c02c3d71398,db190876-a435-4369-9ef3-4ea99dabc853,The Dude,2026-02-03 07:03:27.467866+00
d5327004-9b33-4656-8672-9c02c3d71398,e7c64228-09b5-4fa2-b943-02561cd7b1b2,Bunny Lebowski,2026-02-03 07:03:27.467866+00
d5327004-9b33-4656-8672-9c02c3d71398,f5cfce9b-f12d-4d22-94ac-ce283a8560ba,Dude's Landlord,2026-02-03 07:03:27.467866+00
d5f3a604-bbe6-470a-9499-2aff7aa74fec,22db93df-def9-4e19-9869-d1368cce7779,Oin,2026-01-25 23:22:47.478881+00
d5f3a604-bbe6-470a-9499-2aff7aa74fec,3d527963-a3e8-44a8-b65a-b21308f54bd0,Dori / Bert Troll,2026-01-25 23:22:47.478881+00
d5f3a604-bbe6-470a-9499-2aff7aa74fec,3fc891ba-dd19-40e3-89a9-80e9b0846aa4,Bilbo Baggins,2026-01-25 23:22:47.478881+00
d5f3a604-bbe6-470a-9499-2aff7aa74fec,5dfeaf91-2f35-48ba-ae0c-519fd301212f,The Great Goblin,2026-01-25 23:22:47.478881+00
d5f3a604-bbe6-470a-9499-2aff7aa74fec,73d0b464-76c2-4ffc-b026-e62b2fc63045,Gloin / William Troll,2026-01-25 23:22:47.478881+00
d5f3a604-bbe6-470a-9499-2aff7aa74fec,7bc7d549-ceab-42b2-a61c-741f7f356038,Ori,2026-01-25 23:22:47.478881+00
d5f3a604-bbe6-470a-9499-2aff7aa74fec,8a65e4ee-efe8-4024-949b-afee37081be8,Gandalf the Grey,2026-01-25 23:22:47.478881+00
d5f3a604-bbe6-470a-9499-2aff7aa74fec,90b6662a-c3f8-4917-be06-eab1d4e04ef4,Balin,2026-01-25 23:22:47.478881+00
d5f3a604-bbe6-470a-9499-2aff7aa74fec,985e5493-4cc8-4b2f-b593-fd0f0d029dbe,Kili,2026-01-25 23:22:47.478881+00
d5f3a604-bbe6-470a-9499-2aff7aa74fec,9a2777f6-4aa1-49dd-937b-63748fc5c53a,Gollum,2026-01-25 23:22:47.478881+00
d5f3a604-bbe6-470a-9499-2aff7aa74fec,a62c41b5-33c2-43b7-adca-cb9e323acda2,Bifur / Tom Troll,2026-01-25 23:22:47.478881+00
d5f3a604-bbe6-470a-9499-2aff7aa74fec,ae5568e0-3f8d-4643-be56-4bab8bb13dd5,Nori,2026-01-25 23:22:47.478881+00
d5f3a604-bbe6-470a-9499-2aff7aa74fec,b9dbd52b-ec17-48bc-a7f0-b4760dd8f6ac,King Thranduil,2026-01-25 23:22:47.478881+00
d5f3a604-bbe6-470a-9499-2aff7aa74fec,d6a0c084-ad02-41e8-8c5e-8363009be8b0,Thorin Oakenshield,2026-01-25 23:22:47.478881+00
d5f3a604-bbe6-470a-9499-2aff7aa74fec,dc794743-d5cf-4c8d-a55f-8c38ea5aaf0d,Bombur,2026-01-25 23:22:47.478881+00
d5f3a604-bbe6-470a-9499-2aff7aa74fec,e1061c5b-3e84-4902-b1e3-32b00e9d69d2,Dwalin,2026-01-25 23:22:47.478881+00
d5f3a604-bbe6-470a-9499-2aff7aa74fec,e8884495-dcc9-428f-bc19-d6a496fe29db,Fili,2026-01-25 23:22:47.478881+00
d5f3a604-bbe6-470a-9499-2aff7aa74fec,e970be33-901b-436d-8417-5379757a9fb1,Galadriel,2026-01-25 23:22:47.478881+00
d5f3a604-bbe6-470a-9499-2aff7aa74fec,f8308bd4-3673-4f97-a2ce-4bf291d4d221,Bofur,2026-01-25 23:22:47.478881+00
d5f3a604-bbe6-470a-9499-2aff7aa74fec,fde6ed4a-703e-4c1e-bf2c-867a5be67f63,Radagast the Brown,2026-01-25 23:22:47.478881+00
d6818a3d-2748-494d-a024-77b809e0f73f,1e05848c-94be-4ec8-a818-6b45856c2773,Biocyte Security Guard #2,2026-01-25 23:22:47.478881+00
d6818a3d-2748-494d-a024-77b809e0f73f,1ea96119-afa1-4e9a-ae0c-0befdc40094e,Ulrich,2026-01-25 23:22:47.478881+00
d6818a3d-2748-494d-a024-77b809e0f73f,3563a800-f5fd-4513-8dd2-87429cfd6cc6,McCloy,2026-01-25 23:22:47.478881+00
d6818a3d-2748-494d-a024-77b809e0f73f,3d7aad25-7822-4494-a055-e8711614c6b9,Dr. Gradsky,2026-01-25 23:22:47.478881+00
d6818a3d-2748-494d-a024-77b809e0f73f,3e98fdc1-5b03-40e0-89da-0c91471b329f,Luther Stickell,2026-01-25 23:22:47.478881+00
d6818a3d-2748-494d-a024-77b809e0f73f,5326673c-baff-46e0-9c77-09b641a5cbef,Hugh Stamp,2026-01-25 23:22:47.478881+00
d6818a3d-2748-494d-a024-77b809e0f73f,609bb0aa-1647-46fa-b751-4db1836a11e4,Larrabee,2026-01-25 23:22:47.478881+00
d6818a3d-2748-494d-a024-77b809e0f73f,67ec850d-7783-489f-af5a-451b2db7b8c0,Dr. Nekhorvich,2026-01-25 23:22:47.478881+00
d6818a3d-2748-494d-a024-77b809e0f73f,7c76540a-c2cc-4a5a-ab2e-5362934316c2,Relief Pilot,2026-01-25 23:22:47.478881+00
d6818a3d-2748-494d-a024-77b809e0f73f,b6a28b49-5649-458f-a897-9377a4bd4264,Bookie,2026-01-25 23:22:47.478881+00
d6818a3d-2748-494d-a024-77b809e0f73f,b9589f4d-0481-4bc8-98d9-679bc73af0ac,Biocyte Security Guard #1,2026-01-25 23:22:47.478881+00
d6818a3d-2748-494d-a024-77b809e0f73f,d31f4b19-f9a1-4cf7-8683-6eb95b4a2da5,Flamenco Dancer #4,2026-01-25 23:22:47.478881+00
d6818a3d-2748-494d-a024-77b809e0f73f,e0178a7b-6e9b-42e4-b459-71cf29086ffc,McCloy's Chemist,2026-01-25 23:22:47.478881+00
d6818a3d-2748-494d-a024-77b809e0f73f,e15fa57e-b4a9-484a-b89e-6d555ce6d22b,Billy Baird,2026-01-25 23:22:47.478881+00
d6818a3d-2748-494d-a024-77b809e0f73f,e5f2f802-37a5-4a12-af01-17df56b8b983,Nyah Hall,2026-01-25 23:22:47.478881+00
d6818a3d-2748-494d-a024-77b809e0f73f,e6d06bdf-c277-46bf-9b3b-f90f5886cbae,Wallis,2026-01-25 23:22:47.478881+00
d6818a3d-2748-494d-a024-77b809e0f73f,ebff6b2c-b5d5-47c8-b9d7-307ed55c61de,Michael,2026-01-25 23:22:47.478881+00
d6818a3d-2748-494d-a024-77b809e0f73f,ee9680b0-482a-4a29-962a-84e996af001d,McCloy's Accountant,2026-01-25 23:22:47.478881+00
d6818a3d-2748-494d-a024-77b809e0f73f,f4fab97d-7773-4fef-afba-c0ca9bb2ba3e,Sean Ambrose,2026-01-25 23:22:47.478881+00
d6818a3d-2748-494d-a024-77b809e0f73f,f7c1d3b1-86da-4eae-86cc-3400bc57efe3,Ethan Hunt,2026-01-25 23:22:47.478881+00
d6bebb69-c66f-464d-a0d6-1becad315aa3,007c334a-0d28-4a44-ab0f-d97504e2a073,Sam Witwicky,2026-01-25 23:22:47.478881+00
d6bebb69-c66f-464d-a0d6-1becad315aa3,02844c78-caa2-4c40-acb9-4ba5675c1d8c,Arcee Rider,2026-01-25 23:22:47.478881+00
d6bebb69-c66f-464d-a0d6-1becad315aa3,0429c2f0-432a-4c11-a47e-97cfa31a4878,Fallen (voice),2026-01-25 23:22:47.478881+00
d6bebb69-c66f-464d-a0d6-1becad315aa3,09107e5d-3dc8-4a8b-9821-fee6359838f6,Galloway,2026-01-25 23:22:47.478881+00
d6bebb69-c66f-464d-a0d6-1becad315aa3,0f7f8035-cfa0-4ed3-8f7a-562636ec56ad,Alice,2026-01-25 23:22:47.478881+00
d6bebb69-c66f-464d-a0d6-1becad315aa3,45d76223-6224-4b1d-b59d-0c30489d23e2,Cal,2026-01-25 23:22:47.478881+00
d6bebb69-c66f-464d-a0d6-1becad315aa3,49a0d3eb-2b61-4e96-b772-a8cea40e51d9,Special Air Service Forces,2026-01-25 23:22:47.478881+00
d6bebb69-c66f-464d-a0d6-1becad315aa3,568005c7-a744-45ee-97c2-cf343b793fc2,Professor Colan,2026-01-25 23:22:47.478881+00
d6bebb69-c66f-464d-a0d6-1becad315aa3,5b1b5fa3-e21e-47c4-9769-fedb6b9e5419,Mikaela Banes,2026-01-25 23:22:47.478881+00
d6bebb69-c66f-464d-a0d6-1becad315aa3,68766ded-64b2-4483-9fe9-ac8d8651ec35,Major Lennox,2026-01-25 23:22:47.478881+00
d6bebb69-c66f-464d-a0d6-1becad315aa3,69247bc2-b5f4-492b-9e76-2c683989381a,Simmons,2026-01-25 23:22:47.478881+00
d6bebb69-c66f-464d-a0d6-1becad315aa3,7fcd749b-7993-447c-9ae0-14dadfe366bb,Judy Witwicky,2026-01-25 23:22:47.478881+00
d6bebb69-c66f-464d-a0d6-1becad315aa3,96f415fd-2a38-461b-8d82-8bddba589200,Aide,2026-01-25 23:22:47.478881+00
d6bebb69-c66f-464d-a0d6-1becad315aa3,aa7d82a7-4885-4dd5-bd57-f7e3afd2a092,Special Air Service Forces,2026-01-25 23:22:47.478881+00
d6bebb69-c66f-464d-a0d6-1becad315aa3,b4388892-8670-4483-b541-a43b60c80e99,Ron Witwicky,2026-01-25 23:22:47.478881+00
d6bebb69-c66f-464d-a0d6-1becad315aa3,b5274740-6fe6-4ae3-935c-1e2a34d8192d,Optimus Prime (voice),2026-01-25 23:22:47.478881+00
d6bebb69-c66f-464d-a0d6-1becad315aa3,c1e6f7dd-e1a8-4fa4-bb79-993bcc82e1b9,Megatron (voice),2026-01-25 23:22:47.478881+00
d6bebb69-c66f-464d-a0d6-1becad315aa3,d7984f24-efe4-400b-b611-247b9fc23923,General Morshower,2026-01-25 23:22:47.478881+00
d6bebb69-c66f-464d-a0d6-1becad315aa3,e59c2723-c267-45b7-8026-9cda906e6fc8,USAF Chief Master Sergeant Epps,2026-01-25 23:22:47.478881+00
d6bebb69-c66f-464d-a0d6-1becad315aa3,e7420415-3432-45a8-b167-bed5611d9ee1,Leo Spitz,2026-01-25 23:22:47.478881+00
d8ea2af1-8454-4123-bd76-b4a7839b2984,1863f1c4-744c-496f-b47d-d4bb6be77b2d,Capitán Guardia Civil,2026-02-03 06:59:55.093954+00
d8ea2af1-8454-4123-bd76-b4a7839b2984,21f60341-83fe-43db-ac27-43846ab17489,Mercedes,2026-02-03 06:59:55.093954+00
d8ea2af1-8454-4123-bd76-b4a7839b2984,24282269-a187-42ac-8099-1e1c6c14183c,Serrano,2026-02-03 06:59:55.093954+00
d8ea2af1-8454-4123-bd76-b4a7839b2984,2fa3f159-f934-4425-bffe-7c60a2c8f3f6,Jacinta,2026-02-03 06:59:55.093954+00
d8ea2af1-8454-4123-bd76-b4a7839b2984,3969ef9a-d437-497d-b5f2-dc6cdfe3925b,Jefe de botiquín,2026-02-03 06:59:55.093954+00
d8ea2af1-8454-4123-bd76-b4a7839b2984,455390f3-565d-44b7-8e7e-074207cf6d58,Capitán Vidal,2026-02-03 06:59:55.093954+00
d8ea2af1-8454-4123-bd76-b4a7839b2984,4957b0a0-25d4-4b08-a6c6-9b589d023d1b,Carmen,2026-02-03 06:59:55.093954+00
d8ea2af1-8454-4123-bd76-b4a7839b2984,4e9aa9d6-6393-4adc-910f-5150319c8961,Padre,2026-02-03 06:59:55.093954+00
d8ea2af1-8454-4123-bd76-b4a7839b2984,58834fbe-4651-4e0b-bf8a-52bfc5fe9004,Alcalde,2026-02-03 06:59:55.093954+00
d8ea2af1-8454-4123-bd76-b4a7839b2984,62040fc9-5824-414a-bb9e-06f07687e730,Fauno / Pale Man,2026-02-03 06:59:55.093954+00
d8ea2af1-8454-4123-bd76-b4a7839b2984,63f9c8ac-15a0-4b19-96f5-9e4668c1d99e,Esposa del doctor,2026-02-03 06:59:55.093954+00
d8ea2af1-8454-4123-bd76-b4a7839b2984,6403b447-35ef-485d-996a-f3c8c262e91d,Francés,2026-02-03 06:59:55.093954+00
d8ea2af1-8454-4123-bd76-b4a7839b2984,ad3e5f90-e800-453e-88bb-9f95a8da4ceb,El Tarta,2026-02-03 06:59:55.093954+00
d8ea2af1-8454-4123-bd76-b4a7839b2984,b8d14e97-a075-4817-a9cd-022c8c8cab89,Pedro,2026-02-03 06:59:55.093954+00
d8ea2af1-8454-4123-bd76-b4a7839b2984,bcd9fb59-c953-4b5d-8163-e94ac0127852,Sacerdote,2026-02-03 06:59:55.093954+00
d8ea2af1-8454-4123-bd76-b4a7839b2984,bf896997-39c1-4533-ac2d-96d2146d97e5,Esposa del alcalde,2026-02-03 06:59:55.093954+00
d8ea2af1-8454-4123-bd76-b4a7839b2984,cc6bb8de-edc5-4535-8a93-0423bc692dcc,Ofelia,2026-02-03 06:59:55.093954+00
d8ea2af1-8454-4123-bd76-b4a7839b2984,dbfb6173-5355-4121-a40e-b9dc8147f14a,Garcés,2026-02-03 06:59:55.093954+00
d8ea2af1-8454-4123-bd76-b4a7839b2984,f68392ea-9ebe-44ca-9732-64a4c80c7955,Conchita,2026-02-03 06:59:55.093954+00
d8ea2af1-8454-4123-bd76-b4a7839b2984,fc901d65-a1ea-4738-8b02-9293295c09ca,Dr. Ferreiro,2026-02-03 06:59:55.093954+00
d989fc27-30db-45bb-9264-16e269df05e9,00e1a78e-2dbd-482b-b0e7-c48063570471,Lead Coven Witch,2026-01-25 23:22:47.478881+00
d989fc27-30db-45bb-9264-16e269df05e9,05bd1699-994b-4abf-a09f-aedbab5d734d,The Witch,2026-01-25 23:22:47.478881+00
d989fc27-30db-45bb-9264-16e269df05e9,0a7bf505-4724-4562-9776-671b7285dda4,William,2026-01-25 23:22:47.478881+00
d989fc27-30db-45bb-9264-16e269df05e9,12dbf7ba-afe5-4799-954d-c5786b141920,Samuel,2026-01-25 23:22:47.478881+00
d989fc27-30db-45bb-9264-16e269df05e9,25ce9585-4199-43d6-916e-116aba04dfd0,Katherine,2026-01-25 23:22:47.478881+00
d989fc27-30db-45bb-9264-16e269df05e9,42720caa-759b-4515-96d8-49a9cf6ad754,Coven Witch,2026-01-25 23:22:47.478881+00
d989fc27-30db-45bb-9264-16e269df05e9,755db556-03fe-4307-9093-f0b9ff2156fc,Coven Witch,2026-01-25 23:22:47.478881+00
d989fc27-30db-45bb-9264-16e269df05e9,8530c184-c41d-4c39-a7b7-3a2f1ad392c2,Coven Witch,2026-01-25 23:22:47.478881+00
d989fc27-30db-45bb-9264-16e269df05e9,98ebf5bc-cd68-48de-b3a1-0480c4c67f58,Militia Man 2,2026-01-25 23:22:47.478881+00
d989fc27-30db-45bb-9264-16e269df05e9,9bb60cdd-514c-49d5-bee8-f3c4c80a80a5,Coven Witch,2026-01-25 23:22:47.478881+00
d989fc27-30db-45bb-9264-16e269df05e9,9ce6e3f7-84c7-4dbd-91c7-ad4f7ac8760e,Black Phillip (voice),2026-01-25 23:22:47.478881+00
d989fc27-30db-45bb-9264-16e269df05e9,add165bc-b8b8-4c79-95bf-7bd4da233988,"The Witch, Young",2026-01-25 23:22:47.478881+00
d989fc27-30db-45bb-9264-16e269df05e9,aefbf3aa-a2a3-45ac-9909-458c6e55c7d0,Samuel,2026-01-25 23:22:47.478881+00
d989fc27-30db-45bb-9264-16e269df05e9,af5a4ac1-7bf9-4658-b560-edd97782b20b,Caleb,2026-01-25 23:22:47.478881+00
d989fc27-30db-45bb-9264-16e269df05e9,b231dc0b-b16c-45fd-8dfc-aad471ef2074,Jonas,2026-01-25 23:22:47.478881+00
d989fc27-30db-45bb-9264-16e269df05e9,bfdf0a9f-f6d8-4a37-b67a-1f714c004934,Militia Man 1,2026-01-25 23:22:47.478881+00
d989fc27-30db-45bb-9264-16e269df05e9,c8fcb326-c5f7-4c8f-9f91-833392b8e141,Coven Witch,2026-01-25 23:22:47.478881+00
d989fc27-30db-45bb-9264-16e269df05e9,daf2a080-5036-4e7b-9e8c-43a6e4b83ffe,Governor,2026-01-25 23:22:47.478881+00
d989fc27-30db-45bb-9264-16e269df05e9,dc5a1021-7402-4326-a5cc-7717abac515f,Mercy,2026-01-25 23:22:47.478881+00
d989fc27-30db-45bb-9264-16e269df05e9,e69400ff-d7cf-4c7f-ad15-b7395e1cbba6,Thomasin,2026-01-25 23:22:47.478881+00
da258b24-1b69-42d2-9064-dabaa251502e,079c67df-1c54-411d-bf81-ffbf4c191be3,10 Year Old Rose,2026-01-25 23:22:47.478881+00
da258b24-1b69-42d2-9064-dabaa251502e,15dc3340-b23b-4a1c-82b4-3872d5bf2ee5,Officer Wilkes,2026-01-25 23:22:47.478881+00
da258b24-1b69-42d2-9064-dabaa251502e,15e40260-0454-4c92-92c7-d1455fc877c7,Carl Renken,2026-01-25 23:22:47.478881+00
da258b24-1b69-42d2-9064-dabaa251502e,211c071e-2efe-4d92-a6b7-81aa866bed17,Rose Cotter,2026-01-25 23:22:47.478881+00
da258b24-1b69-42d2-9064-dabaa251502e,3fb2ab71-c0af-4adb-9fe9-1865c8e1b3bc,Mom,2026-01-25 23:22:47.478881+00
da258b24-1b69-42d2-9064-dabaa251502e,43164240-b21a-4c9c-9e18-d2ba133e1637,Holly,2026-01-25 23:22:47.478881+00
da258b24-1b69-42d2-9064-dabaa251502e,4a02d07c-022c-44a6-a301-6766e9c34b67,Orderly Dan,2026-01-25 23:22:47.478881+00
da258b24-1b69-42d2-9064-dabaa251502e,4c3fc2b2-3aeb-4fa8-b416-855e4644da4f,Trevor,2026-01-25 23:22:47.478881+00
da258b24-1b69-42d2-9064-dabaa251502e,564534c6-f608-479f-87a5-7db7c93be125,Dr. Madeline Northcott,2026-01-25 23:22:47.478881+00
da258b24-1b69-42d2-9064-dabaa251502e,77628d2f-6fb4-4bd1-8c18-20aeaf492552,Nurse,2026-01-25 23:22:47.478881+00
da258b24-1b69-42d2-9064-dabaa251502e,85e29336-aceb-4a6e-ac0e-2e186ab17e9b,Laura Weaver,2026-01-25 23:22:47.478881+00
da258b24-1b69-42d2-9064-dabaa251502e,8988d0bf-12e1-4537-b205-299a34de5320,Officer Chan,2026-01-25 23:22:47.478881+00
da258b24-1b69-42d2-9064-dabaa251502e,8f70f314-34f6-4b99-80b7-3946dab84971,Dr. Morgan Desai,2026-01-25 23:22:47.478881+00
da258b24-1b69-42d2-9064-dabaa251502e,9b6d083a-0ba2-44b6-8621-9652dd782228,Detective Buckley,2026-01-25 23:22:47.478881+00
da258b24-1b69-42d2-9064-dabaa251502e,baeebc17-7792-45f3-9ddf-46a40274ac44,Joel,2026-01-25 23:22:47.478881+00
da258b24-1b69-42d2-9064-dabaa251502e,cbde7372-1d11-4279-9d6e-1ef49386a70a,Victoria Munoz,2026-01-25 23:22:47.478881+00
da258b24-1b69-42d2-9064-dabaa251502e,ce751ecc-fbf3-4ca3-9409-0cd6500f9307,Robert Talley,2026-01-25 23:22:47.478881+00
da258b24-1b69-42d2-9064-dabaa251502e,dc1d6388-4335-4e22-9f88-944f6b0e82bf,Greg,2026-01-25 23:22:47.478881+00
da258b24-1b69-42d2-9064-dabaa251502e,e3705eec-6dcc-4e4e-9937-29f0a1c40917,Nurse Wanda,2026-01-25 23:22:47.478881+00
da258b24-1b69-42d2-9064-dabaa251502e,f85ea906-1b67-4951-bb00-80297e492e22,Jackson,2026-01-25 23:22:47.478881+00
da9bcee0-ad95-4167-9933-450b787a74de,0a70ac49-aa02-4a58-a1fd-bd277dbe46bf,Female Anchor,2026-01-25 23:22:47.478881+00
da9bcee0-ad95-4167-9933-450b787a74de,2730f685-6e34-426f-8d10-535c547576ea,Rick Garcia,2026-01-25 23:22:47.478881+00
da9bcee0-ad95-4167-9933-450b787a74de,28ebcb95-626d-4206-80a2-2adb9ea8eb93,Sharon Tay,2026-01-25 23:22:47.478881+00
da9bcee0-ad95-4167-9933-450b787a74de,318ce8bb-3bee-4610-aac9-4e77af0e2ba3,Kent Shocknek,2026-01-25 23:22:47.478881+00
da9bcee0-ad95-4167-9933-450b787a74de,440ce73d-d273-4071-9054-2bbb9492042b,Scrapyard Owner,2026-01-25 23:22:47.478881+00
da9bcee0-ad95-4167-9933-450b787a74de,45d76223-6224-4b1d-b59d-0c30489d23e2,Security Guard,2026-01-25 23:22:47.478881+00
da9bcee0-ad95-4167-9933-450b787a74de,495b6bbb-3793-4351-af5e-1b182d568c1d,Louis Bloom,2026-01-25 23:22:47.478881+00
da9bcee0-ad95-4167-9933-450b787a74de,5cfb2174-8c6d-4b0f-b854-2bd9ae2cccce,Marcus Mayhem Video,2026-01-25 23:22:47.478881+00
da9bcee0-ad95-4167-9933-450b787a74de,6b6d0c7b-b9cf-43d3-85e3-e2f3a4af5bad,KWLA Anchor Ben Waterman,2026-01-25 23:22:47.478881+00
da9bcee0-ad95-4167-9933-450b787a74de,81099e51-f223-42e4-bea1-a81165a600f9,Jenny,2026-01-25 23:22:47.478881+00
da9bcee0-ad95-4167-9933-450b787a74de,9b4c411f-ac40-4a49-8158-5f90f69d75f2,Detective Frontieri,2026-01-25 23:22:47.478881+00
da9bcee0-ad95-4167-9933-450b787a74de,a8caa623-3a39-4e83-9191-91f8456e95db,Frank Kruse,2026-01-25 23:22:47.478881+00
da9bcee0-ad95-4167-9933-450b787a74de,bae8c3af-af9b-485a-8416-cbb624940dd9,Joe Loder,2026-01-25 23:22:47.478881+00
da9bcee0-ad95-4167-9933-450b787a74de,bc6dfeca-a61e-47d0-a40f-00b3f221997b,Linda,2026-01-25 23:22:47.478881+00
da9bcee0-ad95-4167-9933-450b787a74de,bd7dcfbb-4bfd-48eb-96c3-e73de72c1d08,Rick,2026-01-25 23:22:47.478881+00
da9bcee0-ad95-4167-9933-450b787a74de,bff0ecce-3833-48a8-873e-52c0922b8c81,Nina Romina,2026-01-25 23:22:47.478881+00
da9bcee0-ad95-4167-9933-450b787a74de,dffdb440-c3dd-4564-9d5a-7eb60f6f8085,Detective Lieberman,2026-01-25 23:22:47.478881+00
da9bcee0-ad95-4167-9933-450b787a74de,e631233a-041a-4526-b406-7de1d510a4f7,Bill Seward,2026-01-25 23:22:47.478881+00
da9bcee0-ad95-4167-9933-450b787a74de,ea921038-0863-4263-b6ee-968c2adb7fc4,Pawn Shop Owner,2026-01-25 23:22:47.478881+00
da9bcee0-ad95-4167-9933-450b787a74de,fcc642f9-dbe6-4b24-b662-57c337484009,Pat Harvey,2026-01-25 23:22:47.478881+00
db81279c-3ed8-426d-bb64-3d6a33a00d91,27089538-a9e0-4d91-a0de-265405203e23,Senator Vaspar,2026-01-25 23:22:47.478881+00
db81279c-3ed8-426d-bb64-3d6a33a00d91,297315fe-30c9-454c-bee7-f006aa9c56e6,Chirrut Imwe,2026-01-25 23:22:47.478881+00
db81279c-3ed8-426d-bb64-3d6a33a00d91,2f0d3e3c-cdee-4037-89d9-32ca29b4c259,Saw Gerrera,2026-01-25 23:22:47.478881+00
db81279c-3ed8-426d-bb64-3d6a33a00d91,3d2c005a-3dcc-493d-8c93-7b8db50d8ec3,General Merrick,2026-01-25 23:22:47.478881+00
db81279c-3ed8-426d-bb64-3d6a33a00d91,50f9ce06-9aa1-4d5a-aa44-4ea99a64a32d,General Dodonna,2026-01-25 23:22:47.478881+00
db81279c-3ed8-426d-bb64-3d6a33a00d91,586c7398-244c-465a-bd3c-42352eef005d,Orson Krennic,2026-01-25 23:22:47.478881+00
db81279c-3ed8-426d-bb64-3d6a33a00d91,6b7b98bb-d66a-4550-b1c7-380dbaab1612,Jyn Erso,2026-01-25 23:22:47.478881+00
db81279c-3ed8-426d-bb64-3d6a33a00d91,7e3b8044-50b0-4ec7-8131-0db66036bde1,K-2SO,2026-01-25 23:22:47.478881+00
db81279c-3ed8-426d-bb64-3d6a33a00d91,85d92fbe-9a91-4ff2-9a02-a5d6fad819d5,General Draven,2026-01-25 23:22:47.478881+00
db81279c-3ed8-426d-bb64-3d6a33a00d91,88b37166-5581-4b76-9cc2-84d9cd580031,Admiral Raddus (voice),2026-01-25 23:22:47.478881+00
db81279c-3ed8-426d-bb64-3d6a33a00d91,a2fa4ccb-5f24-4fc0-b6a4-1452bd4877c8,Galen Erso,2026-01-25 23:22:47.478881+00
db81279c-3ed8-426d-bb64-3d6a33a00d91,a8d30e1e-9a95-4d49-b3d1-91bd69b798f4,Baze Malbus,2026-01-25 23:22:47.478881+00
db81279c-3ed8-426d-bb64-3d6a33a00d91,ab17cd10-bc20-4b70-b76a-7b5921b55dd7,Senator Jebel,2026-01-25 23:22:47.478881+00
db81279c-3ed8-426d-bb64-3d6a33a00d91,af514640-df4e-46b4-8ca9-3b02593eb6a7,Bail Organa,2026-01-25 23:22:47.478881+00
db81279c-3ed8-426d-bb64-3d6a33a00d91,bd7dcfbb-4bfd-48eb-96c3-e73de72c1d08,Bodhi Rook,2026-01-25 23:22:47.478881+00
db81279c-3ed8-426d-bb64-3d6a33a00d91,c9e856b1-f8b0-4e94-8f65-3f0b975d1c0c,Senator Pamlo,2026-01-25 23:22:47.478881+00
db81279c-3ed8-426d-bb64-3d6a33a00d91,ee76ff7e-4902-4e6f-8d87-a45fcbf7e6ec,Cassian Andor,2026-01-25 23:22:47.478881+00
db81279c-3ed8-426d-bb64-3d6a33a00d91,f623f93e-0f6a-4b3e-95a7-dfc82c5bfbbd,Admiral Raddus,2026-01-25 23:22:47.478881+00
db81279c-3ed8-426d-bb64-3d6a33a00d91,f7cb62ab-4e28-48ae-9c8a-8f61773e336f,Governor Tarkin,2026-01-25 23:22:47.478881+00
db81279c-3ed8-426d-bb64-3d6a33a00d91,fecc4ea7-26aa-4a53-a642-02c257842c72,Mon Mothma,2026-01-25 23:22:47.478881+00
dcb4b8d7-95b0-40d6-a69b-16cf85766b8a,09c0b262-0238-4a04-8389-f1e0a9ed89be,Lt. Col. Jones,2026-01-25 23:22:47.478881+00
dcb4b8d7-95b0-40d6-a69b-16cf85766b8a,1e694f1b-831a-4c10-99ca-c8f0c211ebaf,Pastor,2026-01-25 23:22:47.478881+00
dcb4b8d7-95b0-40d6-a69b-16cf85766b8a,281828dd-c01b-426d-8ec3-e6600af9dd29,Chris Kyle,2026-01-25 23:22:47.478881+00
dcb4b8d7-95b0-40d6-a69b-16cf85766b8a,2f6b6cdf-a240-4f5c-902e-2c0d46cf7d1e,Tony,2026-01-25 23:22:47.478881+00
dcb4b8d7-95b0-40d6-a69b-16cf85766b8a,32920a4d-3091-43f0-8514-0d92dcef7fa9,Biggles,2026-01-25 23:22:47.478881+00
dcb4b8d7-95b0-40d6-a69b-16cf85766b8a,371850e2-9f52-4827-abec-4e5c4b59eca6,Instructor Rolle,2026-01-25 23:22:47.478881+00
dcb4b8d7-95b0-40d6-a69b-16cf85766b8a,3ffbb0f4-38f2-4ffd-9125-963aa88944f7,Dapper Navy Man,2026-01-25 23:22:47.478881+00
dcb4b8d7-95b0-40d6-a69b-16cf85766b8a,4c35d473-0889-4a75-9e17-0dd0799e4a4d,"""Squirrel"" / Case",2026-01-25 23:22:47.478881+00
dcb4b8d7-95b0-40d6-a69b-16cf85766b8a,759808ab-c80d-42e7-884d-aaee79e0cc8f,Jeff Kyle,2026-01-25 23:22:47.478881+00
dcb4b8d7-95b0-40d6-a69b-16cf85766b8a,8d439a01-7102-485f-8143-87b24dc2f75e,Young Jeff Kyle,2026-01-25 23:22:47.478881+00
dcb4b8d7-95b0-40d6-a69b-16cf85766b8a,90d8f350-9532-405b-9757-a588d1fff183,Wayne Kyle,2026-01-25 23:22:47.478881+00
dcb4b8d7-95b0-40d6-a69b-16cf85766b8a,91491110-cfce-4ce4-8811-7e4ce10c727d,Taya Renae Kyle,2026-01-25 23:22:47.478881+00
dcb4b8d7-95b0-40d6-a69b-16cf85766b8a,a627dccf-bc34-4af0-90e2-f357045f1cd5,Debbie Kyle,2026-01-25 23:22:47.478881+00
dcb4b8d7-95b0-40d6-a69b-16cf85766b8a,baeebc17-7792-45f3-9ddf-46a40274ac44,Goat-Winston,2026-01-25 23:22:47.478881+00
dcb4b8d7-95b0-40d6-a69b-16cf85766b8a,bf2a16d6-a0c1-4b48-9f54-3e2b82b2a81f,Bully,2026-01-25 23:22:47.478881+00
dcb4b8d7-95b0-40d6-a69b-16cf85766b8a,c7e83842-9265-4b3c-97c5-8c08bd78ad10,"""D"" / Dandridge",2026-01-25 23:22:47.478881+00
dcb4b8d7-95b0-40d6-a69b-16cf85766b8a,cbf7dd4a-0564-4283-a663-f5cee74653db,Young Chris Kyle,2026-01-25 23:22:47.478881+00
dcb4b8d7-95b0-40d6-a69b-16cf85766b8a,cf5c1ade-dcee-426e-be5c-b8295f3e7ecc,Dauber,2026-01-25 23:22:47.478881+00
dcb4b8d7-95b0-40d6-a69b-16cf85766b8a,db9a2348-5e75-42ca-befd-05dbe6edc2c5,Navy Recruiter,2026-01-25 23:22:47.478881+00
dcb4b8d7-95b0-40d6-a69b-16cf85766b8a,f1e278dc-b3b3-4643-a94f-2aa8cd672523,Sarah,2026-01-25 23:22:47.478881+00
dcee5afc-a672-42b7-ab55-00fc4a87c2e4,21f42b65-5944-4fc8-ae3a-827a13b97d4c,Inmate Billings,2026-01-25 23:22:47.478881+00
dcee5afc-a672-42b7-ab55-00fc4a87c2e4,23a3e32c-5a9d-470d-abf4-20248b165f16,Trey Washington,2026-01-25 23:22:47.478881+00
dcee5afc-a672-42b7-ab55-00fc4a87c2e4,4b47495b-e1a9-4a0b-9d1b-466d21c28a2f,Deputy Warden McPherson,2026-01-25 23:22:47.478881+00
dcee5afc-a672-42b7-ab55-00fc4a87c2e4,5764d880-c01e-4dfd-89a2-e47b487aaf57,Peter Breene,2026-01-25 23:22:47.478881+00
dcee5afc-a672-42b7-ab55-00fc4a87c2e4,5b5e1354-3930-4c92-98e5-084c26d6b700,Teddy Daniels,2026-01-25 23:22:47.478881+00
dcee5afc-a672-42b7-ab55-00fc4a87c2e4,7e285f93-9e99-47e8-ae8a-461cb7b7d0c6,Chuck Aule,2026-01-25 23:22:47.478881+00
dcee5afc-a672-42b7-ab55-00fc4a87c2e4,8ce2f9aa-1716-4ccd-bf2a-4be438024a8e,Laeddis,2026-01-25 23:22:47.478881+00
dcee5afc-a672-42b7-ab55-00fc4a87c2e4,8d7f532c-8b7e-44a3-a326-399440e3184e,George Noyce,2026-01-25 23:22:47.478881+00
dcee5afc-a672-42b7-ab55-00fc4a87c2e4,9477802e-45c4-4a6d-9e6a-11600fa17d72,Glen Miga,2026-01-25 23:22:47.478881+00
dcee5afc-a672-42b7-ab55-00fc4a87c2e4,a96f629d-12ae-4b27-a532-c872db462aa6,Rachel 1,2026-01-25 23:22:47.478881+00
dcee5afc-a672-42b7-ab55-00fc4a87c2e4,ad5fac22-6620-4eb2-a8f1-da2634947366,Nurse Marino,2026-01-25 23:22:47.478881+00
dcee5afc-a672-42b7-ab55-00fc4a87c2e4,bd60047b-6446-4707-b809-8f3f97a19fa9,Dolores,2026-01-25 23:22:47.478881+00
dcee5afc-a672-42b7-ab55-00fc4a87c2e4,c5fc2203-ecd7-46d4-b18c-ff6c295a5fe3,Ward C Guard,2026-01-25 23:22:47.478881+00
dcee5afc-a672-42b7-ab55-00fc4a87c2e4,cc648aeb-0352-4585-9408-2c0f43e3a926,Orderly Ganton,2026-01-25 23:22:47.478881+00
dcee5afc-a672-42b7-ab55-00fc4a87c2e4,d6d44b4d-b819-4237-a19c-5a0ce9a8f685,Dr. Cawley,2026-01-25 23:22:47.478881+00
dcee5afc-a672-42b7-ab55-00fc4a87c2e4,e4e65671-20c6-414a-af5a-5ed1ef2c2872,Warden,2026-01-25 23:22:47.478881+00
dcee5afc-a672-42b7-ab55-00fc4a87c2e4,ea0ffdca-c960-4595-9c88-c4639aa1d38d,Little Girl,2026-01-25 23:22:47.478881+00
dcee5afc-a672-42b7-ab55-00fc4a87c2e4,ebd3e2eb-c3d4-4b13-8415-dc1d9c4a82fe,Bridget Kearns,2026-01-25 23:22:47.478881+00
dcee5afc-a672-42b7-ab55-00fc4a87c2e4,f1bf7e23-5bd9-45ac-9176-2ddff0bdc2ce,Rachel 2,2026-01-25 23:22:47.478881+00
dcee5afc-a672-42b7-ab55-00fc4a87c2e4,f50d4163-c76e-4d5c-8e48-d42348fc232b,Dr. Naehring,2026-01-25 23:22:47.478881+00
dfaf2e6f-6f24-4508-b7b1-b3ab65dfa8d7,13877180-27ff-4d9f-9373-a9d0f6f84f4f,Seagull,2026-02-03 06:57:39.773346+00
dfaf2e6f-6f24-4508-b7b1-b3ab65dfa8d7,2875dae0-4afa-44bd-98c2-d29f9c88f582,Ephraim Winslow,2026-02-03 06:57:39.773346+00
dfaf2e6f-6f24-4508-b7b1-b3ab65dfa8d7,3b38d160-2ce5-4892-ad39-3519b7c6d1e7,Departing Wickie,2026-02-03 06:57:39.773346+00
dfaf2e6f-6f24-4508-b7b1-b3ab65dfa8d7,53177991-15d4-4047-a264-8be517fc6e19,Departing Assistant Wickie,2026-02-03 06:57:39.773346+00
dfaf2e6f-6f24-4508-b7b1-b3ab65dfa8d7,55a952b4-d7de-44f5-b600-60337846fa2f,Mermaid,2026-02-03 06:57:39.773346+00
dfaf2e6f-6f24-4508-b7b1-b3ab65dfa8d7,76749da0-44f5-4648-b541-21491d553c29,Tender Mate,2026-02-03 06:57:39.773346+00
dfaf2e6f-6f24-4508-b7b1-b3ab65dfa8d7,ab3fe9b0-3fa8-413e-bc39-a18532de39c0,Tender Mate,2026-02-03 06:57:39.773346+00
dfaf2e6f-6f24-4508-b7b1-b3ab65dfa8d7,b6d62e7c-6d27-4117-817c-164e341aeb90,Thomas Wake,2026-02-03 06:57:39.773346+00
dfaf2e6f-6f24-4508-b7b1-b3ab65dfa8d7,d8741003-c2c8-434a-9ab1-6456f297fd24,Thomas Howard,2026-02-03 06:57:39.773346+00
dfaf2e6f-6f24-4508-b7b1-b3ab65dfa8d7,e6b7342a-da88-477f-8ba5-486c2f374b1f,Woman on the Rocks,2026-02-03 06:57:39.773346+00
e173ce10-aa35-49f0-924f-ada25b129105,0fb1a7d0-771d-4e1d-ba0a-54f4cb637b7a,George Spahn,2026-02-03 07:03:15.155437+00
e173ce10-aa35-49f0-924f-ada25b129105,265690ae-5f7c-42c4-a644-9be0e6692d13,Jay Sebring,2026-02-03 07:03:15.155437+00
e173ce10-aa35-49f0-924f-ada25b129105,34b81a60-b6c1-430c-acb8-06252c029dd4,Abigail Folger,2026-02-03 07:03:15.155437+00
e173ce10-aa35-49f0-924f-ada25b129105,3d84424d-2d8f-4cba-85f4-e0c87b1e0b2b,Voytek Frykowski,2026-02-03 07:03:15.155437+00
e173ce10-aa35-49f0-924f-ada25b129105,430108f2-fb35-4f1f-85a7-3d74d249ebde,Steve McQueen,2026-02-03 07:03:15.155437+00
e173ce10-aa35-49f0-924f-ada25b129105,5b5e1354-3930-4c92-98e5-084c26d6b700,Rick Dalton,2026-02-03 07:03:15.155437+00
e173ce10-aa35-49f0-924f-ada25b129105,60f8f089-3bf2-4057-bbda-a1c1a784e882,'Tex',2026-02-03 07:03:15.155437+00
e173ce10-aa35-49f0-924f-ada25b129105,71a33559-96cb-4661-8239-8dcfe0c03047,'Squeaky',2026-02-03 07:03:15.155437+00
e173ce10-aa35-49f0-924f-ada25b129105,74aaf9bb-af2e-47c0-b7aa-89f8745c7183,Jim Stacy,2026-02-03 07:03:15.155437+00
e173ce10-aa35-49f0-924f-ada25b129105,7aa2dfe5-4d6f-4c85-8810-44c7d90b76e5,Wayne Maunder,2026-02-03 07:03:15.155437+00
e173ce10-aa35-49f0-924f-ada25b129105,81fdc662-d6fd-4de7-858b-ea39c40de1fa,Marvin Schwarz,2026-02-03 07:03:15.155437+00
e173ce10-aa35-49f0-924f-ada25b129105,85d0d43e-b7e5-4164-9ab7-2e1a1dc79c0b,Sam Wanamaker,2026-02-03 07:03:15.155437+00
e173ce10-aa35-49f0-924f-ada25b129105,8de4de9f-4c2a-4c9b-975a-881df2111785,Charlie,2026-02-03 07:03:15.155437+00
e173ce10-aa35-49f0-924f-ada25b129105,9ab351b8-179c-4135-9a3e-725d170febf0,Cliff Booth,2026-02-03 07:03:15.155437+00
e173ce10-aa35-49f0-924f-ada25b129105,a11cd79c-9fd2-4dfc-916d-7da2a471cce9,'Pussycat',2026-02-03 07:03:15.155437+00
e173ce10-aa35-49f0-924f-ada25b129105,bd876305-7000-4f36-b45e-256f8a9db69f,Roman Polanski,2026-02-03 07:03:15.155437+00
e173ce10-aa35-49f0-924f-ada25b129105,c85610b8-383b-4776-8063-d3eb70bd2dfe,Bruce Lee,2026-02-03 07:03:15.155437+00
e173ce10-aa35-49f0-924f-ada25b129105,e5741a2d-6aac-40a1-a03e-e3fb47ed91ca,Trudi Fraser,2026-02-03 07:03:15.155437+00
e173ce10-aa35-49f0-924f-ada25b129105,eb7667a4-3561-4d65-beb4-cb1cad4a70de,Francesca Capucci,2026-02-03 07:03:15.155437+00
e173ce10-aa35-49f0-924f-ada25b129105,fa664e4c-8b79-45b6-8d58-7986d9604768,Sharon Tate,2026-02-03 07:03:15.155437+00
e624348e-a60e-499f-a484-37b7308ed76a,08dbd9e2-4403-40e7-9463-fcd3b4b6e3ec,Caius,2026-01-25 23:22:47.478881+00
e624348e-a60e-499f-a484-37b7308ed76a,34426858-9196-47d1-9937-3ccdeffcde5b,Erin,2026-01-25 23:22:47.478881+00
e624348e-a60e-499f-a484-37b7308ed76a,4766bb94-0466-404b-987e-b1618e60b332,Eve Kim,2026-01-25 23:22:47.478881+00
e624348e-a60e-499f-a484-37b7308ed76a,4ed8f41d-9c90-49ed-a5de-43e65a781050,Elisabeth Dillinger,2026-01-25 23:22:47.478881+00
e624348e-a60e-499f-a484-37b7308ed76a,507c6e59-4ad2-432c-819f-a2ac23c5fbbc,Ajay Singh,2026-01-25 23:22:47.478881+00
e624348e-a60e-499f-a484-37b7308ed76a,5524f239-a0f6-4440-89ae-461a415da860,Athena,2026-01-25 23:22:47.478881+00
e624348e-a60e-499f-a484-37b7308ed76a,71020cde-b17d-4692-9253-206233cb6469,Silvio,2026-01-25 23:22:47.478881+00
e624348e-a60e-499f-a484-37b7308ed76a,7e8df958-82c2-4cfe-b820-57bb2e122b0c,Ajay's Driver,2026-01-25 23:22:47.478881+00
e624348e-a60e-499f-a484-37b7308ed76a,8c4c1c3c-3500-48cf-84ce-2005beee1bb7,Cyber Security Pete,2026-01-25 23:22:47.478881+00
e624348e-a60e-499f-a484-37b7308ed76a,8f6b4263-bd47-4a5b-93ad-cc3111c321b8,Cross,2026-01-25 23:22:47.478881+00
e624348e-a60e-499f-a484-37b7308ed76a,a12da938-ccf2-4807-a761-148d11cf9750,Robin Roberts,2026-01-25 23:22:47.478881+00
e624348e-a60e-499f-a484-37b7308ed76a,afc5544c-5f54-4493-8ec5-3cb1fc2c24e3,Encom Engineer #1,2026-01-25 23:22:47.478881+00
e624348e-a60e-499f-a484-37b7308ed76a,b10eef0d-e6a6-4d2c-8491-e3eafc676d81,Stuart Roche,2026-01-25 23:22:47.478881+00
e624348e-a60e-499f-a484-37b7308ed76a,b3b93f9b-ca97-4479-b861-c0cd9a2280f4,General McGrath,2026-01-25 23:22:47.478881+00
e624348e-a60e-499f-a484-37b7308ed76a,cb88c955-3228-477c-a604-eb23b1e84d4b,Julian Dillinger,2026-01-25 23:22:47.478881+00
e624348e-a60e-499f-a484-37b7308ed76a,d441f1f6-d4fa-4268-b9f7-544400fcfacd,Kara Swisher,2026-01-25 23:22:47.478881+00
e624348e-a60e-499f-a484-37b7308ed76a,da1fcb77-f391-407c-999e-cf2690832e5d,Seth Flores,2026-01-25 23:22:47.478881+00
e624348e-a60e-499f-a484-37b7308ed76a,db190876-a435-4369-9ef3-4ea99dabc853,Kevin Flynn,2026-01-25 23:22:47.478881+00
e624348e-a60e-499f-a484-37b7308ed76a,ee326e95-44e5-44d2-a6af-8a3eca3ae589,Ares,2026-01-25 23:22:47.478881+00
e624348e-a60e-499f-a484-37b7308ed76a,f74a99b6-cf1d-46ba-9aa3-58e29c9ad0cd,Marcia Lee Hadlow,2026-01-25 23:22:47.478881+00
e73704e1-6dee-4828-bb1f-921e02d7bd1b,063ed5ee-80c3-46ce-825c-fc9660d8f91d,Lt. Javy 'Coyote' Machado,2026-01-25 23:22:47.478881+00
e73704e1-6dee-4828-bb1f-921e02d7bd1b,126325dc-fdb7-4443-b477-a3ef787acc7c,Lt. Callie 'Halo' Bassett,2026-01-25 23:22:47.478881+00
e73704e1-6dee-4828-bb1f-921e02d7bd1b,2b65eeb1-1db3-488a-b6a8-5eb2cb506593,Penny Benjamin,2026-01-25 23:22:47.478881+00
e73704e1-6dee-4828-bb1f-921e02d7bd1b,3dda3c3f-cf29-423c-b7fb-d450c026ea21,Wo-1. Bernie 'Hondo' Coleman,2026-01-25 23:22:47.478881+00
e73704e1-6dee-4828-bb1f-921e02d7bd1b,4886a424-eab3-422c-8008-2509da540cea,Lt. Jake 'Hangman' Seresin,2026-01-25 23:22:47.478881+00
e73704e1-6dee-4828-bb1f-921e02d7bd1b,598039cf-5dd4-49b6-9bc8-3dead0251322,Adm. Tom 'Iceman' Kazansky,2026-01-25 23:22:47.478881+00
e73704e1-6dee-4828-bb1f-921e02d7bd1b,5d111cfa-5114-4601-b265-ad683cc472e8,Adm. Solomon 'Warlock' Bates,2026-01-25 23:22:47.478881+00
e73704e1-6dee-4828-bb1f-921e02d7bd1b,6b0b82c9-bc3b-42b4-8f19-dff7e5e41e54,Lt. Mickey 'Fanboy' Garcia,2026-01-25 23:22:47.478881+00
e73704e1-6dee-4828-bb1f-921e02d7bd1b,6e76726a-d486-4c28-99d0-db0e6eb31b6b,Lt. Reuben 'Payback' Fitch,2026-01-25 23:22:47.478881+00
e73704e1-6dee-4828-bb1f-921e02d7bd1b,6ef32214-cc3e-46ab-a4d9-6426bac538fd,Lt. Billy 'Fritz' Avalone,2026-01-25 23:22:47.478881+00
e73704e1-6dee-4828-bb1f-921e02d7bd1b,71bc115d-d139-49c2-8b5a-2d56f1672ed1,Lt. Brigham 'Harvard' Lennox,2026-01-25 23:22:47.478881+00
e73704e1-6dee-4828-bb1f-921e02d7bd1b,8ef19ca8-c90e-48b9-9426-59b940036d29,Lt. Robert 'Bob' Floyd,2026-01-25 23:22:47.478881+00
e73704e1-6dee-4828-bb1f-921e02d7bd1b,92f62c1e-d677-4768-af2e-cb4803e919e3,Lt. Logan 'Yale' Lee,2026-01-25 23:22:47.478881+00
e73704e1-6dee-4828-bb1f-921e02d7bd1b,a8f38ead-6bce-4d00-ad9b-56b00fa0af48,Lt. Natasha 'Phoenix' Trace,2026-01-25 23:22:47.478881+00
e73704e1-6dee-4828-bb1f-921e02d7bd1b,ab939078-40bc-41f0-8969-05d5df675d57,Amelia,2026-01-25 23:22:47.478881+00
e73704e1-6dee-4828-bb1f-921e02d7bd1b,d1543cab-f750-4bb0-b57d-696fb258d218,Adm. Beau 'Cyclone' Simpson,2026-01-25 23:22:47.478881+00
e73704e1-6dee-4828-bb1f-921e02d7bd1b,d3dc0ea6-864c-4c18-bd91-fb2d4c14e45c,Lt. Bradley 'Rooster' Bradshaw,2026-01-25 23:22:47.478881+00
e73704e1-6dee-4828-bb1f-921e02d7bd1b,d9ed1d7c-670b-4759-abee-c8c87cdb57ee,Sarah Kazansky,2026-01-25 23:22:47.478881+00
e73704e1-6dee-4828-bb1f-921e02d7bd1b,de7a1ab9-ea33-4a41-866d-edfc79da5ac5,Lt. Neil 'Omaha' Vikander,2026-01-25 23:22:47.478881+00
e73704e1-6dee-4828-bb1f-921e02d7bd1b,f7c1d3b1-86da-4eae-86cc-3400bc57efe3,Capt. Pete 'Maverick' Mitchell,2026-01-25 23:22:47.478881+00
e823b2aa-efe0-4580-9a59-67831caf6712,06eb921a-0a47-4f8e-b1c1-dc5bb21626ff,Lauri,2026-02-03 01:23:53.385215+00
e823b2aa-efe0-4580-9a59-67831caf6712,09240035-19de-4459-b2a8-9b8458ddf4e9,Sepoy Jondalar,2026-02-03 01:23:53.385215+00
e823b2aa-efe0-4580-9a59-67831caf6712,0aa61455-b0d9-4886-acea-f28337da9fa6,Lieutenant Richards,2026-02-03 01:23:53.385215+00
e823b2aa-efe0-4580-9a59-67831caf6712,10d6f097-3251-4c0c-897d-51882eca7815,Major Hepburn,2026-02-03 01:23:53.385215+00
e823b2aa-efe0-4580-9a59-67831caf6712,17928f97-2487-49a3-8d24-7e58783e1051,Private Butler,2026-02-03 01:23:53.385215+00
e823b2aa-efe0-4580-9a59-67831caf6712,25f9e89d-fb6c-49dd-a597-83e5c8cc669e,Lance Corporal Blake,2026-02-03 01:23:53.385215+00
e823b2aa-efe0-4580-9a59-67831caf6712,350599bf-a6e8-4bfe-863d-6bdeff8665e6,Sergeant Miller,2026-02-03 01:23:53.385215+00
e823b2aa-efe0-4580-9a59-67831caf6712,384961de-497e-4555-80ac-df0b7380615d,Private Bullen,2026-02-03 01:23:53.385215+00
e823b2aa-efe0-4580-9a59-67831caf6712,44a6c327-65de-42e6-92a0-aefb6e39ee51,General Erinmore,2026-02-03 01:23:53.385215+00
e823b2aa-efe0-4580-9a59-67831caf6712,5847d697-e4a7-41d8-bd94-c9888cf48ac5,Lieutenant Leslie,2026-02-03 01:23:53.385215+00
e823b2aa-efe0-4580-9a59-67831caf6712,7b63cf43-b412-4cca-857c-91bd8734a275,Captain Smith,2026-02-03 01:23:53.385215+00
e823b2aa-efe0-4580-9a59-67831caf6712,83013156-0d86-40ca-994a-253155b55e1d,Colonel Collins,2026-02-03 01:23:53.385215+00
e823b2aa-efe0-4580-9a59-67831caf6712,8c3280f5-d0f6-4675-899e-20ad105b590c,Sergeant Sanders,2026-02-03 01:23:53.385215+00
e823b2aa-efe0-4580-9a59-67831caf6712,a5ef8a96-9882-441d-b42d-8a8bd646e9d4,Colonel MacKenzie,2026-02-03 01:23:53.385215+00
e823b2aa-efe0-4580-9a59-67831caf6712,b2e78f3c-814e-4388-a938-5d7f93f8d760,NCO Harvey,2026-02-03 01:23:53.385215+00
e823b2aa-efe0-4580-9a59-67831caf6712,d38a3b24-4714-48db-b1bc-222e6933ef17,Captain Ivins,2026-02-03 01:23:53.385215+00
e823b2aa-efe0-4580-9a59-67831caf6712,da868206-20ef-4784-afe8-6a4201ba1fb9,Lieutenant Blake,2026-02-03 01:23:53.385215+00
e823b2aa-efe0-4580-9a59-67831caf6712,f6d72ceb-204e-4eb8-9f9b-0fd85f87ffe8,Lieutenant Gordon,2026-02-03 01:23:53.385215+00
e823b2aa-efe0-4580-9a59-67831caf6712,f70cb779-a788-4647-836a-8aed056263fa,Lance Corporal Schofield,2026-02-03 01:23:53.385215+00
e823b2aa-efe0-4580-9a59-67831caf6712,fa395ef5-da49-48b3-89fe-70a5fb332502,NCO Baker,2026-02-03 01:23:53.385215+00
e879ffd2-b841-411b-95bb-9e0a7d11f2b6,063013d0-3cc7-40a6-86ca-675118a4b8a2,TV News Reporter,2026-01-25 23:22:47.478881+00
e879ffd2-b841-411b-95bb-9e0a7d11f2b6,116b10fb-6347-4c72-97c4-278adb525678,Dr. O'Neill,2026-01-25 23:22:47.478881+00
e879ffd2-b841-411b-95bb-9e0a7d11f2b6,2ad14183-e427-473a-918b-98d6d4f20d9f,Somerset,2026-01-25 23:22:47.478881+00
e879ffd2-b841-411b-95bb-9e0a7d11f2b6,2d51ba8d-1bd2-4903-8db3-06818727be3a,Officer Davis,2026-01-25 23:22:47.478881+00
e879ffd2-b841-411b-95bb-9e0a7d11f2b6,34281c88-789f-4413-a4cb-bf2a1a4436dc,TV News Reporter,2026-01-25 23:22:47.478881+00
e879ffd2-b841-411b-95bb-9e0a7d11f2b6,58922cad-e934-4742-a330-7cd72808cb92,Library Janitor,2026-01-25 23:22:47.478881+00
e879ffd2-b841-411b-95bb-9e0a7d11f2b6,66845d46-a46f-4968-ada7-37ed3fec2855,First Forensic Man in the Law Office,2026-01-25 23:22:47.478881+00
e879ffd2-b841-411b-95bb-9e0a7d11f2b6,81db9f26-80a3-43d6-b4b5-14b3eaa18fad,Detective Taylor at First Murder,2026-01-25 23:22:47.478881+00
e879ffd2-b841-411b-95bb-9e0a7d11f2b6,887c2af5-8a84-4318-bcd7-4e6dc4a96420,Cab Driver,2026-01-25 23:22:47.478881+00
e879ffd2-b841-411b-95bb-9e0a7d11f2b6,90f7e34a-1ef3-45a8-b54d-3daf95f1b837,George the Night Guard at the Library,2026-01-25 23:22:47.478881+00
e879ffd2-b841-411b-95bb-9e0a7d11f2b6,9a7f9523-09ea-41ef-8d9e-5f028c26cd4f,Police Captain,2026-01-25 23:22:47.478881+00
e879ffd2-b841-411b-95bb-9e0a7d11f2b6,9ab351b8-179c-4135-9a3e-725d170febf0,Mills,2026-01-25 23:22:47.478881+00
e879ffd2-b841-411b-95bb-9e0a7d11f2b6,a31d7ac7-3f31-4fd7-9462-a5465fe1076e,Workman at Door of Somerset's Office,2026-01-25 23:22:47.478881+00
e879ffd2-b841-411b-95bb-9e0a7d11f2b6,aa01abf2-9b5a-4a42-8861-7c5d6aad9f4b,Second Guard at the Library,2026-01-25 23:22:47.478881+00
e879ffd2-b841-411b-95bb-9e0a7d11f2b6,b97c37a3-ede6-4728-b448-96b67020726a,First Guard at the Library,2026-01-25 23:22:47.478881+00
e879ffd2-b841-411b-95bb-9e0a7d11f2b6,be85b98c-ee3f-4168-9b2b-02b1d28d9548,Dead Man at 1st Crime Scene,2026-01-25 23:22:47.478881+00
e879ffd2-b841-411b-95bb-9e0a7d11f2b6,e0383397-2a85-45c6-abf3-6aebb7b18e25,Talbot,2026-01-25 23:22:47.478881+00
e879ffd2-b841-411b-95bb-9e0a7d11f2b6,e7b75426-d9ec-4d10-8792-e6008eea9c71,Dr. Santiago,2026-01-25 23:22:47.478881+00
e879ffd2-b841-411b-95bb-9e0a7d11f2b6,eb9b5818-f7b8-4049-84d0-13a635749228,Tracy,2026-01-25 23:22:47.478881+00
e879ffd2-b841-411b-95bb-9e0a7d11f2b6,f0ded23e-22d6-4dba-aea4-72946ea4278f,Gluttony Victim,2026-01-25 23:22:47.478881+00
e98e650d-c26b-4416-ab21-e5f35c8f4742,03744ac7-a4b5-490f-94ab-96880b38999f,COL. Hans Landa,2026-01-25 23:22:47.478881+00
e98e650d-c26b-4416-ab21-e5f35c8f4742,06c2a2fe-3913-4f8b-b263-37223ca52545,PFC. Smithson Utivich,2026-01-25 23:22:47.478881+00
e98e650d-c26b-4416-ab21-e5f35c8f4742,1dda91c5-9b31-4990-85b9-17cac54fe500,LT. Archie Hicox,2026-01-25 23:22:47.478881+00
e98e650d-c26b-4416-ab21-e5f35c8f4742,285864cd-186d-44de-80e6-345802abdcc8,Master SGT. Wilhelm / Pola Negri,2026-01-25 23:22:47.478881+00
e98e650d-c26b-4416-ab21-e5f35c8f4742,3691a549-5ca7-4e97-8896-91096193e352,PFC. Omar Ulmer,2026-01-25 23:22:47.478881+00
e98e650d-c26b-4416-ab21-e5f35c8f4742,376a7da8-2625-40e6-b930-e6aeea334888,SGT. Donny Donowitz,2026-01-25 23:22:47.478881+00
e98e650d-c26b-4416-ab21-e5f35c8f4742,39e7c323-01c5-4af1-98dc-6c4327787afb,Francesca Mondino,2026-01-25 23:22:47.478881+00
e98e650d-c26b-4416-ab21-e5f35c8f4742,3b1952e1-f75e-4f6c-a6b3-ff33a00fcd9f,SGT. Hugo Stiglitz,2026-01-25 23:22:47.478881+00
e98e650d-c26b-4416-ab21-e5f35c8f4742,41a9e271-dd10-4180-9e7c-c39be9251477,Major Hellstrom,2026-01-25 23:22:47.478881+00
e98e650d-c26b-4416-ab21-e5f35c8f4742,45704307-8981-4531-b8da-f9cfd306bf9c,CPL. Wilhelm Wicki,2026-01-25 23:22:47.478881+00
e98e650d-c26b-4416-ab21-e5f35c8f4742,58266181-48ea-4a0f-befa-904963d7d3d5,General Ed Fenech,2026-01-25 23:22:47.478881+00
e98e650d-c26b-4416-ab21-e5f35c8f4742,760e6fce-e1eb-4dcd-b264-fe8cefc2c6cb,Bridget von Hammersmark,2026-01-25 23:22:47.478881+00
e98e650d-c26b-4416-ab21-e5f35c8f4742,83a732d8-5cac-43c5-b58e-31647c7591a2,Perrier LaPadite,2026-01-25 23:22:47.478881+00
e98e650d-c26b-4416-ab21-e5f35c8f4742,9ab351b8-179c-4135-9a3e-725d170febf0,LT. Aldo Raine,2026-01-25 23:22:47.478881+00
e98e650d-c26b-4416-ab21-e5f35c8f4742,aacb5363-f3fc-4a83-be3e-01f0675ef742,Hitler,2026-01-25 23:22:47.478881+00
e98e650d-c26b-4416-ab21-e5f35c8f4742,b0a7b4d9-b18b-4810-9117-68e5c3179d08,Joseph Goebbels,2026-01-25 23:22:47.478881+00
e98e650d-c26b-4416-ab21-e5f35c8f4742,b0cc8b2b-cc6d-45c3-8d82-b1d1e7d4d5a3,SGT. Rachtman,2026-01-25 23:22:47.478881+00
e98e650d-c26b-4416-ab21-e5f35c8f4742,c75ba297-7fea-4631-954e-377bc8ab5a40,Shosanna,2026-01-25 23:22:47.478881+00
e98e650d-c26b-4416-ab21-e5f35c8f4742,db19cd0e-c426-4d51-8b2d-6140c59098e9,Fredrick Zoller,2026-01-25 23:22:47.478881+00
e98e650d-c26b-4416-ab21-e5f35c8f4742,dd89195f-d39b-4e45-a80f-e82c43ed2e41,Marcel,2026-01-25 23:22:47.478881+00
ed5e3e9f-4d54-462a-bf53-43a7cc6dd595,00dc9855-4da1-4ce1-9574-35166b76b8e2,Brendan,2026-01-25 23:22:47.478881+00
ed5e3e9f-4d54-462a-bf53-43a7cc6dd595,09a2be4b-44fc-4c69-9f4f-f0ce0cf431fe,Student #2,2026-01-25 23:22:47.478881+00
ed5e3e9f-4d54-462a-bf53-43a7cc6dd595,0b2362d7-cd10-42de-a512-4a80948f5851,Student #1,2026-01-25 23:22:47.478881+00
ed5e3e9f-4d54-462a-bf53-43a7cc6dd595,2b6eb04c-e8e8-4b35-af5d-bdfb20537191,Aaron,2026-01-25 23:22:47.478881+00
ed5e3e9f-4d54-462a-bf53-43a7cc6dd595,360ebe99-2052-4bec-b47e-fc341352d014,Charlie's Teacher,2026-01-25 23:22:47.478881+00
ed5e3e9f-4d54-462a-bf53-43a7cc6dd595,4c4ee6f7-d888-47a8-a9ed-214697927e82,Man at Wake,2026-01-25 23:22:47.478881+00
ed5e3e9f-4d54-462a-bf53-43a7cc6dd595,4d56c1c0-d1f0-43a3-a532-311ccca89b3b,Charlie Graham,2026-01-25 23:22:47.478881+00
ed5e3e9f-4d54-462a-bf53-43a7cc6dd595,69840495-0b3b-4556-9388-87efe1a5a6d7,Spanish Speaking Woman,2026-01-25 23:22:47.478881+00
ed5e3e9f-4d54-462a-bf53-43a7cc6dd595,8aeb7259-d21a-4500-9c50-18b063b6636d,Joan,2026-01-25 23:22:47.478881+00
ed5e3e9f-4d54-462a-bf53-43a7cc6dd595,8f719733-8325-4fda-a7f6-736be6247d95,Steve Graham,2026-01-25 23:22:47.478881+00
ed5e3e9f-4d54-462a-bf53-43a7cc6dd595,97649e10-665b-461b-880f-497dd6ecf23b,Peter Graham,2026-01-25 23:22:47.478881+00
ed5e3e9f-4d54-462a-bf53-43a7cc6dd595,9f5cf029-bcb1-4768-b8b6-b941484bfc3d,Translator,2026-01-25 23:22:47.478881+00
ed5e3e9f-4d54-462a-bf53-43a7cc6dd595,a16b1adf-3333-4acb-ac02-55db453d63be,Boy in Room,2026-01-25 23:22:47.478881+00
ed5e3e9f-4d54-462a-bf53-43a7cc6dd595,b58759ee-2ec6-48c7-8c14-b67d300ec180,Group Leader,2026-01-25 23:22:47.478881+00
ed5e3e9f-4d54-462a-bf53-43a7cc6dd595,baed5fe6-990b-4cae-97cc-3568623edaa1,Mr. Davis,2026-01-25 23:22:47.478881+00
ed5e3e9f-4d54-462a-bf53-43a7cc6dd595,c1589973-c175-45ab-95d9-296f315e8ece,Stoner #1,2026-01-25 23:22:47.478881+00
ed5e3e9f-4d54-462a-bf53-43a7cc6dd595,cd91eb06-ee61-4a01-8ee7-04687b3c2f96,History Teacher,2026-01-25 23:22:47.478881+00
ed5e3e9f-4d54-462a-bf53-43a7cc6dd595,d11b2156-a34b-44bc-835a-ad4ab15b0d36,Bridget,2026-01-25 23:22:47.478881+00
ed5e3e9f-4d54-462a-bf53-43a7cc6dd595,de31fa65-86bb-4012-87ad-dd07aefb6e53,Stoner #2,2026-01-25 23:22:47.478881+00
ed5e3e9f-4d54-462a-bf53-43a7cc6dd595,f8424b50-ccbc-4e52-b855-ed5992ea4883,Annie Graham,2026-01-25 23:22:47.478881+00
ee477c9c-a805-436e-b9e4-dfa7e8db61de,02a340ff-19ae-423b-accd-be299a88c25d,Tanner,2026-01-26 03:50:01.076828+00
ee477c9c-a805-436e-b9e4-dfa7e8db61de,03744ac7-a4b5-490f-94ab-96880b38999f,Blofeld,2026-01-26 03:50:01.076828+00
ee477c9c-a805-436e-b9e4-dfa7e8db61de,0ba39efb-ef0f-402c-b82f-e093582ab801,Nomi,2026-01-26 03:50:01.076828+00
ee477c9c-a805-436e-b9e4-dfa7e8db61de,1059d3bb-4685-4ee4-9386-faeadd01a6c3,Madeleine's Mother,2026-01-26 03:50:01.076828+00
ee477c9c-a805-436e-b9e4-dfa7e8db61de,39189165-7fc6-4d1e-b795-a0749a8d0434,Hotel Porter,2026-01-26 03:50:01.076828+00
ee477c9c-a805-436e-b9e4-dfa7e8db61de,3cccccbe-4a9e-4e94-8af0-ccabddaf1deb,Lyutsifer Safin,2026-01-26 03:50:01.076828+00
ee477c9c-a805-436e-b9e4-dfa7e8db61de,57a59732-397e-4c8b-8803-20acdbeb277d,Dr. Hardy,2026-01-26 03:50:01.076828+00
ee477c9c-a805-436e-b9e4-dfa7e8db61de,58ef514a-12b0-468b-adb0-2a7a84b8e7b4,Madeleine,2026-01-26 03:50:01.076828+00
ee477c9c-a805-436e-b9e4-dfa7e8db61de,5a483489-1136-4a1d-a75d-e039e6a1d46a,Mathilde,2026-01-26 03:50:01.076828+00
ee477c9c-a805-436e-b9e4-dfa7e8db61de,5b8841ea-89c6-438f-9f9a-6d5bf48cc2b5,Paloma,2026-01-26 03:50:01.076828+00
ee477c9c-a805-436e-b9e4-dfa7e8db61de,77ce0b97-5e9a-4992-8c18-1725889b4841,Primo (Cyclops),2026-01-26 03:50:01.076828+00
ee477c9c-a805-436e-b9e4-dfa7e8db61de,83d09a94-6645-4164-a7d3-712def8f0a85,Dr. Symes,2026-01-26 03:50:01.076828+00
ee477c9c-a805-436e-b9e4-dfa7e8db61de,87bebec3-7557-4db1-bc8a-81b46a252919,Moneypenny,2026-01-26 03:50:01.076828+00
ee477c9c-a805-436e-b9e4-dfa7e8db61de,97d95816-67dd-41f2-8660-c46de91bfa45,Valdo Obruchev,2026-01-26 03:50:01.076828+00
ee477c9c-a805-436e-b9e4-dfa7e8db61de,a0d1a24b-3fe8-4e4b-b662-be4d875238c4,Young Madeleine,2026-01-26 03:50:01.076828+00
ee477c9c-a805-436e-b9e4-dfa7e8db61de,a3d4928b-0ae1-4d20-8a38-27b60685b6a3,Q,2026-01-26 03:50:01.076828+00
ee477c9c-a805-436e-b9e4-dfa7e8db61de,a41ead22-9c1e-487b-9a03-9ce20ff33bec,James Bond,2026-01-26 03:50:01.076828+00
ee477c9c-a805-436e-b9e4-dfa7e8db61de,c7541dee-1f37-46aa-8bc7-662b12336c87,Logan Ash,2026-01-26 03:50:01.076828+00
ee477c9c-a805-436e-b9e4-dfa7e8db61de,de22dc0a-3aae-4e03-949d-68259fc22b5f,Felix Leiter,2026-01-26 03:50:01.076828+00
ee477c9c-a805-436e-b9e4-dfa7e8db61de,e6561552-9242-416b-bbbc-b3de86b20b08,M,2026-01-26 03:50:01.076828+00
ee5034a7-51a9-411e-935d-b060d1815cf5,0b6f9458-dd74-473f-b033-c0279f1a179b,Mrs. Noonan,2026-02-03 06:59:36.393683+00
ee5034a7-51a9-411e-935d-b060d1815cf5,1c73dbc3-56e4-48fa-b995-a3530019b90e,Sandy McFiddish,2026-02-03 06:59:36.393683+00
ee5034a7-51a9-411e-935d-b060d1815cf5,264fd630-20fd-4f36-88e0-934205e8c8f2,Motormouth,2026-02-03 06:59:36.393683+00
ee5034a7-51a9-411e-935d-b060d1815cf5,2875948b-067d-4389-8930-dcc361ecb507,Danny Noonan,2026-02-03 06:59:36.393683+00
ee5034a7-51a9-411e-935d-b060d1815cf5,2d273318-0b0f-4577-aadf-27e5783a7520,Ty Webb,2026-02-03 06:59:36.393683+00
ee5034a7-51a9-411e-935d-b060d1815cf5,3b4fd8d5-8340-4180-aad1-18cd90eed359,Lou Loomis,2026-02-03 06:59:36.393683+00
ee5034a7-51a9-411e-935d-b060d1815cf5,431ea166-7ef3-488f-8263-fb1a4d005de8,Tony D'Annunzio,2026-02-03 06:59:36.393683+00
ee5034a7-51a9-411e-935d-b060d1815cf5,580b2d44-5e8a-4e68-b321-df5854a6b6bb,The Bishop,2026-02-03 06:59:36.393683+00
ee5034a7-51a9-411e-935d-b060d1815cf5,636d68b4-7762-4c77-8a27-cb1e49594fbf,Mrs. Smails,2026-02-03 06:59:36.393683+00
ee5034a7-51a9-411e-935d-b060d1815cf5,7a28f065-6faf-44d7-9e0f-bac35f36cd30,Mr. Noonan,2026-02-03 06:59:36.393683+00
ee5034a7-51a9-411e-935d-b060d1815cf5,a466d0fd-be29-4b50-82d1-051a883dac21,Dr. Beeper,2026-02-03 06:59:36.393683+00
ee5034a7-51a9-411e-935d-b060d1815cf5,a50529af-50e5-4146-83bd-e9c1d09acf3a,Lacey Underall,2026-02-03 06:59:36.393683+00
ee5034a7-51a9-411e-935d-b060d1815cf5,b2d40385-b91d-46fe-8c6c-b367ff06ade3,Carl Spackler,2026-02-03 06:59:36.393683+00
ee5034a7-51a9-411e-935d-b060d1815cf5,cf1de173-a781-49b9-b8cc-f45b3805cba3,Spaulding Smails,2026-02-03 06:59:36.393683+00
ee5034a7-51a9-411e-935d-b060d1815cf5,dd1eee74-e25f-4db0-92f2-05c7b9f07f26,Maggie O'Hooligan,2026-02-03 06:59:36.393683+00
ee5034a7-51a9-411e-935d-b060d1815cf5,e07ecac1-35de-42ba-b44b-b73c0b78df6f,Angie D'Annunzio,2026-02-03 06:59:36.393683+00
ee5034a7-51a9-411e-935d-b060d1815cf5,e66ac2db-05a6-4865-9c42-d1a94ba13e73,Grace,2026-02-03 06:59:36.393683+00
ee5034a7-51a9-411e-935d-b060d1815cf5,f3dda40e-5b4a-401d-b13f-754ca846bf0b,Gatsby,2026-02-03 06:59:36.393683+00
ee5034a7-51a9-411e-935d-b060d1815cf5,f8c8890f-803c-46ed-a5c1-861fc1b5cebc,Judge Smails,2026-02-03 06:59:36.393683+00
ee5034a7-51a9-411e-935d-b060d1815cf5,f9f92dca-12a0-439b-ad86-9baef0dcc75f,Al Czervik,2026-02-03 06:59:36.393683+00
eec769e9-a56b-49d1-9d30-fe62a8e05b1d,026a718c-4757-4933-ad43-e0c274d37bd8,Mouth,2026-01-25 23:22:47.478881+00
eec769e9-a56b-49d1-9d30-fe62a8e05b1d,259633c5-844f-4c8c-b6dd-9777d0c9727d,Mr. Walsh,2026-01-25 23:22:47.478881+00
eec769e9-a56b-49d1-9d30-fe62a8e05b1d,2a84c437-820c-4fbf-9da4-4be27d0a852e,Rosalita,2026-01-25 23:22:47.478881+00
eec769e9-a56b-49d1-9d30-fe62a8e05b1d,2ecfba00-e919-4c88-a911-bfe5e5ef105b,Chunk's Mother,2026-01-25 23:22:47.478881+00
eec769e9-a56b-49d1-9d30-fe62a8e05b1d,3203aef2-ce3d-46c5-863b-dc4fe2942547,Prison Guard,2026-01-25 23:22:47.478881+00
eec769e9-a56b-49d1-9d30-fe62a8e05b1d,36162211-7aaf-440a-b044-3de70decbb09,Chunk's Father,2026-01-25 23:22:47.478881+00
eec769e9-a56b-49d1-9d30-fe62a8e05b1d,50441d45-9568-4bef-bf6b-5ebc3e5e49e1,Mama Fratelli,2026-01-25 23:22:47.478881+00
eec769e9-a56b-49d1-9d30-fe62a8e05b1d,5352df1a-c9dc-41cd-afa1-5631918413e9,Francis,2026-01-25 23:22:47.478881+00
eec769e9-a56b-49d1-9d30-fe62a8e05b1d,541e0b1e-b887-4994-b40a-140fec4d5896,Stef,2026-01-25 23:22:47.478881+00
eec769e9-a56b-49d1-9d30-fe62a8e05b1d,707c7ae8-7e2c-42ac-a76f-4f4966b543dd,Brand,2026-01-25 23:22:47.478881+00
eec769e9-a56b-49d1-9d30-fe62a8e05b1d,7475728e-0d89-40e1-8b5b-e6979cbe9483,Mr. Perkins,2026-01-25 23:22:47.478881+00
eec769e9-a56b-49d1-9d30-fe62a8e05b1d,766ce9e9-fcbd-48f8-bc84-30507aba65de,Troy,2026-01-25 23:22:47.478881+00
eec769e9-a56b-49d1-9d30-fe62a8e05b1d,772c7926-a770-4500-9834-93612d10fe0d,Sheriff,2026-01-25 23:22:47.478881+00
eec769e9-a56b-49d1-9d30-fe62a8e05b1d,77989625-4384-414d-9dc7-a90f4cfae300,Jake,2026-01-25 23:22:47.478881+00
eec769e9-a56b-49d1-9d30-fe62a8e05b1d,7b35d310-1a4a-48a7-9288-47ca04a0c336,Chunk,2026-01-25 23:22:47.478881+00
eec769e9-a56b-49d1-9d30-fe62a8e05b1d,7f8ec866-ea08-4e94-968f-8d2bdee2db46,Data,2026-01-25 23:22:47.478881+00
eec769e9-a56b-49d1-9d30-fe62a8e05b1d,8f097684-c6f4-4597-a789-9b098ab763f8,Mikey,2026-01-25 23:22:47.478881+00
eec769e9-a56b-49d1-9d30-fe62a8e05b1d,c597adf9-4c78-4bfe-a814-4002895845d5,Sloth,2026-01-25 23:22:47.478881+00
eec769e9-a56b-49d1-9d30-fe62a8e05b1d,e9f34ada-07a3-43c2-9089-a0e6ac4ecab2,Mrs. Walsh,2026-01-25 23:22:47.478881+00
eec769e9-a56b-49d1-9d30-fe62a8e05b1d,eb00083e-cfad-4154-9c78-2fe07a41d7b8,Andy,2026-01-25 23:22:47.478881+00
eef51c92-1567-4bed-a176-68e85a7867aa,0d9d790d-2cb2-4d79-bfa8-c6e898695480,Storekeeper,2026-01-28 04:23:33.67645+00
eef51c92-1567-4bed-a176-68e85a7867aa,178bf919-105a-44b1-862f-2210fcaeb439,Sentenza / Angel Eyes,2026-01-28 04:23:33.67645+00
eef51c92-1567-4bed-a176-68e85a7867aa,35f068ff-e638-4900-84b5-a73a48d55af8,One-Armed Bounty Hunter,2026-01-28 04:23:33.67645+00
eef51c92-1567-4bed-a176-68e85a7867aa,38382e15-a1a4-4613-8c35-fcd70d0149cf,Blonde Bounty Hunter,2026-01-28 04:23:33.67645+00
eef51c92-1567-4bed-a176-68e85a7867aa,3c81bac2-c187-471f-8978-431dec08044b,Tuco Ramirez,2026-01-28 04:23:33.67645+00
eef51c92-1567-4bed-a176-68e85a7867aa,3dfca2d8-afa3-4046-bd6d-23f85d611dca,Baker,2026-01-28 04:23:33.67645+00
eef51c92-1567-4bed-a176-68e85a7867aa,449d9ffa-74c4-41b4-8b72-e327b34461d9,Tuco Henchman,2026-01-28 04:23:33.67645+00
eef51c92-1567-4bed-a176-68e85a7867aa,45dda0d9-e28c-4fd4-b148-7c3e437398ba,Bill Carson / Jackson,2026-01-28 04:23:33.67645+00
eef51c92-1567-4bed-a176-68e85a7867aa,46c703a5-e75f-4e2b-b55a-6140047cfef8,Corporal Wallace,2026-01-28 04:23:33.67645+00
eef51c92-1567-4bed-a176-68e85a7867aa,635569c2-8a6d-4c74-8873-2a4dcfe0238e,Clem,2026-01-28 04:23:33.67645+00
eef51c92-1567-4bed-a176-68e85a7867aa,6a063f69-1565-4f7b-ad82-fe759f8e226a,Tuco Henchman,2026-01-28 04:23:33.67645+00
eef51c92-1567-4bed-a176-68e85a7867aa,6fd42e1a-74da-495b-9ca2-7d931db53370,Maria,2026-01-28 04:23:33.67645+00
eef51c92-1567-4bed-a176-68e85a7867aa,873ae4d3-78d3-44b6-a89a-591c97ce0816,Alcoholic Union Captain,2026-01-28 04:23:33.67645+00
eef51c92-1567-4bed-a176-68e85a7867aa,8e246f1f-24d6-4fb0-8e8b-d99bec1ff7a5,Member of Angel Eyes' Gang,2026-01-28 04:23:33.67645+00
eef51c92-1567-4bed-a176-68e85a7867aa,93c07643-7484-436f-baeb-ad4ebcba349d,Stevens,2026-01-28 04:23:33.67645+00
eef51c92-1567-4bed-a176-68e85a7867aa,ad952718-447f-469c-b507-ac2fd7c2fd47,Blondie,2026-01-28 04:23:33.67645+00
eef51c92-1567-4bed-a176-68e85a7867aa,c1b7bea3-611f-4dae-bc38-2c95653b24c8,Monk,2026-01-28 04:23:33.67645+00
eef51c92-1567-4bed-a176-68e85a7867aa,d4feb5ae-0505-4d02-904a-76c4c5d26ed1,Captain Harper,2026-01-28 04:23:33.67645+00
eef51c92-1567-4bed-a176-68e85a7867aa,db650b1b-442c-4ed4-b090-c365bde68cf2,Member of Angel Eyes' Gang,2026-01-28 04:23:33.67645+00
eef51c92-1567-4bed-a176-68e85a7867aa,ffae9411-c87d-4932-9114-937d168cc7b9,Father Pablo Ramirez,2026-01-28 04:23:33.67645+00
f110548e-a0f9-4ea5-bfdc-47d93316fd89,0d6486c7-0030-419c-86f3-95023625e7e0,Speaker - Free and Clear,2026-01-25 23:22:47.478881+00
f110548e-a0f9-4ea5-bfdc-47d93316fd89,13d2fcec-165b-4ecf-8784-dd258d518759,Group Leader at Remaining Men Together,2026-01-25 23:22:47.478881+00
f110548e-a0f9-4ea5-bfdc-47d93316fd89,16336247-a58b-46c9-8295-25ba77bc292c,Airport Security Officer,2026-01-25 23:22:47.478881+00
f110548e-a0f9-4ea5-bfdc-47d93316fd89,1cf58692-970e-4d96-b1ae-0c92a34ee7d8,Ricky,2026-01-25 23:22:47.478881+00
f110548e-a0f9-4ea5-bfdc-47d93316fd89,4a3c3874-c300-4823-8461-0df2bb41bedb,Marla Singer,2026-01-25 23:22:47.478881+00
f110548e-a0f9-4ea5-bfdc-47d93316fd89,511d0f5c-e1b2-4040-afee-23da18ea1d5e,Narrator,2026-01-25 23:22:47.478881+00
f110548e-a0f9-4ea5-bfdc-47d93316fd89,52dae3c3-e71d-446a-bb51-7497149682a2,Robert Paulson,2026-01-25 23:22:47.478881+00
f110548e-a0f9-4ea5-bfdc-47d93316fd89,559e7354-a276-4872-9a46-8ec642aabd43,Federated Motor Co. - Inspector Dent,2026-01-25 23:22:47.478881+00
f110548e-a0f9-4ea5-bfdc-47d93316fd89,65f0c59c-d222-4fef-a04a-88c7707bd8d2,Business Woman on Plane,2026-01-25 23:22:47.478881+00
f110548e-a0f9-4ea5-bfdc-47d93316fd89,6f60503f-8cbb-49c1-9f4d-5feba067d49a,Thomas at Remaining Men Together,2026-01-25 23:22:47.478881+00
f110548e-a0f9-4ea5-bfdc-47d93316fd89,8a704f97-b918-4aa4-ab10-e9ed97ddd41a,Federated Motor Co. - Inspector Bird,2026-01-25 23:22:47.478881+00
f110548e-a0f9-4ea5-bfdc-47d93316fd89,9ab351b8-179c-4135-9a3e-725d170febf0,Tyler Durden,2026-01-25 23:22:47.478881+00
f110548e-a0f9-4ea5-bfdc-47d93316fd89,ae935a13-93c3-4505-9b69-0e98681aabd0,Group Leader - Partners in Positivity,2026-01-25 23:22:47.478881+00
f110548e-a0f9-4ea5-bfdc-47d93316fd89,d9943653-f1fb-4480-9b38-0e1d066b9df6,Intern at Hospital,2026-01-25 23:22:47.478881+00
f110548e-a0f9-4ea5-bfdc-47d93316fd89,e4ed2494-c372-4fb8-8b53-0127438cbcaf,Chloe,2026-01-25 23:22:47.478881+00
f110548e-a0f9-4ea5-bfdc-47d93316fd89,e52b3810-d8ce-456e-b080-b81098b91d1d,Airline Check-In Attendant,2026-01-25 23:22:47.478881+00
f110548e-a0f9-4ea5-bfdc-47d93316fd89,e861cbf2-1a6e-41a1-8b63-23de35a6bc5b,The Mechanic,2026-01-25 23:22:47.478881+00
f110548e-a0f9-4ea5-bfdc-47d93316fd89,eded84e1-cac0-4ea0-ad4b-07880d909e19,Richard Chesler (Regional Manager),2026-01-25 23:22:47.478881+00
f110548e-a0f9-4ea5-bfdc-47d93316fd89,ee326e95-44e5-44d2-a6af-8a3eca3ae589,Angel Face,2026-01-25 23:22:47.478881+00
f110548e-a0f9-4ea5-bfdc-47d93316fd89,fcf8708e-f0fc-4498-b85b-b498020ca599,Weeping Woman - Onward and Upward,2026-01-25 23:22:47.478881+00
f4a34286-f03b-4c0e-b512-8cec688eebcb,068d319a-e783-4bd3-a671-6eeda8eb5ba0,Winston,2026-01-25 23:22:47.478881+00
f4a34286-f03b-4c0e-b512-8cec688eebcb,0d87a41c-8ae8-4e3b-8d32-bc6a0109645c,Ben,2026-01-25 23:22:47.478881+00
f4a34286-f03b-4c0e-b512-8cec688eebcb,12a0209c-62d1-424a-98d2-93e16f661ae0,Minho,2026-01-25 23:22:47.478881+00
f4a34286-f03b-4c0e-b512-8cec688eebcb,214dc802-8e0e-42e8-b556-e9da15cb09aa,Frypan,2026-01-25 23:22:47.478881+00
f4a34286-f03b-4c0e-b512-8cec688eebcb,21737c4e-6737-4c4c-8e72-24205b3ea825,Clint,2026-01-25 23:22:47.478881+00
f4a34286-f03b-4c0e-b512-8cec688eebcb,2435ada0-ff82-4274-a212-e8a3b3fcdc2f,Glader,2026-01-25 23:22:47.478881+00
f4a34286-f03b-4c0e-b512-8cec688eebcb,28cbc6cc-b617-468d-ace6-8108d6e29c65,Glader,2026-01-25 23:22:47.478881+00
f4a34286-f03b-4c0e-b512-8cec688eebcb,3844660d-d117-417d-b05c-37c0e1cd9ba6,Gally,2026-01-25 23:22:47.478881+00
f4a34286-f03b-4c0e-b512-8cec688eebcb,4e642fa5-1c8f-40e1-bbdf-42627bd81cea,Teresa Agnes,2026-01-25 23:22:47.478881+00
f4a34286-f03b-4c0e-b512-8cec688eebcb,54932e89-e911-49a9-a201-bec14e02abd2,Thomas,2026-01-25 23:22:47.478881+00
f4a34286-f03b-4c0e-b512-8cec688eebcb,60600e8f-cd16-4bd9-bf26-b6edb7280fc1,Glader,2026-01-25 23:22:47.478881+00
f4a34286-f03b-4c0e-b512-8cec688eebcb,76e1aff1-5560-492b-b2d3-75c84268bed2,Alby,2026-01-25 23:22:47.478881+00
f4a34286-f03b-4c0e-b512-8cec688eebcb,7848c6b0-f945-480c-b4c5-93471e35f1b8,Glader,2026-01-25 23:22:47.478881+00
f4a34286-f03b-4c0e-b512-8cec688eebcb,800bbb2e-553a-458e-8811-71e617578566,Jeff,2026-01-25 23:22:47.478881+00
f4a34286-f03b-4c0e-b512-8cec688eebcb,87b7f7e0-2d41-4810-a5c9-1c4154374cbc,Zart,2026-01-25 23:22:47.478881+00
f4a34286-f03b-4c0e-b512-8cec688eebcb,9d9f4367-d6b3-4e63-a99a-1ff506f5a27e,Newt,2026-01-25 23:22:47.478881+00
f4a34286-f03b-4c0e-b512-8cec688eebcb,a44042a9-1d30-4f87-8ff5-2b8f9bc5fc42,Chuck,2026-01-25 23:22:47.478881+00
f4a34286-f03b-4c0e-b512-8cec688eebcb,d273db06-edc9-4ab9-ac5b-d854c049b5b4,Masked Man,2026-01-25 23:22:47.478881+00
f4a34286-f03b-4c0e-b512-8cec688eebcb,f1bf7e23-5bd9-45ac-9176-2ddff0bdc2ce,Ava Paige,2026-01-25 23:22:47.478881+00
f4a34286-f03b-4c0e-b512-8cec688eebcb,fbe5d9fb-a7fd-49c5-9ec9-a1aff0da4a94,Glader,2026-01-25 23:22:47.478881+00
f9715383-787a-419b-b97a-30248001659c,0057b9d2-320e-4b47-96cb-4aec1af2d99b,Hialeah Patrolman Warwick,2026-01-27 22:27:06.490616+00
f9715383-787a-419b-b97a-30248001659c,08df5f7d-5c82-40d4-aff7-9801257151f0,DEA Agent Mateo 'Matty' Nix,2026-01-27 22:27:06.490616+00
f9715383-787a-419b-b97a-30248001659c,19aa90f5-c9cf-461b-8b6d-7423a786f1a7,Detective Numa Baptistie,2026-01-27 22:27:06.490616+00
f9715383-787a-419b-b97a-30248001659c,24a61c22-15a7-4cfe-b5e1-a664ea09aaa9,Mr. Zeltzin,2026-01-27 22:27:06.490616+00
f9715383-787a-419b-b97a-30248001659c,34dea22b-334d-4efb-ac89-83c7293f65a3,DEA Agent Dayo Reyes,2026-01-27 22:27:06.490616+00
f9715383-787a-419b-b97a-30248001659c,4bb682d9-beb2-423d-b820-d2af922a1bb0,DEA Official,2026-01-27 22:27:06.490616+00
f9715383-787a-419b-b97a-30248001659c,4e3ee67b-cf7b-4b7f-901c-79f33696c261,Captain Jackie Velez,2026-01-27 22:27:06.490616+00
f9715383-787a-419b-b97a-30248001659c,57dd5af5-b677-4025-acd8-f1263a1601a6,Lieutenant Dane Dumars,2026-01-27 22:27:06.490616+00
f9715383-787a-419b-b97a-30248001659c,5cb78781-53bc-4774-8074-d51ec590a249,Lead DEA Official,2026-01-27 22:27:06.490616+00
f9715383-787a-419b-b97a-30248001659c,5fd8863c-cefa-4537-bdf5-37c23d38dc36,DEA Official,2026-01-27 22:27:06.490616+00
f9715383-787a-419b-b97a-30248001659c,86b93af8-139b-4b4e-a2d0-c34157fd3c5d,Desiree 'Desi' Lopez Molina,2026-01-27 22:27:06.490616+00
f9715383-787a-419b-b97a-30248001659c,992760cd-37a9-4e71-b6ad-2c06d9d6e325,Cartel Lookout,2026-01-27 22:27:06.490616+00
f9715383-787a-419b-b97a-30248001659c,9ee7ba60-2f60-463e-a9f9-f6673363e344,FBI Agent Logan Casiano,2026-01-27 22:27:06.490616+00
f9715383-787a-419b-b97a-30248001659c,a04a386a-e5ee-4139-8154-0026ee89ff29,Detective Sergeant J.D. Byrne,2026-01-27 22:27:06.490616+00
f9715383-787a-419b-b97a-30248001659c,a6115430-cf1c-4a2a-b47f-cb1905352fee,Major Thom Vallejo,2026-01-27 22:27:06.490616+00
f9715383-787a-419b-b97a-30248001659c,bc25a441-7fac-4480-8c0d-b4a03cc765ba,Hialeah Patrolman Junger,2026-01-27 22:27:06.490616+00
f9715383-787a-419b-b97a-30248001659c,e2ded61e-d11d-445d-98f5-cc694580b4b7,Detective Lolo Salazar,2026-01-27 22:27:06.490616+00
f9715383-787a-419b-b97a-30248001659c,f1bbb980-ce4c-4ddf-bbf3-361677139944,FBI Agent Del Byrne,2026-01-27 22:27:06.490616+00
f9715383-787a-419b-b97a-30248001659c,f21620b7-cc75-49f0-8b4b-9d960418b57e,Grizzled Carter Man,2026-01-27 22:27:06.490616+00
f9715383-787a-419b-b97a-30248001659c,f80ed482-4484-49f9-9b18-47a8b0e93779,Detective Mike Ro,2026-01-27 22:27:06.490616+00
fb9e638c-c71b-473a-bd22-202924ba3c64,01dd9475-612c-4a43-8976-985ff176c25d,Brian,2026-02-03 06:56:38.886316+00
fb9e638c-c71b-473a-bd22-202924ba3c64,1aa3d41d-4aa3-40a8-8308-cd1e0c90d15c,Gary Valentine,2026-02-03 06:56:38.886316+00
fb9e638c-c71b-473a-bd22-202924ba3c64,20cef278-6307-4aec-8a4e-fe082ab6703b,Sue Pomerantz,2026-02-03 06:56:38.886316+00
fb9e638c-c71b-473a-bd22-202924ba3c64,281828dd-c01b-426d-8ec3-e6600af9dd29,Jon Peters,2026-02-03 06:56:38.886316+00
fb9e638c-c71b-473a-bd22-202924ba3c64,2ad71b22-5c72-4769-91ed-ecb754e2b773,Este Kane,2026-02-03 06:56:38.886316+00
fb9e638c-c71b-473a-bd22-202924ba3c64,3ca50025-1347-42d3-945e-67aa540cc985,Mary Grady,2026-02-03 06:56:38.886316+00
fb9e638c-c71b-473a-bd22-202924ba3c64,679e40ce-cc7e-4b4a-9ebb-3b37a37c8167,Danielle Kane,2026-02-03 06:56:38.886316+00
fb9e638c-c71b-473a-bd22-202924ba3c64,7aea319e-0850-45a8-b3eb-f1fbcf750e90,Rex Blau,2026-02-03 06:56:38.886316+00
fb9e638c-c71b-473a-bd22-202924ba3c64,7b59c232-23d2-45ae-8305-76e579f1c141,Jack Holden,2026-02-03 06:56:38.886316+00
fb9e638c-c71b-473a-bd22-202924ba3c64,9eab77e1-d615-4718-8ecf-a90dd4d7ab19,Alana Kane,2026-02-03 06:56:38.886316+00
fb9e638c-c71b-473a-bd22-202924ba3c64,a6522f7e-9232-4ef3-9d78-d1d573c2765f,Steve,2026-02-03 06:56:38.886316+00
fb9e638c-c71b-473a-bd22-202924ba3c64,b7f9fe68-41ba-4a85-ab05-f5bf67956124,Joel Wachs,2026-02-03 06:56:38.886316+00
fb9e638c-c71b-473a-bd22-202924ba3c64,c1c1a0bf-bdba-45f2-a8ce-61e9cf5a2d6e,Moti Kane,2026-02-03 06:56:38.886316+00
fb9e638c-c71b-473a-bd22-202924ba3c64,d16016dc-2800-4b68-8a51-629e5997aaff,Lucille Doolittle,2026-02-03 06:56:38.886316+00
fb9e638c-c71b-473a-bd22-202924ba3c64,d27e0573-e1d2-4e7b-885d-eedf03507575,Lance Brannigan,2026-02-03 06:56:38.886316+00
fb9e638c-c71b-473a-bd22-202924ba3c64,d5c38a18-d34a-4949-8a9b-9b9b087b3ec9,Momma Anita,2026-02-03 06:56:38.886316+00
fb9e638c-c71b-473a-bd22-202924ba3c64,d7290df0-48c1-4009-a131-1ada048a6d2f,Gale,2026-02-03 06:56:38.886316+00
fb9e638c-c71b-473a-bd22-202924ba3c64,da741bc1-74b4-4073-8679-f3dc9dc8f71a,Jerry Frick,2026-02-03 06:56:38.886316+00
fb9e638c-c71b-473a-bd22-202924ba3c64,f1ce535b-b842-4c4f-8311-6e6e380937f1,Donna Kane,2026-02-03 06:56:38.886316+00
fb9e638c-c71b-473a-bd22-202924ba3c64,f671331e-5051-425d-984f-7f46214df1b4,Matthew,2026-02-03 06:56:38.886316+00
fba8b66b-8e4a-42b2-afbc-d2d59f95c2ad,054bb965-7414-44d4-84f4-4c00e589de3f,Maggie / Baghead,2026-01-25 23:22:47.478881+00
fba8b66b-8e4a-42b2-afbc-d2d59f95c2ad,27c63770-cbd1-42bf-8eab-d7192351c7df,Minka,2026-01-25 23:22:47.478881+00
fba8b66b-8e4a-42b2-afbc-d2d59f95c2ad,2f726381-eeda-4619-8578-be129a4ada86,Malcolm Westbridge,2026-01-25 23:22:47.478881+00
fba8b66b-8e4a-42b2-afbc-d2d59f95c2ad,347e2add-46f5-4f40-a0df-8890b6656298,Louise,2026-01-25 23:22:47.478881+00
fba8b66b-8e4a-42b2-afbc-d2d59f95c2ad,58917409-cb5a-45e6-9fa4-8f8bfba90e62,Baghead,2026-01-25 23:22:47.478881+00
fba8b66b-8e4a-42b2-afbc-d2d59f95c2ad,7d4ac2ce-3b64-41fd-bc0f-806614716dcb,Julia,2026-01-25 23:22:47.478881+00
fba8b66b-8e4a-42b2-afbc-d2d59f95c2ad,7f00b290-62f8-4fec-8a2a-e9bfc129ac16,Peasant Girl,2026-01-25 23:22:47.478881+00
fba8b66b-8e4a-42b2-afbc-d2d59f95c2ad,8013777f-db13-48bc-8edd-a5a9eacba2c2,Mrs. McCallum,2026-01-25 23:22:47.478881+00
fba8b66b-8e4a-42b2-afbc-d2d59f95c2ad,a97df0e4-cc6b-4ff2-963b-16aea4688005,Darren,2026-01-25 23:22:47.478881+00
fba8b66b-8e4a-42b2-afbc-d2d59f95c2ad,bedbf5d3-d1ce-431f-81bb-7b61e56ff412,Peasant Girl,2026-01-25 23:22:47.478881+00
fba8b66b-8e4a-42b2-afbc-d2d59f95c2ad,d581e2ef-9eea-4cce-b5aa-0130de1004ec,Leslie,2026-01-25 23:22:47.478881+00
fba8b66b-8e4a-42b2-afbc-d2d59f95c2ad,f0f48672-454d-4be6-a45a-9cf805eeebf8,Teen Malcolm,2026-01-25 23:22:47.478881+00
fba8b66b-8e4a-42b2-afbc-d2d59f95c2ad,fa5624ff-184b-44c6-b52a-5042c97e0b27,Teen Darren,2026-01-25 23:22:47.478881+00
fba8b66b-8e4a-42b2-afbc-d2d59f95c2ad,fcb25af2-51ad-4ba9-8baa-62961e5880f9,Liz / Ada,2026-01-25 23:22:47.478881+00
fba8b66b-8e4a-42b2-afbc-d2d59f95c2ad,ff3a4282-2b5c-4b94-9fa2-88efd97fe060,Francis,2026-01-25 23:22:47.478881+00
fbb55cf9-7f1c-429e-8852-b43684e3ac46,0a60e192-a719-4a41-a139-81e05b3c2d4f,Stenographer (uncredited),2026-01-28 04:23:18.422329+00
fbb55cf9-7f1c-429e-8852-b43684e3ac46,0f094507-7fcd-413c-a7cb-a1fea183f191,Juror 11,2026-01-28 04:23:18.422329+00
fbb55cf9-7f1c-429e-8852-b43684e3ac46,113cbf94-a41b-4e20-af16-a871d5e2ae97,Juror 5,2026-01-28 04:23:18.422329+00
fbb55cf9-7f1c-429e-8852-b43684e3ac46,12db83e2-5fdd-49d9-933f-bc1f523b0f2a,Juror 4,2026-01-28 04:23:18.422329+00
fbb55cf9-7f1c-429e-8852-b43684e3ac46,1e5ce022-4bd3-42d2-ad9e-61c173cc0df3,Juror 6,2026-01-28 04:23:18.422329+00
fbb55cf9-7f1c-429e-8852-b43684e3ac46,1ffddb1f-8976-4e78-99bb-1d2bee756af5,Judge (uncredited),2026-01-28 04:23:18.422329+00
fbb55cf9-7f1c-429e-8852-b43684e3ac46,203628c6-7ad4-44aa-b7cb-df7694c6bce4,Guard (uncredited),2026-01-28 04:23:18.422329+00
fbb55cf9-7f1c-429e-8852-b43684e3ac46,6c7d1fe7-d62d-48e1-8ebe-7bf42baacf3a,Juror 12,2026-01-28 04:23:18.422329+00
fbb55cf9-7f1c-429e-8852-b43684e3ac46,6d047cb9-6c7b-4bbd-875a-421afb6024b5,Juror 3,2026-01-28 04:23:18.422329+00
fbb55cf9-7f1c-429e-8852-b43684e3ac46,84e511e7-d21a-4ecf-9488-e1a1c904e7db,Court Clerk (uncredited),2026-01-28 04:23:18.422329+00
fbb55cf9-7f1c-429e-8852-b43684e3ac46,8b420a3e-1b20-4b17-a200-176c3897198f,Man Waiting for Elevator (uncredited),2026-01-28 04:23:18.422329+00
fbb55cf9-7f1c-429e-8852-b43684e3ac46,b3c64354-a975-4da9-a508-150d80ad44a1,Juror 1,2026-01-28 04:23:18.422329+00
fbb55cf9-7f1c-429e-8852-b43684e3ac46,ca1e23f2-b2f2-4857-b08c-a269e7deeaf6,Juror 10,2026-01-28 04:23:18.422329+00
fbb55cf9-7f1c-429e-8852-b43684e3ac46,ca454c19-8e71-4330-9aa2-c3e7931d0407,Juror 2,2026-01-28 04:23:18.422329+00
fbb55cf9-7f1c-429e-8852-b43684e3ac46,d40f1700-bdf0-4c20-aaab-51f48145008e,Juror 8,2026-01-28 04:23:18.422329+00
fbb55cf9-7f1c-429e-8852-b43684e3ac46,de37a7e5-2040-416f-9315-1303ed5b70bc,Juror 9,2026-01-28 04:23:18.422329+00
fbb55cf9-7f1c-429e-8852-b43684e3ac46,fcbb3666-988e-42b5-8de5-9492971f2890,Defendant (uncredited),2026-01-28 04:23:18.422329+00
fbb55cf9-7f1c-429e-8852-b43684e3ac46,fed1e29a-3362-459f-9f61-00f425be90a3,Juror 7,2026-01-28 04:23:18.422329+00
fd2d6a40-d45f-4456-b4dc-4c0f3ffc951e,25b55efb-98d4-4143-b819-5bedefe020d6,Alan Bradley / Tron,2026-01-25 23:22:47.478881+00
fd2d6a40-d45f-4456-b4dc-4c0f3ffc951e,2a021b3f-e3b3-4e9d-a97e-82fa166dd666,Bartik,2026-01-25 23:22:47.478881+00
fd2d6a40-d45f-4456-b4dc-4c0f3ffc951e,2b0b56b5-4c2e-42b6-89fb-86e747bd2c67,Disc Opponent #2 / Black Guard,2026-01-25 23:22:47.478881+00
fd2d6a40-d45f-4456-b4dc-4c0f3ffc951e,371dd219-302c-4b40-970c-445c0ff6420f,Masked DJ,2026-01-25 23:22:47.478881+00
fd2d6a40-d45f-4456-b4dc-4c0f3ffc951e,42781199-d92d-4047-8370-a3627b31d0b3,Sam Flynn,2026-01-25 23:22:47.478881+00
fd2d6a40-d45f-4456-b4dc-4c0f3ffc951e,6b4d1cca-5e33-48e6-b120-2933ea1b94af,Gem,2026-01-25 23:22:47.478881+00
fd2d6a40-d45f-4456-b4dc-4c0f3ffc951e,6f465855-7a1b-4565-9a79-46ca8c02b3b2,Castor / Zuse,2026-01-25 23:22:47.478881+00
fd2d6a40-d45f-4456-b4dc-4c0f3ffc951e,7698200a-bb65-4c55-80e6-90086767d219,Siren #4,2026-01-25 23:22:47.478881+00
fd2d6a40-d45f-4456-b4dc-4c0f3ffc951e,773f6825-582c-4f10-8aa4-8802d535f9fc,Shaddix,2026-01-25 23:22:47.478881+00
fd2d6a40-d45f-4456-b4dc-4c0f3ffc951e,7ddf2811-0156-44e9-a00b-f788aef052b3,Quorra,2026-01-25 23:22:47.478881+00
fd2d6a40-d45f-4456-b4dc-4c0f3ffc951e,84d4e0c8-64fd-49fa-b580-2d498d44439c,Chattering Homeless Man,2026-01-25 23:22:47.478881+00
fd2d6a40-d45f-4456-b4dc-4c0f3ffc951e,8c7802cf-762b-4c91-a477-0908c13a9a32,Grandpa Flynn,2026-01-25 23:22:47.478881+00
fd2d6a40-d45f-4456-b4dc-4c0f3ffc951e,8e24844b-eaa4-4a6b-a163-395e7441ed0e,Young Man on Recognizer,2026-01-25 23:22:47.478881+00
fd2d6a40-d45f-4456-b4dc-4c0f3ffc951e,a4207645-c80a-44e7-a303-78e2dfda098a,Half Faced Man,2026-01-25 23:22:47.478881+00
fd2d6a40-d45f-4456-b4dc-4c0f3ffc951e,a78c6ef2-cfe5-4b0c-826d-3e73d1a93e8c,Siren #3,2026-01-25 23:22:47.478881+00
fd2d6a40-d45f-4456-b4dc-4c0f3ffc951e,b14632b9-dc02-47af-b0c1-ec8e7228dcd2,Jarvis,2026-01-25 23:22:47.478881+00
fd2d6a40-d45f-4456-b4dc-4c0f3ffc951e,b717e794-7176-4d14-9cc8-eba5eed3f2c9,Key Security Guard #1 - Ernie,2026-01-25 23:22:47.478881+00
fd2d6a40-d45f-4456-b4dc-4c0f3ffc951e,db190876-a435-4369-9ef3-4ea99dabc853,Kevin Flynn / Clu,2026-01-25 23:22:47.478881+00
fd2d6a40-d45f-4456-b4dc-4c0f3ffc951e,dfb5108d-a1a6-4af3-bc30-95003d54e661,Siren #2,2026-01-25 23:22:47.478881+00
fd2d6a40-d45f-4456-b4dc-4c0f3ffc951e,eceac0b0-f102-49db-825f-eb337da1816a,Masked DJ,2026-01-25 23:22:47.478881+00
fd41cbd7-bfc1-43cd-ac95-75278c646240,20af93db-57e6-42fb-a905-0ef062c087cb,Cassius,2026-01-25 23:22:47.478881+00
fd41cbd7-bfc1-43cd-ac95-75278c646240,3d15ef24-c022-4e82-9eed-268f7a95173e,Tiger,2026-01-25 23:22:47.478881+00
fd41cbd7-bfc1-43cd-ac95-75278c646240,51018aba-2a4c-445f-bb73-8ea447cceb46,Assassin #1,2026-01-25 23:22:47.478881+00
fd41cbd7-bfc1-43cd-ac95-75278c646240,5c780ea5-a84b-48a1-9a3f-0a4b1a0afe86,Lucius,2026-01-25 23:22:47.478881+00
fd41cbd7-bfc1-43cd-ac95-75278c646240,6de1e47c-0629-4fd9-9388-50a03b8a1ecd,Praetorian Officer,2026-01-25 23:22:47.478881+00
fd41cbd7-bfc1-43cd-ac95-75278c646240,7a273b6e-5dbc-414c-b448-c8b97834bc72,Cicero,2026-01-25 23:22:47.478881+00
fd41cbd7-bfc1-43cd-ac95-75278c646240,848e34aa-ecac-47e6-919c-8c524a997c31,Proximo,2026-01-25 23:22:47.478881+00
fd41cbd7-bfc1-43cd-ac95-75278c646240,85875454-1072-410a-8ff7-3c5b1214c17f,Juba,2026-01-25 23:22:47.478881+00
fd41cbd7-bfc1-43cd-ac95-75278c646240,a5cb243d-0e39-4ebf-b295-8616dbf6a8f1,Gracchus,2026-01-25 23:22:47.478881+00
fd41cbd7-bfc1-43cd-ac95-75278c646240,a9d0a8a5-2082-4602-a39d-cdecacce1af8,Assassin #2,2026-01-25 23:22:47.478881+00
fd41cbd7-bfc1-43cd-ac95-75278c646240,c09d962c-85af-40f4-98e0-e55fc18165c4,Hagen,2026-01-25 23:22:47.478881+00
fd41cbd7-bfc1-43cd-ac95-75278c646240,ca6a03b7-a60c-473a-a7c3-22c8d654954a,Lucilla,2026-01-25 23:22:47.478881+00
fd41cbd7-bfc1-43cd-ac95-75278c646240,cab89395-a234-463d-97b7-aa6b6bffa703,Commodus,2026-01-25 23:22:47.478881+00
fd41cbd7-bfc1-43cd-ac95-75278c646240,cca29109-d934-4bd8-b075-05bc9db51ff2,Marcus Aurelius,2026-01-25 23:22:47.478881+00
fd41cbd7-bfc1-43cd-ac95-75278c646240,ef0b8ef7-8347-40e0-b7f6-f0acb4a4cc00,Slave Trader,2026-01-25 23:22:47.478881+00
fd41cbd7-bfc1-43cd-ac95-75278c646240,f824b0cd-5676-4fb6-8e47-a95dcc565fc6,Maximus,2026-01-25 23:22:47.478881+00
fd41cbd7-bfc1-43cd-ac95-75278c646240,f83f3ed4-1a8c-41f8-99a0-d66d61922bc2,Falco,2026-01-25 23:22:47.478881+00
fd41cbd7-bfc1-43cd-ac95-75278c646240,fb82942c-79b8-44d0-8a37-e7c15d030489,Gaius,2026-01-25 23:22:47.478881+00
fd41cbd7-bfc1-43cd-ac95-75278c646240,fcc10fb0-7815-4f16-89b4-0f05229ea86a,Scribe,2026-01-25 23:22:47.478881+00
fd41cbd7-bfc1-43cd-ac95-75278c646240,fe3bc77d-c354-465d-8cd5-227aa2baf4be,Quintus,2026-01-25 23:22:47.478881+00
fd8f0877-6f8f-45ae-98fd-af04061d2e69,240800b2-22a1-4613-96f4-17cfc4dd263e,Boy #2,2026-01-25 23:22:47.478881+00
fd8f0877-6f8f-45ae-98fd-af04061d2e69,2b65eeb1-1db3-488a-b6a8-5eb2cb506593,Josie McClellan,2026-01-25 23:22:47.478881+00
fd8f0877-6f8f-45ae-98fd-af04061d2e69,4d814e57-6934-4aa4-899f-8997b4667650,Bob Bosenbeck,2026-01-25 23:22:47.478881+00
fd8f0877-6f8f-45ae-98fd-af04061d2e69,5032bdda-45d7-47cc-ab84-9d0018cf6225,Nestor Pyle,2026-01-25 23:22:47.478881+00
fd8f0877-6f8f-45ae-98fd-af04061d2e69,514f8951-6030-46fe-aa9a-c45efd9ca999,Penny Dodge,2026-01-25 23:22:47.478881+00
fd8f0877-6f8f-45ae-98fd-af04061d2e69,5ba37ddb-6e4a-4119-ab90-6e741d31a8bb,Dotty Dodge,2026-01-25 23:22:47.478881+00
fd8f0877-6f8f-45ae-98fd-af04061d2e69,6b8f88b5-ebe8-452f-8963-17f8a86c5e23,C.D. Marsh (uncredited),2026-01-25 23:22:47.478881+00
fd8f0877-6f8f-45ae-98fd-af04061d2e69,7c52e0f6-cf04-4051-bf19-8b81e3f8c914,Gil Kinney,2026-01-25 23:22:47.478881+00
fd8f0877-6f8f-45ae-98fd-af04061d2e69,83b4ed79-2798-4b7b-9b95-4b032f143469,Dave Hockner,2026-01-25 23:22:47.478881+00
fd8f0877-6f8f-45ae-98fd-af04061d2e69,8de61e1b-7361-4540-941e-3b44ee4bf7f6,Roger Roy McClellan,2026-01-25 23:22:47.478881+00
fd8f0877-6f8f-45ae-98fd-af04061d2e69,90cba2b2-c6ec-46fd-b98e-c6bbf818fa7a,Jim Dodge,2026-01-25 23:22:47.478881+00
fd8f0877-6f8f-45ae-98fd-af04061d2e69,91f9773d-253a-468b-8258-14d0bad4e0a2,Bud Dodge,2026-01-25 23:22:47.478881+00
fd8f0877-6f8f-45ae-98fd-af04061d2e69,9e85b1f4-9be0-4d35-a8e3-99adec26464a,Gas Station Owner,2026-01-25 23:22:47.478881+00
fd8f0877-6f8f-45ae-98fd-af04061d2e69,9fd201a3-d3ef-4434-8249-954d630e6f0c,Lorraine,2026-01-25 23:22:47.478881+00
fd8f0877-6f8f-45ae-98fd-af04061d2e69,bcdf765a-61f5-478e-88fa-fac82056e0c8,Officer Don,2026-01-25 23:22:47.478881+00
fd8f0877-6f8f-45ae-98fd-af04061d2e69,cec4a4fe-ddaa-487d-ab13-383a19d419e6,Otis,2026-01-25 23:22:47.478881+00
fd8f0877-6f8f-45ae-98fd-af04061d2e69,d92d96bf-852d-4955-98b3-6d4b01c8c84e,Boy #1,2026-01-25 23:22:47.478881+00
fd8f0877-6f8f-45ae-98fd-af04061d2e69,d9dd5abe-855f-431c-aeff-eddb74af7ff9,Custodian,2026-01-25 23:22:47.478881+00
fd8f0877-6f8f-45ae-98fd-af04061d2e69,da901854-b1ac-41b2-98b5-dc03f72cb8d2,Cal Dodge,2026-01-25 23:22:47.478881+00
fd8f0877-6f8f-45ae-98fd-af04061d2e69,ef4c1de3-b6d7-428c-baa2-93c540415152,Boy #3,2026-01-25 23:22:47.478881+00
fe154e91-3eb4-43cb-8ccb-2e871413b094,0062fccd-84c7-4a9f-a7b9-f5e30ba1f187,Jim Drucker,2026-01-25 23:22:47.478881+00
fe154e91-3eb4-43cb-8ccb-2e871413b094,0796c18f-daea-45f9-a408-dfd45b66242a,Hal Osterly,2026-01-25 23:22:47.478881+00
fe154e91-3eb4-43cb-8ccb-2e871413b094,08a78a57-b5dc-4f05-8c12-260570e79b27,Young Raptor Handler,2026-01-25 23:22:47.478881+00
fe154e91-3eb4-43cb-8ccb-2e871413b094,1289bfe7-1265-4ffa-b216-81abea87ad57,Scott,2026-01-25 23:22:47.478881+00
fe154e91-3eb4-43cb-8ccb-2e871413b094,17617d87-a533-47ff-9afd-65f9717e7302,Claire,2026-01-25 23:22:47.478881+00
fe154e91-3eb4-43cb-8ccb-2e871413b094,2aebef9b-814d-4e43-ba98-fe3b6022f6df,Vivian,2026-01-25 23:22:47.478881+00
fe154e91-3eb4-43cb-8ccb-2e871413b094,2fb89abd-1599-478b-a3cd-95692a925abd,Paddock Supervisor,2026-01-25 23:22:47.478881+00
fe154e91-3eb4-43cb-8ccb-2e871413b094,35905d66-fb01-4bf5-a05e-fd5555b99bff,Barry,2026-01-25 23:22:47.478881+00
fe154e91-3eb4-43cb-8ccb-2e871413b094,56828653-84e2-4e0d-b73a-0f2e754978da,Dr. Henry Wu,2026-01-25 23:22:47.478881+00
fe154e91-3eb4-43cb-8ccb-2e871413b094,7eacecab-cf01-4309-b4cb-eedefceea346,Jimmy Fallon,2026-01-25 23:22:47.478881+00
fe154e91-3eb4-43cb-8ccb-2e871413b094,7eb8d6ff-a3fc-41b1-adce-bc3a5a12c486,Lowery,2026-01-25 23:22:47.478881+00
fe154e91-3eb4-43cb-8ccb-2e871413b094,8277def0-6b6c-41f3-b31c-0dbaa430cb88,Hoskins,2026-01-25 23:22:47.478881+00
fe154e91-3eb4-43cb-8ccb-2e871413b094,ad3d2e5e-81d4-47f4-8979-b658fa41f76c,Karen,2026-01-25 23:22:47.478881+00
fe154e91-3eb4-43cb-8ccb-2e871413b094,be10f1fd-add9-40bb-861b-04ce8b25c509,Masrani,2026-01-25 23:22:47.478881+00
fe154e91-3eb4-43cb-8ccb-2e871413b094,c355750c-4000-4d2d-9916-0038aae79b9a,Zach,2026-01-25 23:22:47.478881+00
fe154e91-3eb4-43cb-8ccb-2e871413b094,c95f9115-8d48-4126-9946-212728fb62dd,Gray,2026-01-25 23:22:47.478881+00
fe154e91-3eb4-43cb-8ccb-2e871413b094,caae1a07-c943-4c21-976a-8330cf5572da,Owen,2026-01-25 23:22:47.478881+00
fe154e91-3eb4-43cb-8ccb-2e871413b094,d60c6dc9-e52c-47ee-a98e-8bf0bd0d7f27,Hamada,2026-01-25 23:22:47.478881+00
fe154e91-3eb4-43cb-8ccb-2e871413b094,de07f83e-44d8-44c3-b2e3-85b2f8a403de,Zara,2026-01-25 23:22:47.478881+00
fe154e91-3eb4-43cb-8ccb-2e871413b094,ee4a2ac0-40f1-4048-8b3f-421143ff1178,Mosasaurus Announcer,2026-01-25 23:22:47.478881+00
fefa3d55-9d9d-4579-ae85-1e44b88f5da3,0c2ad83e-5a86-41e6-a8ee-bd720e8b0058,Teedo,2026-01-25 23:22:47.478881+00
fefa3d55-9d9d-4579-ae85-1e44b88f5da3,1b033d59-d5bb-440f-8e0e-583b007058b7,Unkar Plutt,2026-01-25 23:22:47.478881+00
fefa3d55-9d9d-4579-ae85-1e44b88f5da3,23d8d03a-2d87-4ec0-8b57-5cb039e94e4a,Captain Phasma,2026-01-25 23:22:47.478881+00
fefa3d55-9d9d-4579-ae85-1e44b88f5da3,258ab6f9-1a0f-4a25-8525-8ed15ebf7eb9,Han Solo,2026-01-25 23:22:47.478881+00
fefa3d55-9d9d-4579-ae85-1e44b88f5da3,31c1d55d-ccbf-4f43-bcce-3283a8a1a364,C-3PO,2026-01-25 23:22:47.478881+00
fefa3d55-9d9d-4579-ae85-1e44b88f5da3,31e66b08-11af-4bb4-a23a-ac3ee3f30464,Kylo Ren / Ben Solo,2026-01-25 23:22:47.478881+00
fefa3d55-9d9d-4579-ae85-1e44b88f5da3,6691c5e8-3aa5-4dd1-a7ac-a9eadcf2e5ba,Jakku Villager,2026-01-25 23:22:47.478881+00
fefa3d55-9d9d-4579-ae85-1e44b88f5da3,72ac6b06-9399-4c4b-ac54-c42e3bfbf9ad,Lead Stormtrooper,2026-01-25 23:22:47.478881+00
fefa3d55-9d9d-4579-ae85-1e44b88f5da3,7f39dc76-ae90-48d2-bc45-682e3610cd33,Maz Kanata,2026-01-25 23:22:47.478881+00
fefa3d55-9d9d-4579-ae85-1e44b88f5da3,9a2777f6-4aa1-49dd-937b-63748fc5c53a,Supreme Leader Snoke,2026-01-25 23:22:47.478881+00
fefa3d55-9d9d-4579-ae85-1e44b88f5da3,9f1c9afd-cc8c-4bb5-81f7-eb89d59dfa09,Finn,2026-01-25 23:22:47.478881+00
fefa3d55-9d9d-4579-ae85-1e44b88f5da3,b94d5fe2-3512-4ac3-b835-c664e9e813e2,General Hux,2026-01-25 23:22:47.478881+00
fefa3d55-9d9d-4579-ae85-1e44b88f5da3,c3cefe7e-b7ad-4f7e-bb8f-834ce0613d36,Luke Skywalker,2026-01-25 23:22:47.478881+00
fefa3d55-9d9d-4579-ae85-1e44b88f5da3,ce7433e5-4144-4862-9fb9-4fd97c838de8,Colonel Kaplan,2026-01-25 23:22:47.478881+00
fefa3d55-9d9d-4579-ae85-1e44b88f5da3,e2df013f-ac4a-493b-b3b1-882c5b34eb8b,Rey,2026-01-25 23:22:47.478881+00
fefa3d55-9d9d-4579-ae85-1e44b88f5da3,edcfd352-95b6-422a-80bc-75bad3e7905c,Chewbacca Double,2026-01-25 23:22:47.478881+00
fefa3d55-9d9d-4579-ae85-1e44b88f5da3,f0320462-cfca-4250-8eb3-dc278914590b,Poe Dameron,2026-01-25 23:22:47.478881+00
fefa3d55-9d9d-4579-ae85-1e44b88f5da3,f50d4163-c76e-4d5c-8e48-d42348fc232b,Lor San Tekka,2026-01-25 23:22:47.478881+00
fefa3d55-9d9d-4579-ae85-1e44b88f5da3,f71ed144-2460-4ea0-a386-614b5b2126d1,General Leia Organa,2026-01-25 23:22:47.478881+00
fefa3d55-9d9d-4579-ae85-1e44b88f5da3,f97a927d-3c6d-4092-8185-623111d01c6e,Chewbacca,2026-01-25 23:22:47.478881+00