movie_id,person_id,job,created_at
00b7dbb0-6cf9-4e57-b282-677f3e8cd253,5e25856a-5a21-4412-a696-b2bc9b708c94,Composer,2026-01-25 23:23:34.15341+00
00b7dbb0-6cf9-4e57-b282-677f3e8cd253,692f06c6-b654-4e0b-93cd-4c474ebbe424,Writer,2026-01-25 23:23:34.15341+00
00b7dbb0-6cf9-4e57-b282-677f3e8cd253,8a2f8473-3c6f-4547-b201-c1c750dc172a,Writer,2026-01-25 23:23:34.15341+00
00b7dbb0-6cf9-4e57-b282-677f3e8cd253,f9fa0f9d-ff15-466a-9484-3ab2f8abf04d,Director,2026-01-25 23:23:34.15341+00
01be80c1-03c8-415d-a8b6-7b7d9d045047,04a0511d-ccf4-4b1d-965d-2ff6123e26d0,Composer,2026-01-25 23:23:34.15341+00
01be80c1-03c8-415d-a8b6-7b7d9d045047,e249131b-3456-4737-b169-60a957ac5b25,Writer,2026-01-25 23:23:34.15341+00
01be80c1-03c8-415d-a8b6-7b7d9d045047,ef57875a-5a97-4cbc-88ad-b3ad3baf9223,Director,2026-01-25 23:23:34.15341+00
01be80c1-03c8-415d-a8b6-7b7d9d045047,ef57875a-5a97-4cbc-88ad-b3ad3baf9223,Writer,2026-01-25 23:23:34.15341+00
06a198e8-39fa-4b4c-a96b-ba2fbc71c78e,48f26388-02ca-41b6-8893-3d7e57d96084,Composer,2026-01-25 23:23:34.15341+00
06a198e8-39fa-4b4c-a96b-ba2fbc71c78e,74870131-ec40-4e7e-8709-c3bb8c2b4770,Writer,2026-01-25 23:23:34.15341+00
06a198e8-39fa-4b4c-a96b-ba2fbc71c78e,a90f9851-d0cf-4afe-b871-f25149b67d1a,Composer,2026-01-25 23:23:34.15341+00
06a198e8-39fa-4b4c-a96b-ba2fbc71c78e,fc370ce6-dded-426d-bd2d-c413b3674b8f,Director,2026-01-25 23:23:34.15341+00
088e116f-839e-41d1-8305-110ca0059eb5,5e25856a-5a21-4412-a696-b2bc9b708c94,Composer,2026-01-25 23:23:34.15341+00
088e116f-839e-41d1-8305-110ca0059eb5,692f06c6-b654-4e0b-93cd-4c474ebbe424,Writer,2026-01-25 23:23:34.15341+00
088e116f-839e-41d1-8305-110ca0059eb5,8a2f8473-3c6f-4547-b201-c1c750dc172a,Writer,2026-01-25 23:23:34.15341+00
088e116f-839e-41d1-8305-110ca0059eb5,d1fe20b3-bbc4-48c7-b4a1-e9ab97e29b34,Composer,2026-01-25 23:23:34.15341+00
088e116f-839e-41d1-8305-110ca0059eb5,f9fa0f9d-ff15-466a-9484-3ab2f8abf04d,Director,2026-01-25 23:23:34.15341+00
088e116f-839e-41d1-8305-110ca0059eb5,f9fa0f9d-ff15-466a-9484-3ab2f8abf04d,Writer,2026-01-25 23:23:34.15341+00
0975c319-f728-4597-ac7a-a73c9e82bebf,03a5ea7d-0e2a-49db-acb4-c5a00eb12f78,Writer,2026-01-25 23:23:34.15341+00
0975c319-f728-4597-ac7a-a73c9e82bebf,23fcec56-bfdc-4fee-8ad3-43c6753e0fe0,Composer,2026-01-25 23:23:34.15341+00
0975c319-f728-4597-ac7a-a73c9e82bebf,31ba8c12-d2c4-41e4-9351-5dadc38b02f0,Director,2026-01-25 23:23:34.15341+00
0975c319-f728-4597-ac7a-a73c9e82bebf,31ba8c12-d2c4-41e4-9351-5dadc38b02f0,Writer,2026-01-25 23:23:34.15341+00
0975c319-f728-4597-ac7a-a73c9e82bebf,3d7df408-2e07-4ecd-b465-c0891ac09723,Director,2026-01-25 23:23:34.15341+00
0975c319-f728-4597-ac7a-a73c9e82bebf,3d7df408-2e07-4ecd-b465-c0891ac09723,Writer,2026-01-25 23:23:34.15341+00
0975c319-f728-4597-ac7a-a73c9e82bebf,44024915-0d16-438e-bcaf-5acf1bc1cab4,Writer,2026-01-25 23:23:34.15341+00
0c9a8a0c-a4bd-4aa6-b79c-deb406a2f80f,009ae8f7-5375-4fb3-a1b7-aafc92eeaebf,Composer,2026-01-25 23:23:34.15341+00
0c9a8a0c-a4bd-4aa6-b79c-deb406a2f80f,be923e87-2845-40bf-898a-b019ccf92e63,Director,2026-01-25 23:23:34.15341+00
0c9a8a0c-a4bd-4aa6-b79c-deb406a2f80f,eac106b7-27e5-4e66-ba31-6bb228fb8ab4,Writer,2026-01-25 23:23:34.15341+00
0d06b4e2-1520-4a4f-9190-8a80295d9722,1591382d-888b-4c5f-a624-3e904bdab33f,Writer,2026-02-14 02:51:48.119765+00
0d06b4e2-1520-4a4f-9190-8a80295d9722,e43c5453-a0f6-40eb-939a-a1af58894ad5,Composer,2026-02-14 02:51:48.119765+00
0d06b4e2-1520-4a4f-9190-8a80295d9722,fc370ce6-dded-426d-bd2d-c413b3674b8f,Director,2026-02-14 02:51:48.119765+00
0da00b7c-696c-4151-81e1-99e1730ce913,4445ded3-f501-48ad-a131-9a4070980d09,Composer,2026-01-25 23:23:34.15341+00
0da00b7c-696c-4151-81e1-99e1730ce913,692f06c6-b654-4e0b-93cd-4c474ebbe424,Writer,2026-01-25 23:23:34.15341+00
0da00b7c-696c-4151-81e1-99e1730ce913,8a2f8473-3c6f-4547-b201-c1c750dc172a,Writer,2026-01-25 23:23:34.15341+00
0da00b7c-696c-4151-81e1-99e1730ce913,9e57d66c-74f2-401e-802d-656c6ac16e3b,Writer,2026-01-25 23:23:34.15341+00
0da00b7c-696c-4151-81e1-99e1730ce913,afbea397-ed04-442c-88cb-71b364e396f6,Director,2026-01-25 23:23:34.15341+00
0f7ef0be-975a-4229-ba13-a0c779769467,35448a08-93f0-4ac9-80bb-8ac27fe975a9,Writer,2026-02-03 07:00:24.205531+00
0f7ef0be-975a-4229-ba13-a0c779769467,84a1ed9a-2b6e-4621-9597-9888a7eb5aca,Director,2026-02-03 07:00:24.205531+00
0f7ef0be-975a-4229-ba13-a0c779769467,a2a780d0-2cc1-4e7a-885e-e58b4d041a9b,Composer,2026-02-03 07:00:24.205531+00
0fc4294e-a739-432e-8e4d-5b11921b9af4,6733e04b-8560-43d8-9687-be49ae60a9e6,Writer,2026-01-25 23:23:34.15341+00
0fc4294e-a739-432e-8e4d-5b11921b9af4,7f394201-d9ac-4dfd-98ab-96165033d006,Composer,2026-01-25 23:23:34.15341+00
0fc4294e-a739-432e-8e4d-5b11921b9af4,85fdc67d-2a48-4a1b-8ece-2dfda8399856,Director,2026-01-25 23:23:34.15341+00
0fc4294e-a739-432e-8e4d-5b11921b9af4,8d2a0888-9507-4933-8a64-17d2f94f39cd,Writer,2026-01-25 23:23:34.15341+00
0fc4294e-a739-432e-8e4d-5b11921b9af4,8e7fd0b5-b005-41b2-8960-25ba7cfe8670,Writer,2026-01-25 23:23:34.15341+00
0fc4294e-a739-432e-8e4d-5b11921b9af4,904938c2-e1c2-4a85-99d1-65bc19b8b3d3,Writer,2026-01-25 23:23:34.15341+00
0fc4294e-a739-432e-8e4d-5b11921b9af4,bcb0a6e1-47c8-4132-9f0a-3357e7bdaa85,Writer,2026-01-25 23:23:34.15341+00
0fc4294e-a739-432e-8e4d-5b11921b9af4,cdc5186a-38b0-4b43-aa1b-39bc374e847e,Writer,2026-01-25 23:23:34.15341+00
0fc4294e-a739-432e-8e4d-5b11921b9af4,fd61d943-e1e5-435e-a54f-e348fd4bb234,Director,2026-01-25 23:23:34.15341+00
0fde2bf0-140f-4e1f-b328-369c5e6698da,5d4caa68-1844-484a-962a-965f3a09d00c,Writer,2026-02-03 07:02:46.348798+00
0fde2bf0-140f-4e1f-b328-369c5e6698da,8599a57e-0a51-4c8a-beb6-eeeb0b2f53de,Director,2026-02-03 07:02:46.348798+00
0fde2bf0-140f-4e1f-b328-369c5e6698da,ca2396a1-d8b9-45ac-a482-bcf9405e98f8,Composer,2026-02-03 07:02:46.348798+00
102f5c16-fe8f-4c45-a976-98fed55eb976,05561d3b-bf64-4752-b1cc-d2632e0ecbf2,Director,2026-01-25 23:23:34.15341+00
102f5c16-fe8f-4c45-a976-98fed55eb976,05561d3b-bf64-4752-b1cc-d2632e0ecbf2,Writer,2026-01-25 23:23:34.15341+00
102f5c16-fe8f-4c45-a976-98fed55eb976,a4fcd5b8-d0a1-4e61-9516-adabe7a1efdb,Composer,2026-01-25 23:23:34.15341+00
11e72916-1821-4132-af14-05f62f48f61b,744c5852-fad1-4bea-bfbb-546d007673d6,Writer,2026-02-03 06:55:09.974053+00
11e72916-1821-4132-af14-05f62f48f61b,a9159a9c-92b1-4066-a16d-c8384f7de946,Composer,2026-02-03 06:55:09.974053+00
11e72916-1821-4132-af14-05f62f48f61b,bf0397d7-aa84-43e7-9240-5e66eb582558,Director,2026-02-03 06:55:09.974053+00
13167567-f10a-4b1d-a5de-17b2812e400c,8eae82ef-0388-4989-aad5-1a2a86462708,Writer,2026-01-25 23:23:34.15341+00
13167567-f10a-4b1d-a5de-17b2812e400c,b5b9cf24-1efe-4d46-80a3-85727ee477b4,Director,2026-01-25 23:23:34.15341+00
13167567-f10a-4b1d-a5de-17b2812e400c,edf2bc1f-8d1f-4507-bc2d-cc0360f84dbe,Composer,2026-01-25 23:23:34.15341+00
13cef6f5-f645-4463-920b-e9150e66fc52,39b8ac46-36ae-4f0f-af9f-68806bfd3267,Writer,2026-02-03 06:55:24.036296+00
13cef6f5-f645-4463-920b-e9150e66fc52,794f1001-0ff8-4f92-ae35-3b4fccc401b6,Director,2026-02-03 06:55:24.036296+00
13cef6f5-f645-4463-920b-e9150e66fc52,c08497ee-df21-4dbc-9451-1109d52d3af0,Composer,2026-02-03 06:55:24.036296+00
13cef6f5-f645-4463-920b-e9150e66fc52,d1924e84-7cfa-4b29-8b16-94507a546171,Writer,2026-02-03 06:55:24.036296+00
153e220b-1af7-46e5-bb92-7be4975826fd,009ae8f7-5375-4fb3-a1b7-aafc92eeaebf,Composer,2026-01-25 23:23:34.15341+00
153e220b-1af7-46e5-bb92-7be4975826fd,4337a5ed-5aa2-42db-a9c7-ab0658987c31,Writer,2026-01-25 23:23:34.15341+00
153e220b-1af7-46e5-bb92-7be4975826fd,bbad0c60-2359-41df-a4ea-07e8a6c5d91d,Writer,2026-01-25 23:23:34.15341+00
153e220b-1af7-46e5-bb92-7be4975826fd,d7473248-f24d-4da7-94f4-567420402e6b,Composer,2026-01-25 23:23:34.15341+00
153e220b-1af7-46e5-bb92-7be4975826fd,ead36e3e-ab25-46cf-aeb3-ae28e77f192f,Writer,2026-01-25 23:23:34.15341+00
153e220b-1af7-46e5-bb92-7be4975826fd,f5c9decd-1e06-4734-bbe6-0cfc394fde66,Director,2026-01-25 23:23:34.15341+00
153e220b-1af7-46e5-bb92-7be4975826fd,f5c9decd-1e06-4734-bbe6-0cfc394fde66,Writer,2026-01-25 23:23:34.15341+00
16d53720-c0a6-456b-b41e-f921101768a7,f291e8cc-b7b4-4ea6-9cb8-d6ee0fb32fd7,Composer,2026-01-25 23:23:34.15341+00
16d53720-c0a6-456b-b41e-f921101768a7,fe47b6b7-6ce6-444c-ad86-969d2e031a0a,Director,2026-01-25 23:23:34.15341+00
16d53720-c0a6-456b-b41e-f921101768a7,fe47b6b7-6ce6-444c-ad86-969d2e031a0a,Writer,2026-01-25 23:23:34.15341+00
18448708-afde-4994-a0b4-a0e01ed2a3ab,5e25856a-5a21-4412-a696-b2bc9b708c94,Composer,2026-01-25 23:23:34.15341+00
18448708-afde-4994-a0b4-a0e01ed2a3ab,66b74186-371b-4ef1-b41e-ff3c8d9c16c4,Writer,2026-01-25 23:23:34.15341+00
18448708-afde-4994-a0b4-a0e01ed2a3ab,692f06c6-b654-4e0b-93cd-4c474ebbe424,Writer,2026-01-25 23:23:34.15341+00
18448708-afde-4994-a0b4-a0e01ed2a3ab,8a2f8473-3c6f-4547-b201-c1c750dc172a,Writer,2026-01-25 23:23:34.15341+00
18448708-afde-4994-a0b4-a0e01ed2a3ab,f9fa0f9d-ff15-466a-9484-3ab2f8abf04d,Director,2026-01-25 23:23:34.15341+00
197021d8-e81e-4a97-a23b-e0f8c8e0cee5,09fba9e5-cd3d-41f2-b640-e43a3376d51c,Writer,2026-02-03 07:00:10.484292+00
197021d8-e81e-4a97-a23b-e0f8c8e0cee5,b70c011c-2a63-430f-ba97-15219a10e0e5,Composer,2026-02-03 07:00:10.484292+00
197021d8-e81e-4a97-a23b-e0f8c8e0cee5,cb8ae65d-e0d9-460e-946a-8f2dd2321d5c,Director,2026-02-03 07:00:10.484292+00
197021d8-e81e-4a97-a23b-e0f8c8e0cee5,d1da0ed4-5ad6-4558-9adc-18f951fc2054,Writer,2026-02-03 07:00:10.484292+00
197021d8-e81e-4a97-a23b-e0f8c8e0cee5,d2311b7a-fb9c-421e-95a9-2f06e7fbfaf9,Writer,2026-02-03 07:00:10.484292+00
1adaa710-002b-4210-a8a2-4391b0454e47,0bc49802-9bbe-4809-b7ea-d22993c85c29,Writer,2026-01-25 23:23:34.15341+00
1adaa710-002b-4210-a8a2-4391b0454e47,0c2afb84-b0f4-46ae-a83f-35d2d0563f2c,Writer,2026-01-25 23:23:34.15341+00
1adaa710-002b-4210-a8a2-4391b0454e47,62b3693e-881a-4e3e-9405-c7f9d08187e0,Composer,2026-01-25 23:23:34.15341+00
1adaa710-002b-4210-a8a2-4391b0454e47,74081b1d-18f1-4819-92b3-5d421720f5f2,Director,2026-01-25 23:23:34.15341+00
1adaa710-002b-4210-a8a2-4391b0454e47,c2facfd7-2d86-481f-ae5a-a9056cb91710,Writer,2026-01-25 23:23:34.15341+00
1b9da9ea-7cf3-4717-a1ab-3fd909e361fa,543b7b39-bcdd-417e-9c01-56424b81cd69,Writer,2026-01-25 23:23:34.15341+00
1b9da9ea-7cf3-4717-a1ab-3fd909e361fa,a4fcd5b8-d0a1-4e61-9516-adabe7a1efdb,Composer,2026-01-25 23:23:34.15341+00
1b9da9ea-7cf3-4717-a1ab-3fd909e361fa,daa7a4e8-fbba-41b7-8fca-73833067e324,Director,2026-01-25 23:23:34.15341+00
1bcac2d7-0dd3-440f-b590-e55f26af7436,53a13588-183c-4d48-bc14-8484a471c68f,Writer,2026-01-25 23:23:34.15341+00
1bcac2d7-0dd3-440f-b590-e55f26af7436,7bede851-30f7-4a99-95d6-15775bd7c245,Director,2026-01-25 23:23:34.15341+00
1bcac2d7-0dd3-440f-b590-e55f26af7436,7bede851-30f7-4a99-95d6-15775bd7c245,Writer,2026-01-25 23:23:34.15341+00
1cb983bd-3509-4bac-88b7-f2c5e82ea663,ca2396a1-d8b9-45ac-a482-bcf9405e98f8,Composer,2026-01-30 01:41:18.615684+00
1cb983bd-3509-4bac-88b7-f2c5e82ea663,e42209ec-fded-4c49-9dfe-631ff69c3974,Director,2026-01-30 01:41:18.615684+00
1cb983bd-3509-4bac-88b7-f2c5e82ea663,f7d6d71d-ec77-45ae-91a0-541b9a00bab8,Director,2026-01-30 01:41:18.615684+00
1cb983bd-3509-4bac-88b7-f2c5e82ea663,fad3c5f2-9ff4-4d87-984f-7a0610371f26,Writer,2026-01-30 01:41:18.615684+00
1cb983bd-3509-4bac-88b7-f2c5e82ea663,faf66464-6961-4590-9944-9946b5738ce4,Writer,2026-01-30 01:41:18.615684+00
1e45b8b3-f64a-4172-9d54-b429faef40fa,39c302cc-d1ed-4a91-a774-9a652afa9a4e,Writer,2026-01-25 23:23:34.15341+00
1e45b8b3-f64a-4172-9d54-b429faef40fa,7b14287c-1caa-43d4-ad9c-9c983b16fe84,Composer,2026-01-25 23:23:34.15341+00
1e45b8b3-f64a-4172-9d54-b429faef40fa,bfc62715-1b00-4e1f-b02b-d10880d0ad8d,Director,2026-01-25 23:23:34.15341+00
1e45b8b3-f64a-4172-9d54-b429faef40fa,bfc62715-1b00-4e1f-b02b-d10880d0ad8d,Writer,2026-01-25 23:23:34.15341+00
2114141d-0570-4436-8d61-84bf9abdb074,0c0b3621-5579-410c-9cef-6a0675b87f92,Writer,2026-01-25 23:23:34.15341+00
2114141d-0570-4436-8d61-84bf9abdb074,979b24e6-e4f0-4b51-83b8-49e701be4031,Writer,2026-01-25 23:23:34.15341+00
2114141d-0570-4436-8d61-84bf9abdb074,d7473248-f24d-4da7-94f4-567420402e6b,Composer,2026-01-25 23:23:34.15341+00
2114141d-0570-4436-8d61-84bf9abdb074,fc370ce6-dded-426d-bd2d-c413b3674b8f,Director,2026-01-25 23:23:34.15341+00
2114141d-0570-4436-8d61-84bf9abdb074,fc370ce6-dded-426d-bd2d-c413b3674b8f,Writer,2026-01-25 23:23:34.15341+00
2164d4f8-1c62-4681-b0e3-486110f2fbfa,3076a2c2-2f20-47f3-9dc4-11fbf1fb2650,Director,2026-01-25 23:23:34.15341+00
2164d4f8-1c62-4681-b0e3-486110f2fbfa,3076a2c2-2f20-47f3-9dc4-11fbf1fb2650,Writer,2026-01-25 23:23:34.15341+00
2164d4f8-1c62-4681-b0e3-486110f2fbfa,f93da2e6-c785-4cf6-8612-e7035502f279,Director,2026-01-25 23:23:34.15341+00
2164d4f8-1c62-4681-b0e3-486110f2fbfa,f93da2e6-c785-4cf6-8612-e7035502f279,Writer,2026-01-25 23:23:34.15341+00
2164d4f8-1c62-4681-b0e3-486110f2fbfa,ff95c11f-8e00-4e88-9038-bd0b681ddba2,Composer,2026-01-25 23:23:34.15341+00
217ac67a-f242-4f8f-8818-08e111415b08,4445ded3-f501-48ad-a131-9a4070980d09,Composer,2026-01-25 23:23:34.15341+00
217ac67a-f242-4f8f-8818-08e111415b08,5841342a-af77-42f1-8057-ccad95115631,Writer,2026-01-25 23:23:34.15341+00
217ac67a-f242-4f8f-8818-08e111415b08,aa78750d-ac71-41fb-9d42-1159d9b25879,Writer,2026-01-25 23:23:34.15341+00
217ac67a-f242-4f8f-8818-08e111415b08,afbea397-ed04-442c-88cb-71b364e396f6,Director,2026-01-25 23:23:34.15341+00
217ac67a-f242-4f8f-8818-08e111415b08,b93ab364-7720-4499-b856-66bf539e6048,Writer,2026-01-25 23:23:34.15341+00
217ac67a-f242-4f8f-8818-08e111415b08,ea70c2e7-731b-41c3-b09f-baf7aedab6d3,Writer,2026-01-25 23:23:34.15341+00
21f2ab21-8a18-4326-96d5-ef12745dabee,783994b2-54bf-4ad9-86ee-ab965ddd9f50,Director,2026-01-25 23:23:34.15341+00
21f2ab21-8a18-4326-96d5-ef12745dabee,783994b2-54bf-4ad9-86ee-ab965ddd9f50,Writer,2026-01-25 23:23:34.15341+00
21f2ab21-8a18-4326-96d5-ef12745dabee,7e2db7f0-021d-49b0-8c9f-7f44c2751be6,Writer,2026-01-25 23:23:34.15341+00
21f2ab21-8a18-4326-96d5-ef12745dabee,c0700c63-399d-4571-8522-e48026ca9955,Composer,2026-01-25 23:23:34.15341+00
21f2ab21-8a18-4326-96d5-ef12745dabee,cbd14e4f-1d77-4859-9654-296d03d9d9eb,Writer,2026-01-25 23:23:34.15341+00
27ef9d2b-f6d4-47a5-b780-9cb30b019fe6,62773d2a-eacb-4447-bbde-3c5862285a90,Writer,2026-01-25 23:23:34.15341+00
27ef9d2b-f6d4-47a5-b780-9cb30b019fe6,d072cf28-780f-4eae-8959-38fc4e158270,Composer,2026-01-25 23:23:34.15341+00
27ef9d2b-f6d4-47a5-b780-9cb30b019fe6,e457900d-6c76-449a-97f3-bbb174e23046,Director,2026-01-25 23:23:34.15341+00
27ef9d2b-f6d4-47a5-b780-9cb30b019fe6,f2d2a9af-29e2-4642-8fa0-82e11dbe785e,Writer,2026-01-25 23:23:34.15341+00
287fda16-1928-42ad-953b-7dd02793b1eb,222c3afa-67e6-4770-a755-601ce531e104,Composer,2026-01-25 23:23:34.15341+00
287fda16-1928-42ad-953b-7dd02793b1eb,7490d356-a994-4603-b17a-0ae325226a9f,Director,2026-01-25 23:23:34.15341+00
287fda16-1928-42ad-953b-7dd02793b1eb,7490d356-a994-4603-b17a-0ae325226a9f,Writer,2026-01-25 23:23:34.15341+00
28ca88fe-f94b-4a40-9afd-d94fa284178b,5e25856a-5a21-4412-a696-b2bc9b708c94,Composer,2026-01-25 23:23:34.15341+00
28ca88fe-f94b-4a40-9afd-d94fa284178b,8bea667c-a839-4451-8053-7c18830c6bfc,Writer,2026-01-25 23:23:34.15341+00
28ca88fe-f94b-4a40-9afd-d94fa284178b,a4fcd5b8-d0a1-4e61-9516-adabe7a1efdb,Composer,2026-01-25 23:23:34.15341+00
28ca88fe-f94b-4a40-9afd-d94fa284178b,bde15835-2e9b-41ad-b436-dbedbb071edb,Writer,2026-01-25 23:23:34.15341+00
28ca88fe-f94b-4a40-9afd-d94fa284178b,f5065533-03f1-4b72-a4cf-c7bf2f0f68d2,Director,2026-01-25 23:23:34.15341+00
28ca88fe-f94b-4a40-9afd-d94fa284178b,f5065533-03f1-4b72-a4cf-c7bf2f0f68d2,Writer,2026-01-25 23:23:34.15341+00
2b4da692-3217-4414-9e0d-50513fb7d436,d7473248-f24d-4da7-94f4-567420402e6b,Composer,2026-01-25 23:23:34.15341+00
2b4da692-3217-4414-9e0d-50513fb7d436,ead36e3e-ab25-46cf-aeb3-ae28e77f192f,Writer,2026-01-25 23:23:34.15341+00
2b4da692-3217-4414-9e0d-50513fb7d436,f5c9decd-1e06-4734-bbe6-0cfc394fde66,Director,2026-01-25 23:23:34.15341+00
2b4da692-3217-4414-9e0d-50513fb7d436,f5c9decd-1e06-4734-bbe6-0cfc394fde66,Writer,2026-01-25 23:23:34.15341+00
2b8fe9cd-7791-493d-a83f-6f04005fda88,519a06fb-3a82-4f71-a949-5bd85213b78a,Director,2026-02-04 03:42:18.430946+00
2b8fe9cd-7791-493d-a83f-6f04005fda88,55932435-0fd4-450d-b78d-9cfdca58c3a9,Writer,2026-02-04 03:42:18.430946+00
2b8fe9cd-7791-493d-a83f-6f04005fda88,7c5877f9-568d-42ff-90d6-5e4547a74868,Writer,2026-02-04 03:42:18.430946+00
2b8fe9cd-7791-493d-a83f-6f04005fda88,8ab58a14-5ff0-47a2-9731-b509d8f2be0e,Composer,2026-02-04 03:42:18.430946+00
2b8fe9cd-7791-493d-a83f-6f04005fda88,cddaa08c-ff21-462d-bd32-dd15b560641b,Writer,2026-02-04 03:42:18.430946+00
2d00a912-602b-4c7b-bd95-1bc2968f326e,1fc76d47-52d7-47c8-8eb5-a5f2a97da661,Director,2026-02-03 07:00:44.373383+00
2d00a912-602b-4c7b-bd95-1bc2968f326e,1fc76d47-52d7-47c8-8eb5-a5f2a97da661,Writer,2026-02-03 07:00:44.373383+00
2d00a912-602b-4c7b-bd95-1bc2968f326e,385b5207-1031-4202-b10c-c2d0c5b091c9,Composer,2026-02-03 07:00:44.373383+00
2d00a912-602b-4c7b-bd95-1bc2968f326e,f5732f34-44e4-4e40-8672-450232633d12,Composer,2026-02-03 07:00:44.373383+00
2eb7bb02-48d6-4397-a8b7-4080862efc4e,222c3afa-67e6-4770-a755-601ce531e104,Composer,2026-01-25 23:23:34.15341+00
2eb7bb02-48d6-4397-a8b7-4080862efc4e,8ad33650-e66d-4256-8fda-d892895e88de,Writer,2026-01-25 23:23:34.15341+00
2eb7bb02-48d6-4397-a8b7-4080862efc4e,8f6e6002-74c5-4f5e-9465-24179b65be53,Writer,2026-01-25 23:23:34.15341+00
2eb7bb02-48d6-4397-a8b7-4080862efc4e,9a2777f6-4aa1-49dd-937b-63748fc5c53a,Director,2026-01-25 23:23:34.15341+00
2ed9292d-0258-45be-b04e-e412b74abc0a,05561d3b-bf64-4752-b1cc-d2632e0ecbf2,Director,2026-01-25 23:23:34.15341+00
2ed9292d-0258-45be-b04e-e412b74abc0a,05561d3b-bf64-4752-b1cc-d2632e0ecbf2,Writer,2026-01-25 23:23:34.15341+00
2ed9292d-0258-45be-b04e-e412b74abc0a,a4fcd5b8-d0a1-4e61-9516-adabe7a1efdb,Composer,2026-01-25 23:23:34.15341+00
2f7965cd-58cc-4394-9627-2bba582eb772,04b56725-b3d4-471b-9176-748cb6690b0b,Writer,2026-01-25 23:23:34.15341+00
2f7965cd-58cc-4394-9627-2bba582eb772,26bbfdda-9ee8-4845-86f6-d9d18d2136b0,Writer,2026-01-25 23:23:34.15341+00
2f7965cd-58cc-4394-9627-2bba582eb772,2d188583-5774-477b-ae5a-1a53411cddc5,Director,2026-01-25 23:23:34.15341+00
2f7965cd-58cc-4394-9627-2bba582eb772,b1f7935c-7a53-44d8-badf-38c685fd8c77,Composer,2026-01-25 23:23:34.15341+00
2fb1e8f9-8e88-4a09-b17f-ecec21024bcd,e2403e02-5845-4ed7-9e05-1d00b39e5f49,Director,2026-02-03 06:59:06.66584+00
2fb1e8f9-8e88-4a09-b17f-ecec21024bcd,e2403e02-5845-4ed7-9e05-1d00b39e5f49,Writer,2026-02-03 06:59:06.66584+00
34f7bbb1-80d3-4cce-9171-ffe15e8c374e,13454894-daab-48c3-9808-a18567266cac,Director,2026-01-25 23:23:34.15341+00
34f7bbb1-80d3-4cce-9171-ffe15e8c374e,5e25856a-5a21-4412-a696-b2bc9b708c94,Composer,2026-01-25 23:23:34.15341+00
34f7bbb1-80d3-4cce-9171-ffe15e8c374e,9c9c475e-d5c3-418b-8af1-28a5c62f4c42,Writer,2026-01-25 23:23:34.15341+00
34f7bbb1-80d3-4cce-9171-ffe15e8c374e,d1fe20b3-bbc4-48c7-b4a1-e9ab97e29b34,Composer,2026-01-25 23:23:34.15341+00
34f7bbb1-80d3-4cce-9171-ffe15e8c374e,f8ce7a72-913b-47e6-9f88-e5de54ebbb28,Writer,2026-01-25 23:23:34.15341+00
3a25b4a4-35c9-4143-a33b-67578b394c41,3f311d13-4e4c-453f-8cbf-1defd4d6c97d,Writer,2026-01-25 23:23:34.15341+00
3a25b4a4-35c9-4143-a33b-67578b394c41,7ee09d85-144b-41af-80b6-4a0749555f41,Director,2026-01-25 23:23:34.15341+00
3a25b4a4-35c9-4143-a33b-67578b394c41,7ee09d85-144b-41af-80b6-4a0749555f41,Writer,2026-01-25 23:23:34.15341+00
3a9e3d9a-c33b-48f6-aeb6-c8ebf272727a,385b5207-1031-4202-b10c-c2d0c5b091c9,Composer,2026-01-25 23:23:34.15341+00
3a9e3d9a-c33b-48f6-aeb6-c8ebf272727a,5db54d28-d243-42df-8e5f-e9b34911a136,Director,2026-01-25 23:23:34.15341+00
3a9e3d9a-c33b-48f6-aeb6-c8ebf272727a,5db54d28-d243-42df-8e5f-e9b34911a136,Writer,2026-01-25 23:23:34.15341+00
3a9e3d9a-c33b-48f6-aeb6-c8ebf272727a,98ec1124-9349-4191-b2bd-61b33ae19df8,Writer,2026-01-25 23:23:34.15341+00
3c0b42b1-c63b-4721-80d9-dde309096411,06b88e97-582b-454b-a30d-8cfde947b772,Writer,2026-02-03 07:02:20.978768+00
3c0b42b1-c63b-4721-80d9-dde309096411,385b5207-1031-4202-b10c-c2d0c5b091c9,Composer,2026-02-03 07:02:20.978768+00
3c0b42b1-c63b-4721-80d9-dde309096411,5db54d28-d243-42df-8e5f-e9b34911a136,Director,2026-02-03 07:02:20.978768+00
3c0b42b1-c63b-4721-80d9-dde309096411,5db54d28-d243-42df-8e5f-e9b34911a136,Writer,2026-02-03 07:02:20.978768+00
3c0b42b1-c63b-4721-80d9-dde309096411,5e060a57-8c33-4348-a1cd-30a2a43d0776,Writer,2026-02-03 07:02:20.978768+00
3c0b42b1-c63b-4721-80d9-dde309096411,98ec1124-9349-4191-b2bd-61b33ae19df8,Writer,2026-02-03 07:02:20.978768+00
3cd2e735-a7b3-4ae2-b968-6b3eb081066e,01bfd9b9-acc0-4d72-ba8d-d924a5c06b90,Writer,2026-01-25 23:23:34.15341+00
3cd2e735-a7b3-4ae2-b968-6b3eb081066e,205b4016-73e6-477e-aa29-3e8ee5ede0dd,Writer,2026-01-25 23:23:34.15341+00
3cd2e735-a7b3-4ae2-b968-6b3eb081066e,892c3cfe-639f-438a-ad03-d582ee64f8d3,Director,2026-01-25 23:23:34.15341+00
3cd2e735-a7b3-4ae2-b968-6b3eb081066e,8ad33650-e66d-4256-8fda-d892895e88de,Writer,2026-01-25 23:23:34.15341+00
3cd2e735-a7b3-4ae2-b968-6b3eb081066e,8f50ca1b-0630-406e-a418-0f60a931b7c8,Composer,2026-01-25 23:23:34.15341+00
3cd2e735-a7b3-4ae2-b968-6b3eb081066e,c33123b7-c2c7-4d30-86b8-680068fadc01,Writer,2026-01-25 23:23:34.15341+00
3dbc0fa6-acbe-407d-94e7-b83f483a5a25,1cd51d9c-6979-42a5-961c-c8a7b76af9f2,Composer,2026-01-25 23:23:34.15341+00
3dbc0fa6-acbe-407d-94e7-b83f483a5a25,b3542c45-2c3a-484e-8eb4-97d0a97e7061,Writer,2026-01-25 23:23:34.15341+00
3dbc0fa6-acbe-407d-94e7-b83f483a5a25,b3f69e53-63ce-430f-b1fc-88036847a712,Director,2026-01-25 23:23:34.15341+00
3dbc0fa6-acbe-407d-94e7-b83f483a5a25,b3f69e53-63ce-430f-b1fc-88036847a712,Writer,2026-01-25 23:23:34.15341+00
3dbc0fa6-acbe-407d-94e7-b83f483a5a25,d1fe20b3-bbc4-48c7-b4a1-e9ab97e29b34,Composer,2026-01-25 23:23:34.15341+00
3e69e1bc-90ae-4c08-9496-b70c75b7d523,05561d3b-bf64-4752-b1cc-d2632e0ecbf2,Writer,2026-01-25 23:23:34.15341+00
3e69e1bc-90ae-4c08-9496-b70c75b7d523,170507cc-b553-4fc4-b6fd-6d6f7918eee0,Writer,2026-01-25 23:23:34.15341+00
3e69e1bc-90ae-4c08-9496-b70c75b7d523,a4fcd5b8-d0a1-4e61-9516-adabe7a1efdb,Composer,2026-01-25 23:23:34.15341+00
3e69e1bc-90ae-4c08-9496-b70c75b7d523,a64302df-8dbe-4941-ada0-e1d0de57bb47,Director,2026-01-25 23:23:34.15341+00
3ef80d20-7a96-43d9-a241-048113e8beaf,4af123df-372a-4cce-b2c0-3dce82cd7f82,Writer,2026-01-25 23:23:34.15341+00
3ef80d20-7a96-43d9-a241-048113e8beaf,9e5f1d21-03d2-4441-ad78-f97049013413,Composer,2026-01-25 23:23:34.15341+00
3ef80d20-7a96-43d9-a241-048113e8beaf,d1924e84-7cfa-4b29-8b16-94507a546171,Writer,2026-01-25 23:23:34.15341+00
3ef80d20-7a96-43d9-a241-048113e8beaf,d7473248-f24d-4da7-94f4-567420402e6b,Composer,2026-01-25 23:23:34.15341+00
3ef80d20-7a96-43d9-a241-048113e8beaf,fc370ce6-dded-426d-bd2d-c413b3674b8f,Director,2026-01-25 23:23:34.15341+00
3f5ee6dd-e3fd-4e84-8269-1ff8a8a8c735,c5deebc5-6e09-43cb-a60f-d5270e4b169f,Director,2026-02-03 06:53:55.023508+00
3f5ee6dd-e3fd-4e84-8269-1ff8a8a8c735,c5deebc5-6e09-43cb-a60f-d5270e4b169f,Writer,2026-02-03 06:53:55.023508+00
3f5ee6dd-e3fd-4e84-8269-1ff8a8a8c735,da35e949-ddb9-4872-9b56-df43b3e08e9e,Director,2026-02-03 06:53:55.023508+00
3f5ee6dd-e3fd-4e84-8269-1ff8a8a8c735,da35e949-ddb9-4872-9b56-df43b3e08e9e,Writer,2026-02-03 06:53:55.023508+00
400cf67b-aec6-4345-964f-e4ad676d4d72,783994b2-54bf-4ad9-86ee-ab965ddd9f50,Director,2026-01-25 23:23:34.15341+00
400cf67b-aec6-4345-964f-e4ad676d4d72,783994b2-54bf-4ad9-86ee-ab965ddd9f50,Writer,2026-01-25 23:23:34.15341+00
400cf67b-aec6-4345-964f-e4ad676d4d72,7e2db7f0-021d-49b0-8c9f-7f44c2751be6,Writer,2026-01-25 23:23:34.15341+00
400cf67b-aec6-4345-964f-e4ad676d4d72,c0700c63-399d-4571-8522-e48026ca9955,Composer,2026-01-25 23:23:34.15341+00
400cf67b-aec6-4345-964f-e4ad676d4d72,cbd14e4f-1d77-4859-9654-296d03d9d9eb,Writer,2026-01-25 23:23:34.15341+00
417f300b-0eda-4911-98b2-ea2b3edb85bf,227da474-843a-4718-b839-807a9fce73e0,Director,2026-02-03 06:53:39.389088+00
417f300b-0eda-4911-98b2-ea2b3edb85bf,227da474-843a-4718-b839-807a9fce73e0,Writer,2026-02-03 06:53:39.389088+00
417f300b-0eda-4911-98b2-ea2b3edb85bf,61c161ee-8f94-4653-a110-6cfaf402dae8,Composer,2026-02-03 06:53:39.389088+00
41ed2834-1748-4b37-a748-7965ba021030,5e25856a-5a21-4412-a696-b2bc9b708c94,Composer,2026-02-03 07:02:02.578401+00
41ed2834-1748-4b37-a748-7965ba021030,6b853c47-050f-4dda-85d3-6317a47f8a40,Director,2026-02-03 07:02:02.578401+00
41ed2834-1748-4b37-a748-7965ba021030,6b853c47-050f-4dda-85d3-6317a47f8a40,Writer,2026-02-03 07:02:02.578401+00
433ae44f-0591-4b36-b10b-3e5ad96d3f61,4337a5ed-5aa2-42db-a9c7-ab0658987c31,Writer,2026-01-25 23:23:34.15341+00
433ae44f-0591-4b36-b10b-3e5ad96d3f61,bbad0c60-2359-41df-a4ea-07e8a6c5d91d,Writer,2026-01-25 23:23:34.15341+00
433ae44f-0591-4b36-b10b-3e5ad96d3f61,d7473248-f24d-4da7-94f4-567420402e6b,Composer,2026-01-25 23:23:34.15341+00
433ae44f-0591-4b36-b10b-3e5ad96d3f61,ead36e3e-ab25-46cf-aeb3-ae28e77f192f,Writer,2026-01-25 23:23:34.15341+00
433ae44f-0591-4b36-b10b-3e5ad96d3f61,f5c9decd-1e06-4734-bbe6-0cfc394fde66,Director,2026-01-25 23:23:34.15341+00
433ae44f-0591-4b36-b10b-3e5ad96d3f61,f5c9decd-1e06-4734-bbe6-0cfc394fde66,Writer,2026-01-25 23:23:34.15341+00
439729aa-1170-4427-8cf8-eca8c7cfb3e5,3c2899ad-3ecb-4fd6-ab98-246ea0205a54,Director,2026-01-25 23:23:34.15341+00
439729aa-1170-4427-8cf8-eca8c7cfb3e5,91eee0d4-1a1c-4714-8193-b6c8a456da24,Writer,2026-01-25 23:23:34.15341+00
439729aa-1170-4427-8cf8-eca8c7cfb3e5,d7473248-f24d-4da7-94f4-567420402e6b,Composer,2026-01-25 23:23:34.15341+00
439729aa-1170-4427-8cf8-eca8c7cfb3e5,f58b9fbf-b2ee-4565-8d03-559c5668d4ab,Writer,2026-01-25 23:23:34.15341+00
440c47eb-f600-4a36-aef5-dd9d4b8a32cb,3fe3fca4-f0e0-4be5-90b0-a76eaf8242eb,Director,2026-01-25 23:23:34.15341+00
440c47eb-f600-4a36-aef5-dd9d4b8a32cb,3fe3fca4-f0e0-4be5-90b0-a76eaf8242eb,Writer,2026-01-25 23:23:34.15341+00
440c47eb-f600-4a36-aef5-dd9d4b8a32cb,a83d254f-ce79-45c5-9789-50ba9f4d59ea,Composer,2026-01-25 23:23:34.15341+00
4457c943-a504-4eb7-9e0a-6377810eba0e,4eb82b9d-1497-4b5f-9d7a-4644131a841f,Writer,2026-02-03 06:54:56.89169+00
4457c943-a504-4eb7-9e0a-6377810eba0e,95c9f652-4f33-444e-8fcd-4b9d0f7ce2f6,Composer,2026-02-03 06:54:56.89169+00
4457c943-a504-4eb7-9e0a-6377810eba0e,9b52bfb9-68cc-4764-898a-e7efbe2daec7,Director,2026-02-03 06:54:56.89169+00
4457c943-a504-4eb7-9e0a-6377810eba0e,9b52bfb9-68cc-4764-898a-e7efbe2daec7,Writer,2026-02-03 06:54:56.89169+00
45881880-57dd-4495-8501-6158f3db170e,05561d3b-bf64-4752-b1cc-d2632e0ecbf2,Director,2026-01-25 23:23:34.15341+00
45881880-57dd-4495-8501-6158f3db170e,05561d3b-bf64-4752-b1cc-d2632e0ecbf2,Writer,2026-01-25 23:23:34.15341+00
45881880-57dd-4495-8501-6158f3db170e,544bde5c-f5dd-44a4-b9cc-f40b6a0e8475,Writer,2026-01-25 23:23:34.15341+00
45881880-57dd-4495-8501-6158f3db170e,a4fcd5b8-d0a1-4e61-9516-adabe7a1efdb,Composer,2026-01-25 23:23:34.15341+00
45c1bb98-05b6-4498-b083-55aa2fccdd45,2b92b5c0-da0c-426a-b61d-0d82f75c2fe4,Director,2026-01-25 23:23:34.15341+00
45c1bb98-05b6-4498-b083-55aa2fccdd45,2b92b5c0-da0c-426a-b61d-0d82f75c2fe4,Writer,2026-01-25 23:23:34.15341+00
45c1bb98-05b6-4498-b083-55aa2fccdd45,5f585a51-292c-42c3-a0b9-8b253f1c88b6,Composer,2026-01-25 23:23:34.15341+00
45c1bb98-05b6-4498-b083-55aa2fccdd45,8a13bc88-af5d-44d5-bc33-d25a54186672,Writer,2026-01-25 23:23:34.15341+00
45c1bb98-05b6-4498-b083-55aa2fccdd45,c04a6658-a61f-4ae1-8f81-bc8920b91d84,Director,2026-01-25 23:23:34.15341+00
45c1bb98-05b6-4498-b083-55aa2fccdd45,c04a6658-a61f-4ae1-8f81-bc8920b91d84,Writer,2026-01-25 23:23:34.15341+00
461d01a3-28e3-4b0b-b09c-cb2649c2b574,0f2e9e28-2653-446b-a31e-e29678329fea,Writer,2026-01-25 23:23:34.15341+00
461d01a3-28e3-4b0b-b09c-cb2649c2b574,a4fcd5b8-d0a1-4e61-9516-adabe7a1efdb,Composer,2026-01-25 23:23:34.15341+00
461d01a3-28e3-4b0b-b09c-cb2649c2b574,bde15835-2e9b-41ad-b436-dbedbb071edb,Writer,2026-01-25 23:23:34.15341+00
461d01a3-28e3-4b0b-b09c-cb2649c2b574,f5065533-03f1-4b72-a4cf-c7bf2f0f68d2,Writer,2026-01-25 23:23:34.15341+00
461d01a3-28e3-4b0b-b09c-cb2649c2b574,f9fa0f9d-ff15-466a-9484-3ab2f8abf04d,Director,2026-01-25 23:23:34.15341+00
461d01a3-28e3-4b0b-b09c-cb2649c2b574,f9fa0f9d-ff15-466a-9484-3ab2f8abf04d,Writer,2026-01-25 23:23:34.15341+00
46cd7820-d43b-4714-8fc2-a082f8205a44,936e705d-8e8e-4f55-be50-f500663296e9,Composer,2026-02-03 07:01:09.018952+00
46cd7820-d43b-4714-8fc2-a082f8205a44,a7eed6ac-8120-4fac-8ab9-317154925071,Director,2026-02-03 07:01:09.018952+00
46cd7820-d43b-4714-8fc2-a082f8205a44,a7eed6ac-8120-4fac-8ab9-317154925071,Writer,2026-02-03 07:01:09.018952+00
47506a65-e2c2-4aaf-b9f4-1354b2a104b6,3bfb9184-8851-44ae-ae3f-40e7efb18b52,Writer,2026-01-25 23:23:34.15341+00
47506a65-e2c2-4aaf-b9f4-1354b2a104b6,87cf920f-4c41-4763-87fc-7b6d838afde5,Director,2026-01-25 23:23:34.15341+00
47506a65-e2c2-4aaf-b9f4-1354b2a104b6,87cf920f-4c41-4763-87fc-7b6d838afde5,Writer,2026-01-25 23:23:34.15341+00
47506a65-e2c2-4aaf-b9f4-1354b2a104b6,9e369abe-6a63-4319-b1ea-c6521878ad65,Composer,2026-01-25 23:23:34.15341+00
476140dd-1186-4b00-a50a-e93ecc45d746,5e8e22de-4252-4a4b-93c8-66a08156154e,Composer,2026-02-03 06:55:35.20824+00
476140dd-1186-4b00-a50a-e93ecc45d746,68f529ed-2bd6-47f3-a69c-2fd914f8ba64,Director,2026-02-03 06:55:35.20824+00
476140dd-1186-4b00-a50a-e93ecc45d746,a5ddddf1-f5a4-4068-804a-7e29bb50ae4c,Writer,2026-02-03 06:55:35.20824+00
48154403-8503-4b35-a477-9d11c95aba00,05561d3b-bf64-4752-b1cc-d2632e0ecbf2,Director,2026-01-25 23:23:34.15341+00
48154403-8503-4b35-a477-9d11c95aba00,05561d3b-bf64-4752-b1cc-d2632e0ecbf2,Writer,2026-01-25 23:23:34.15341+00
48154403-8503-4b35-a477-9d11c95aba00,a4fcd5b8-d0a1-4e61-9516-adabe7a1efdb,Composer,2026-01-25 23:23:34.15341+00
49de1947-0763-4c40-b2b9-380e46d43341,3298e3dd-2ef5-4871-af70-9fc3305d6893,Director,2026-01-25 23:23:34.15341+00
49de1947-0763-4c40-b2b9-380e46d43341,3298e3dd-2ef5-4871-af70-9fc3305d6893,Writer,2026-01-25 23:23:34.15341+00
49de1947-0763-4c40-b2b9-380e46d43341,357b001e-b983-47a6-8145-3aa78d35722b,Composer,2026-01-25 23:23:34.15341+00
49de1947-0763-4c40-b2b9-380e46d43341,7a43904c-0d1f-4d5d-86de-6ac297ce8e43,Composer,2026-01-25 23:23:34.15341+00
49de1947-0763-4c40-b2b9-380e46d43341,99e3979a-d314-4a76-a94a-a59f97370500,Composer,2026-01-25 23:23:34.15341+00
49de1947-0763-4c40-b2b9-380e46d43341,e26f3b8e-ebc4-4723-845e-88be6b4b0d0d,Writer,2026-01-25 23:23:34.15341+00
4ca71b70-34c9-464e-a98d-52d4bde1e374,0b63443b-4561-454c-b1e4-7c4a314b20b6,Composer,2026-01-25 23:23:34.15341+00
4ca71b70-34c9-464e-a98d-52d4bde1e374,af53cfe4-73a5-4ed1-aa71-61308a29d376,Director,2026-01-25 23:23:34.15341+00
4ca71b70-34c9-464e-a98d-52d4bde1e374,af53cfe4-73a5-4ed1-aa71-61308a29d376,Writer,2026-01-25 23:23:34.15341+00
4ca71b70-34c9-464e-a98d-52d4bde1e374,b0db8eeb-48da-40e6-ba05-1c0c34fa244c,Composer,2026-01-25 23:23:34.15341+00
4d88cef1-fd59-4735-8e3f-ae66f39e291e,11d2379b-9c31-411e-a8d5-12625445b685,Composer,2026-01-25 23:23:34.15341+00
4d88cef1-fd59-4735-8e3f-ae66f39e291e,3874063c-4ffa-4b5f-913d-7a6c77e030fe,Writer,2026-01-25 23:23:34.15341+00
4d88cef1-fd59-4735-8e3f-ae66f39e291e,7f394201-d9ac-4dfd-98ab-96165033d006,Composer,2026-01-25 23:23:34.15341+00
4d88cef1-fd59-4735-8e3f-ae66f39e291e,c3eafd99-ebb9-4f26-baeb-408afa71be0f,Director,2026-01-25 23:23:34.15341+00
4d88cef1-fd59-4735-8e3f-ae66f39e291e,c3eafd99-ebb9-4f26-baeb-408afa71be0f,Writer,2026-01-25 23:23:34.15341+00
4f1a0ff1-b317-4867-b621-5ebde72d812b,381ed673-b3c7-401d-9586-a133557760a6,Composer,2026-02-03 06:54:43.379955+00
4f1a0ff1-b317-4867-b621-5ebde72d812b,b3f69e53-63ce-430f-b1fc-88036847a712,Writer,2026-02-03 06:54:43.379955+00
4f1a0ff1-b317-4867-b621-5ebde72d812b,b95a1993-e4ce-446e-8820-5bbc567635aa,Director,2026-02-03 06:54:43.379955+00
4f86ddf6-aa04-4f00-b7ae-0dd101677825,0ec774d2-43d3-4508-84fd-ccf71658c187,Director,2026-02-03 06:54:23.970465+00
4f86ddf6-aa04-4f00-b7ae-0dd101677825,8bbc6959-4542-4239-a190-d29043b8e53f,Writer,2026-02-03 06:54:23.970465+00
4f86ddf6-aa04-4f00-b7ae-0dd101677825,c8e56a17-29f8-4127-91bd-8c99aa28eebb,Composer,2026-02-03 06:54:23.970465+00
50181bee-6af5-44fc-a899-48ba33d6e12e,4c7ab3c7-f214-44ab-a2a4-e6c00f010ac5,Writer,2026-01-25 23:23:34.15341+00
50181bee-6af5-44fc-a899-48ba33d6e12e,8f567f01-f648-4fcf-98d4-bfc49557749f,Director,2026-01-25 23:23:34.15341+00
50181bee-6af5-44fc-a899-48ba33d6e12e,9438148f-59b1-4fe5-a238-e33d77f25a1f,Composer,2026-01-25 23:23:34.15341+00
50181bee-6af5-44fc-a899-48ba33d6e12e,a8b59af6-dd00-4195-94cc-aebebee5063e,Writer,2026-01-25 23:23:34.15341+00
50181bee-6af5-44fc-a899-48ba33d6e12e,d1fe86e3-b172-43a0-ae8d-aab6abf3bd58,Writer,2026-01-25 23:23:34.15341+00
50181bee-6af5-44fc-a899-48ba33d6e12e,e1764f5c-df04-4b6e-b3fd-5896870e780a,Writer,2026-01-25 23:23:34.15341+00
50644cc9-1d2d-49c4-94d8-6fca5ef267c5,0bc49802-9bbe-4809-b7ea-d22993c85c29,Writer,2026-01-30 05:44:00.376094+00
50644cc9-1d2d-49c4-94d8-6fca5ef267c5,0c2afb84-b0f4-46ae-a83f-35d2d0563f2c,Writer,2026-01-30 05:44:00.376094+00
50644cc9-1d2d-49c4-94d8-6fca5ef267c5,a9ea8f52-a2f7-410c-8b96-b6b5611370e4,Director,2026-01-30 05:44:00.376094+00
50644cc9-1d2d-49c4-94d8-6fca5ef267c5,accb1459-ba02-4329-bba6-fb6c82487461,Writer,2026-01-30 05:44:00.376094+00
50644cc9-1d2d-49c4-94d8-6fca5ef267c5,b1f7935c-7a53-44d8-badf-38c685fd8c77,Composer,2026-01-30 05:44:00.376094+00
51982468-6f17-422e-bf95-be99861437db,187d1e56-0794-498c-895b-1148acc6aad3,Composer,2026-01-25 23:23:34.15341+00
51982468-6f17-422e-bf95-be99861437db,6652bd74-ce4b-4661-aeab-1393c5528217,Writer,2026-01-25 23:23:34.15341+00
51982468-6f17-422e-bf95-be99861437db,781bfd55-0494-47be-b4d0-9078ae5a71a0,Writer,2026-01-25 23:23:34.15341+00
51982468-6f17-422e-bf95-be99861437db,794f1001-0ff8-4f92-ae35-3b4fccc401b6,Director,2026-01-25 23:23:34.15341+00
52c0b4ee-ea55-481d-9985-15523d7360ae,613d23a5-b1d6-421c-91fe-9ffad8f381ef,Writer,2026-01-25 23:23:34.15341+00
52c0b4ee-ea55-481d-9985-15523d7360ae,6e440d2a-4aaf-443b-bbfb-12e8f41be8c5,Composer,2026-01-25 23:23:34.15341+00
52c0b4ee-ea55-481d-9985-15523d7360ae,81dd3bd3-af7c-429a-bb46-ecf767abfb20,Writer,2026-01-25 23:23:34.15341+00
52c0b4ee-ea55-481d-9985-15523d7360ae,9b52bfb9-68cc-4764-898a-e7efbe2daec7,Director,2026-01-25 23:23:34.15341+00
52c0b4ee-ea55-481d-9985-15523d7360ae,b1079f31-e80c-4465-99b8-cb623399bc22,Writer,2026-01-25 23:23:34.15341+00
52c0b4ee-ea55-481d-9985-15523d7360ae,b7ffc28d-10fe-48fa-98b0-08bbd5a8fde9,Writer,2026-01-25 23:23:34.15341+00
52c444b4-8ce2-4915-b1c9-1e8ec5efa052,794f1001-0ff8-4f92-ae35-3b4fccc401b6,Director,2026-01-25 23:23:34.15341+00
52c444b4-8ce2-4915-b1c9-1e8ec5efa052,851feb3a-dc72-4ccd-82ba-6c4607047a41,Composer,2026-01-25 23:23:34.15341+00
52c444b4-8ce2-4915-b1c9-1e8ec5efa052,9252e15e-ddc3-45e9-91a1-19a43d6774c3,Writer,2026-01-25 23:23:34.15341+00
52c444b4-8ce2-4915-b1c9-1e8ec5efa052,b50a84fc-7d46-497f-9bb1-eead0dce46d1,Writer,2026-01-25 23:23:34.15341+00
55da6e1f-fafb-4e65-893e-963a2eae2fd1,619f5e91-3a2c-47df-9a6d-0381724b6f78,Composer,2026-01-25 23:23:34.15341+00
55da6e1f-fafb-4e65-893e-963a2eae2fd1,757c7096-6d22-47c0-887c-b1a2c42d609f,Director,2026-01-25 23:23:34.15341+00
55da6e1f-fafb-4e65-893e-963a2eae2fd1,757c7096-6d22-47c0-887c-b1a2c42d609f,Writer,2026-01-25 23:23:34.15341+00
58baaeb5-d63a-4539-8603-6545500bc202,53ec74a1-b2bd-45f8-97b0-b5147be9696a,Composer,2026-02-03 06:56:12.418165+00
58baaeb5-d63a-4539-8603-6545500bc202,b6bb7242-3389-4ccf-9b5a-9b8f23401bb2,Director,2026-02-03 06:56:12.418165+00
58baaeb5-d63a-4539-8603-6545500bc202,b6bb7242-3389-4ccf-9b5a-9b8f23401bb2,Writer,2026-02-03 06:56:12.418165+00
590b97b6-86a9-476a-b64b-4bc308ee9a0d,f291e8cc-b7b4-4ea6-9cb8-d6ee0fb32fd7,Composer,2026-01-25 23:23:34.15341+00
590b97b6-86a9-476a-b64b-4bc308ee9a0d,fe47b6b7-6ce6-444c-ad86-969d2e031a0a,Director,2026-01-25 23:23:34.15341+00
590b97b6-86a9-476a-b64b-4bc308ee9a0d,fe47b6b7-6ce6-444c-ad86-969d2e031a0a,Writer,2026-01-25 23:23:34.15341+00
59f0c4ba-17e1-4f67-9183-cf44114d2928,04eb64f9-76c3-4590-a0b7-969dc2a510c4,Writer,2026-01-25 23:23:34.15341+00
59f0c4ba-17e1-4f67-9183-cf44114d2928,222c3afa-67e6-4770-a755-601ce531e104,Composer,2026-01-25 23:23:34.15341+00
59f0c4ba-17e1-4f67-9183-cf44114d2928,2ec3a016-e21b-4066-b444-11cb4632269a,Writer,2026-01-25 23:23:34.15341+00
59f0c4ba-17e1-4f67-9183-cf44114d2928,4af08ede-a0a0-47ad-a5e4-f351a6da836d,Director,2026-01-25 23:23:34.15341+00
59f0c4ba-17e1-4f67-9183-cf44114d2928,4af08ede-a0a0-47ad-a5e4-f351a6da836d,Writer,2026-01-25 23:23:34.15341+00
59f0c4ba-17e1-4f67-9183-cf44114d2928,5ad17055-36f4-4f1f-b6da-666d57b42fd2,Writer,2026-01-25 23:23:34.15341+00
59f0c4ba-17e1-4f67-9183-cf44114d2928,bf7e66e6-c45d-41ff-96e9-0101303c9377,Writer,2026-01-25 23:23:34.15341+00
5ac1f6da-e511-40a1-82a1-273e794dd0eb,3a08964e-b3a2-447f-aec6-200acd684ef8,Composer,2026-02-03 06:58:49.449626+00
5ac1f6da-e511-40a1-82a1-273e794dd0eb,4a2ba975-441d-4cc0-8824-31dd0feb1d47,Director,2026-02-03 06:58:49.449626+00
5ac1f6da-e511-40a1-82a1-273e794dd0eb,4a2ba975-441d-4cc0-8824-31dd0feb1d47,Writer,2026-02-03 06:58:49.449626+00
5ae07954-45c3-43b1-ae5a-d2aba1c1ef76,1cbad2d4-ace0-4c29-ae56-3ef38056ad1b,Writer,2026-01-25 23:23:34.15341+00
5ae07954-45c3-43b1-ae5a-d2aba1c1ef76,2adbf4e3-54bd-413f-b193-5880b06679d8,Writer,2026-01-25 23:23:34.15341+00
5ae07954-45c3-43b1-ae5a-d2aba1c1ef76,2ea17b67-ba5e-42bf-b393-703fe2dc0771,Writer,2026-01-25 23:23:34.15341+00
5ae07954-45c3-43b1-ae5a-d2aba1c1ef76,440d17ff-219a-4e18-ada8-40cca00b9854,Writer,2026-01-25 23:23:34.15341+00
5ae07954-45c3-43b1-ae5a-d2aba1c1ef76,7a561468-6ba7-4dbd-9fca-6800bf1b5819,Director,2026-01-25 23:23:34.15341+00
5ae07954-45c3-43b1-ae5a-d2aba1c1ef76,7f61cc5a-11c2-4e5d-badc-d909f586349b,Composer,2026-01-25 23:23:34.15341+00
5ae07954-45c3-43b1-ae5a-d2aba1c1ef76,86623bf0-0efe-4423-a9db-abec5e2b5b28,Writer,2026-01-25 23:23:34.15341+00
5b5e24b0-5cf8-4d62-9e8b-5c063bad442a,5597df31-798b-42a4-9deb-da2b38aa26c9,Writer,2026-02-04 03:38:54.75355+00
5b5e24b0-5cf8-4d62-9e8b-5c063bad442a,b99ce878-cb3e-4e92-98d6-0bbd94d7a0e9,Director,2026-02-04 03:38:54.75355+00
5b5e24b0-5cf8-4d62-9e8b-5c063bad442a,b9fe64f0-6108-46ba-8a2b-8676db68cd9b,Writer,2026-02-04 03:38:54.75355+00
5b5e24b0-5cf8-4d62-9e8b-5c063bad442a,bd0ea1ae-823e-45cf-9f20-75de25744d5f,Composer,2026-02-04 03:38:54.75355+00
5d967040-0b79-41a5-9e26-81d4ae4306bb,13465046-cc36-42e0-8322-7afaae62e6f7,Composer,2026-01-25 23:23:34.15341+00
5d967040-0b79-41a5-9e26-81d4ae4306bb,68f375c5-9dce-4bd6-8504-8530e7ce94e4,Composer,2026-01-25 23:23:34.15341+00
5d967040-0b79-41a5-9e26-81d4ae4306bb,eb2e2a32-0a60-4a4d-b221-f3f6f30e8e88,Composer,2026-01-25 23:23:34.15341+00
5d967040-0b79-41a5-9e26-81d4ae4306bb,eb2e2a32-0a60-4a4d-b221-f3f6f30e8e88,Director,2026-01-25 23:23:34.15341+00
5d967040-0b79-41a5-9e26-81d4ae4306bb,eb2e2a32-0a60-4a4d-b221-f3f6f30e8e88,Writer,2026-01-25 23:23:34.15341+00
5fab6e44-6ff8-4fdb-92b3-e1b7c9e40531,0518fefd-c0a0-4de5-b438-e3190d1d8f87,Writer,2026-01-25 23:23:34.15341+00
5fab6e44-6ff8-4fdb-92b3-e1b7c9e40531,07e5c5ec-d2f8-4b82-be92-0db784e2bba7,Director,2026-01-25 23:23:34.15341+00
5fab6e44-6ff8-4fdb-92b3-e1b7c9e40531,07e5c5ec-d2f8-4b82-be92-0db784e2bba7,Writer,2026-01-25 23:23:34.15341+00
5fab6e44-6ff8-4fdb-92b3-e1b7c9e40531,75135fae-05fb-4155-ba7d-af4a5632986e,Composer,2026-01-25 23:23:34.15341+00
60e44e6f-8b8e-475f-b854-5630c06d2db7,682e054a-6717-4dd8-b6ac-af6b0e685675,Writer,2026-02-04 06:28:36.790348+00
60e44e6f-8b8e-475f-b854-5630c06d2db7,c7acb053-10d0-4b96-9625-35b26b31d8ea,Composer,2026-02-04 06:28:36.790348+00
60e44e6f-8b8e-475f-b854-5630c06d2db7,cc933952-06f7-44e8-87da-9bfb06e4c197,Director,2026-02-04 06:28:36.790348+00
60e44e6f-8b8e-475f-b854-5630c06d2db7,cc933952-06f7-44e8-87da-9bfb06e4c197,Writer,2026-02-04 06:28:36.790348+00
60e44e6f-8b8e-475f-b854-5630c06d2db7,d901639e-0f03-454a-9638-849aae3de514,Writer,2026-02-04 06:28:36.790348+00
62d45fa9-b876-4964-a51b-d853e8ac2e88,222c3afa-67e6-4770-a755-601ce531e104,Composer,2026-01-25 23:23:34.15341+00
62d45fa9-b876-4964-a51b-d853e8ac2e88,4527ef12-efcb-492e-b768-900891db165d,Writer,2026-01-25 23:23:34.15341+00
62d45fa9-b876-4964-a51b-d853e8ac2e88,4af123df-372a-4cce-b2c0-3dce82cd7f82,Writer,2026-01-25 23:23:34.15341+00
62d45fa9-b876-4964-a51b-d853e8ac2e88,bb448a74-1eec-4b80-9f59-7a9076b09135,Director,2026-01-25 23:23:34.15341+00
62d45fa9-b876-4964-a51b-d853e8ac2e88,bb448a74-1eec-4b80-9f59-7a9076b09135,Writer,2026-01-25 23:23:34.15341+00
640d0cf1-4b39-471b-a162-2ebf72917bdd,2b2ca0a5-e87a-401f-ae66-81dafa536e27,Writer,2026-01-25 23:23:34.15341+00
640d0cf1-4b39-471b-a162-2ebf72917bdd,538e10b0-65e7-49a4-91cf-98bd5b644aaf,Writer,2026-01-25 23:23:34.15341+00
640d0cf1-4b39-471b-a162-2ebf72917bdd,e43c5453-a0f6-40eb-939a-a1af58894ad5,Composer,2026-01-25 23:23:34.15341+00
640d0cf1-4b39-471b-a162-2ebf72917bdd,fc370ce6-dded-426d-bd2d-c413b3674b8f,Director,2026-01-25 23:23:34.15341+00
653e9b9f-f967-4cce-acbc-1a1d95edc8d7,0bc49802-9bbe-4809-b7ea-d22993c85c29,Writer,2026-01-30 05:39:07.850833+00
653e9b9f-f967-4cce-acbc-1a1d95edc8d7,0c2afb84-b0f4-46ae-a83f-35d2d0563f2c,Writer,2026-01-30 05:39:07.850833+00
653e9b9f-f967-4cce-acbc-1a1d95edc8d7,62b3693e-881a-4e3e-9405-c7f9d08187e0,Composer,2026-01-30 05:39:07.850833+00
653e9b9f-f967-4cce-acbc-1a1d95edc8d7,641509c4-d029-4dd2-9b8b-e4af0c4666e1,Director,2026-01-30 05:39:07.850833+00
653e9b9f-f967-4cce-acbc-1a1d95edc8d7,c2facfd7-2d86-481f-ae5a-a9056cb91710,Writer,2026-01-30 05:39:07.850833+00
6547197e-15bb-4224-b488-6bb9636ebd08,41590a13-3351-4636-adbe-15bf55a7aad7,Composer,2026-01-25 23:23:34.15341+00
6547197e-15bb-4224-b488-6bb9636ebd08,7490d356-a994-4603-b17a-0ae325226a9f,Writer,2026-01-25 23:23:34.15341+00
6547197e-15bb-4224-b488-6bb9636ebd08,8b84d8f4-2df2-461d-9fa1-56d24f9364fa,Director,2026-01-25 23:23:34.15341+00
6547197e-15bb-4224-b488-6bb9636ebd08,8b84d8f4-2df2-461d-9fa1-56d24f9364fa,Writer,2026-01-25 23:23:34.15341+00
68a2908a-f5b9-4ce6-b292-1ee57feb6425,13b36946-faf0-4ee7-b5d5-cf635a961980,Director,2026-01-25 23:23:34.15341+00
68a2908a-f5b9-4ce6-b292-1ee57feb6425,1b033d59-d5bb-440f-8e0e-583b007058b7,Writer,2026-01-25 23:23:34.15341+00
68a2908a-f5b9-4ce6-b292-1ee57feb6425,5e25856a-5a21-4412-a696-b2bc9b708c94,Composer,2026-01-25 23:23:34.15341+00
68a2908a-f5b9-4ce6-b292-1ee57feb6425,f17f70f4-be9e-4951-b0d5-a73eba293f32,Writer,2026-01-25 23:23:34.15341+00
69edb519-f185-4c8f-99e9-28125cdf91be,11d2379b-9c31-411e-a8d5-12625445b685,Composer,2026-01-25 23:23:34.15341+00
69edb519-f185-4c8f-99e9-28125cdf91be,198b4c58-3d73-4c38-ad28-731ea9119419,Composer,2026-01-25 23:23:34.15341+00
69edb519-f185-4c8f-99e9-28125cdf91be,b6dbc424-df07-4c39-a698-1088c17dafe6,Writer,2026-01-25 23:23:34.15341+00
69edb519-f185-4c8f-99e9-28125cdf91be,c3eafd99-ebb9-4f26-baeb-408afa71be0f,Director,2026-01-25 23:23:34.15341+00
69edb519-f185-4c8f-99e9-28125cdf91be,c3eafd99-ebb9-4f26-baeb-408afa71be0f,Writer,2026-01-25 23:23:34.15341+00
6b0c7be6-1c00-4fd5-9bcc-1c8bf7245f3b,23fcec56-bfdc-4fee-8ad3-43c6753e0fe0,Composer,2026-01-25 23:23:34.15341+00
6b0c7be6-1c00-4fd5-9bcc-1c8bf7245f3b,472f16b9-87ad-446e-b45d-f3c962c5da82,Writer,2026-01-25 23:23:34.15341+00
6b0c7be6-1c00-4fd5-9bcc-1c8bf7245f3b,80791182-27db-4288-ae13-47a78e5a2043,Writer,2026-01-25 23:23:34.15341+00
6b0c7be6-1c00-4fd5-9bcc-1c8bf7245f3b,c178dbbe-0fae-48d4-9f61-ddbd584d7542,Director,2026-01-25 23:23:34.15341+00
6b0c7be6-1c00-4fd5-9bcc-1c8bf7245f3b,e9d8b2fe-bc0d-44e3-86b3-10eec31cccd1,Writer,2026-01-25 23:23:34.15341+00
6c7ded31-d2ad-4080-b25b-5ac6bc7ddbf2,590696eb-05da-4f18-8017-ca2f7fc5a417,Writer,2026-02-03 06:55:59.942914+00
6c7ded31-d2ad-4080-b25b-5ac6bc7ddbf2,7f394201-d9ac-4dfd-98ab-96165033d006,Composer,2026-02-03 06:55:59.942914+00
6c7ded31-d2ad-4080-b25b-5ac6bc7ddbf2,7f7f0584-bb7a-4ae8-b118-17409447dc44,Director,2026-02-03 06:55:59.942914+00
6d634705-aa97-454e-8b00-e7c1e9a60cce,7f579913-6216-4f74-86aa-546e0c64e96e,Writer,2026-01-25 23:23:34.15341+00
6d634705-aa97-454e-8b00-e7c1e9a60cce,accd62b8-878d-4b1f-a86e-4e180c7cb631,Composer,2026-01-25 23:23:34.15341+00
6d634705-aa97-454e-8b00-e7c1e9a60cce,b3f69e53-63ce-430f-b1fc-88036847a712,Director,2026-01-25 23:23:34.15341+00
6d634705-aa97-454e-8b00-e7c1e9a60cce,b3f69e53-63ce-430f-b1fc-88036847a712,Writer,2026-01-25 23:23:34.15341+00
6d634705-aa97-454e-8b00-e7c1e9a60cce,d1fe20b3-bbc4-48c7-b4a1-e9ab97e29b34,Composer,2026-01-25 23:23:34.15341+00
6d947656-3052-4a37-a443-1207b4201ed8,4ecf9f76-b92c-448f-8313-d4a4870d8b5d,Writer,2026-01-25 23:23:34.15341+00
6d947656-3052-4a37-a443-1207b4201ed8,5e25856a-5a21-4412-a696-b2bc9b708c94,Composer,2026-01-25 23:23:34.15341+00
6d947656-3052-4a37-a443-1207b4201ed8,68d0a341-93e9-4885-821e-3de0411e1577,Director,2026-01-25 23:23:34.15341+00
6d947656-3052-4a37-a443-1207b4201ed8,68d0a341-93e9-4885-821e-3de0411e1577,Writer,2026-01-25 23:23:34.15341+00
6d947656-3052-4a37-a443-1207b4201ed8,a506959a-82c1-40f9-a81b-3c3dec7d4333,Writer,2026-01-25 23:23:34.15341+00
6d947656-3052-4a37-a443-1207b4201ed8,a614ec75-099f-414f-bb97-ecd01c47f5ba,Director,2026-01-25 23:23:34.15341+00
6d947656-3052-4a37-a443-1207b4201ed8,a614ec75-099f-414f-bb97-ecd01c47f5ba,Writer,2026-01-25 23:23:34.15341+00
6d947656-3052-4a37-a443-1207b4201ed8,adea1e3f-a120-4d67-9bfb-028bd4df00cb,Writer,2026-01-25 23:23:34.15341+00
6d947656-3052-4a37-a443-1207b4201ed8,cadda832-c3f9-4484-b7f6-2e0fc1dce706,Writer,2026-01-25 23:23:34.15341+00
6d947656-3052-4a37-a443-1207b4201ed8,ceee95f0-2a05-42bf-81fd-864a8ccfcdbf,Writer,2026-01-25 23:23:34.15341+00
6d947656-3052-4a37-a443-1207b4201ed8,dc3bcaa9-edab-49fb-9aa4-3f870b11001a,Writer,2026-01-25 23:23:34.15341+00
6d947656-3052-4a37-a443-1207b4201ed8,e27c6d85-6c68-450a-a7bd-1ca265656fea,Writer,2026-01-25 23:23:34.15341+00
6d947656-3052-4a37-a443-1207b4201ed8,e5738d3f-0ebb-41d7-88e5-92c8ff22aad0,Writer,2026-01-25 23:23:34.15341+00
6f585593-0117-4536-a00d-47b4579e3985,05561d3b-bf64-4752-b1cc-d2632e0ecbf2,Writer,2026-01-25 23:23:34.15341+00
6f585593-0117-4536-a00d-47b4579e3985,170507cc-b553-4fc4-b6fd-6d6f7918eee0,Writer,2026-01-25 23:23:34.15341+00
6f585593-0117-4536-a00d-47b4579e3985,a4fcd5b8-d0a1-4e61-9516-adabe7a1efdb,Composer,2026-01-25 23:23:34.15341+00
6f585593-0117-4536-a00d-47b4579e3985,a53f46ca-1637-49d7-ac87-0b821a628b49,Writer,2026-01-25 23:23:34.15341+00
6f585593-0117-4536-a00d-47b4579e3985,daa7a4e8-fbba-41b7-8fca-73833067e324,Director,2026-01-25 23:23:34.15341+00
6fdf387b-9aab-4c9a-8685-f7c142f2cc61,1a7a67e8-c8c8-4700-971a-e2481a39092a,Director,2026-01-25 23:23:34.15341+00
6fdf387b-9aab-4c9a-8685-f7c142f2cc61,1a7a67e8-c8c8-4700-971a-e2481a39092a,Writer,2026-01-25 23:23:34.15341+00
6fdf387b-9aab-4c9a-8685-f7c142f2cc61,3d939ab2-861a-461e-93f4-c91fa0751068,Writer,2026-01-25 23:23:34.15341+00
6fdf387b-9aab-4c9a-8685-f7c142f2cc61,98f450c0-8a09-4836-9dc4-fcbd1da96a69,Writer,2026-01-25 23:23:34.15341+00
6fdf387b-9aab-4c9a-8685-f7c142f2cc61,a83d254f-ce79-45c5-9789-50ba9f4d59ea,Composer,2026-01-25 23:23:34.15341+00
707e6925-5c81-4c7b-a649-9ef9131b82f8,0a4eaa99-a5d3-4073-afbc-f923bed45289,Director,2026-01-25 23:23:34.15341+00
707e6925-5c81-4c7b-a649-9ef9131b82f8,0a4eaa99-a5d3-4073-afbc-f923bed45289,Writer,2026-01-25 23:23:34.15341+00
707e6925-5c81-4c7b-a649-9ef9131b82f8,61375a26-2c69-4566-a34f-c1a8ea47d845,Composer,2026-01-25 23:23:34.15341+00
71454d40-1dcd-4c00-985b-adf7b73730fc,99e7342e-b872-4844-8fda-713234422910,Director,2026-01-25 23:23:34.15341+00
71454d40-1dcd-4c00-985b-adf7b73730fc,99e7342e-b872-4844-8fda-713234422910,Writer,2026-01-25 23:23:34.15341+00
71454d40-1dcd-4c00-985b-adf7b73730fc,a4fcd5b8-d0a1-4e61-9516-adabe7a1efdb,Composer,2026-01-25 23:23:34.15341+00
727ef721-867c-4d98-aa19-86703984542c,57dd5af5-b677-4025-acd8-f1263a1601a6,Writer,2026-01-28 06:10:35.162494+00
727ef721-867c-4d98-aa19-86703984542c,95c9f652-4f33-444e-8fcd-4b9d0f7ce2f6,Composer,2026-01-28 06:10:35.162494+00
727ef721-867c-4d98-aa19-86703984542c,a04a386a-e5ee-4139-8154-0026ee89ff29,Writer,2026-01-28 06:10:35.162494+00
727ef721-867c-4d98-aa19-86703984542c,c823eb6a-2463-4e3e-abb0-c64c3504d355,Director,2026-01-28 06:10:35.162494+00
72c665a5-4c8a-45ad-baf1-4ae527ce1f7d,003bf51a-7f2f-4034-82f0-bdd5d75ee8af,Writer,2026-02-03 07:02:58.10148+00
72c665a5-4c8a-45ad-baf1-4ae527ce1f7d,31ef3593-75ce-44a5-bd92-a50e5b92b0cc,Director,2026-02-03 07:02:58.10148+00
72c665a5-4c8a-45ad-baf1-4ae527ce1f7d,5d6b0546-1f27-47b2-8293-8b93b2ac5080,Writer,2026-02-03 07:02:58.10148+00
72c665a5-4c8a-45ad-baf1-4ae527ce1f7d,7e2a74ec-fdcc-48b1-ba8c-f86828a50573,Composer,2026-02-03 07:02:58.10148+00
72c665a5-4c8a-45ad-baf1-4ae527ce1f7d,8eddcdd3-bb28-4791-8828-c75db6bcf418,Writer,2026-02-03 07:02:58.10148+00
731a959e-cd03-4adc-8629-8896baa5909b,489d345a-f02f-45c9-b863-7aa5bcb1cc7e,Composer,2026-01-25 23:23:34.15341+00
731a959e-cd03-4adc-8629-8896baa5909b,85ad57b3-cee6-41d8-b323-a2458c671986,Director,2026-01-25 23:23:34.15341+00
731a959e-cd03-4adc-8629-8896baa5909b,85ad57b3-cee6-41d8-b323-a2458c671986,Writer,2026-01-25 23:23:34.15341+00
75432010-a4c9-4eda-b684-46e0e90ecd8a,14685155-c57d-4192-beb3-98bc60362123,Writer,2026-01-25 23:23:34.15341+00
75432010-a4c9-4eda-b684-46e0e90ecd8a,829411d3-fe28-4093-89cf-d3f192880010,Writer,2026-01-25 23:23:34.15341+00
75432010-a4c9-4eda-b684-46e0e90ecd8a,95c9f652-4f33-444e-8fcd-4b9d0f7ce2f6,Composer,2026-01-25 23:23:34.15341+00
75432010-a4c9-4eda-b684-46e0e90ecd8a,9fa9c0a0-57d1-4478-89c8-a15ede72a4ef,Writer,2026-01-25 23:23:34.15341+00
75432010-a4c9-4eda-b684-46e0e90ecd8a,d28e737f-6a7e-4a43-b307-8bb98435f293,Writer,2026-01-25 23:23:34.15341+00
75432010-a4c9-4eda-b684-46e0e90ecd8a,d3cda749-2099-4db9-928a-7c9b862f638b,Director,2026-01-25 23:23:34.15341+00
76ca80e8-0c4f-4501-85ed-2ee572d738f1,979b24e6-e4f0-4b51-83b8-49e701be4031,Writer,2026-01-25 23:23:34.15341+00
76ca80e8-0c4f-4501-85ed-2ee572d738f1,d7473248-f24d-4da7-94f4-567420402e6b,Composer,2026-01-25 23:23:34.15341+00
76ca80e8-0c4f-4501-85ed-2ee572d738f1,fc370ce6-dded-426d-bd2d-c413b3674b8f,Director,2026-01-25 23:23:34.15341+00
76ca80e8-0c4f-4501-85ed-2ee572d738f1,fc370ce6-dded-426d-bd2d-c413b3674b8f,Writer,2026-01-25 23:23:34.15341+00
780bec16-607f-4442-8cfb-c379309499d5,009ae8f7-5375-4fb3-a1b7-aafc92eeaebf,Composer,2026-02-08 09:39:00.527756+00
780bec16-607f-4442-8cfb-c379309499d5,590696eb-05da-4f18-8017-ca2f7fc5a417,Writer,2026-02-08 09:39:00.527756+00
780bec16-607f-4442-8cfb-c379309499d5,8106d5df-e90b-4c89-927b-c0e07366de06,Writer,2026-02-08 09:39:00.527756+00
780bec16-607f-4442-8cfb-c379309499d5,953b1921-a44f-492a-9c61-4e02a6438a4f,Director,2026-02-08 09:39:00.527756+00
780bec16-607f-4442-8cfb-c379309499d5,953b1921-a44f-492a-9c61-4e02a6438a4f,Writer,2026-02-08 09:39:00.527756+00
78380afb-5b46-4794-9f5a-2b828fae3769,198b4c58-3d73-4c38-ad28-731ea9119419,Composer,2026-01-25 23:23:34.15341+00
78380afb-5b46-4794-9f5a-2b828fae3769,254ebbba-c24b-490c-aae4-3118ba8e00c0,Director,2026-01-25 23:23:34.15341+00
78380afb-5b46-4794-9f5a-2b828fae3769,45366b73-43d5-4e25-ad77-00898b377c09,Writer,2026-01-25 23:23:34.15341+00
783a3f78-da67-4bd0-9b8f-20c9cffcdf73,227da474-843a-4718-b839-807a9fce73e0,Director,2026-01-25 23:23:34.15341+00
783a3f78-da67-4bd0-9b8f-20c9cffcdf73,227da474-843a-4718-b839-807a9fce73e0,Writer,2026-01-25 23:23:34.15341+00
783a3f78-da67-4bd0-9b8f-20c9cffcdf73,76591d85-13ed-460a-906f-efed6f24ac57,Composer,2026-01-25 23:23:34.15341+00
783a3f78-da67-4bd0-9b8f-20c9cffcdf73,93e06f97-b3ae-4e6d-a312-822e61446e2f,Writer,2026-01-25 23:23:34.15341+00
783a3f78-da67-4bd0-9b8f-20c9cffcdf73,d4d4fdae-c1c3-48fc-ab9d-6d6e67f67c29,Writer,2026-01-25 23:23:34.15341+00
783a3f78-da67-4bd0-9b8f-20c9cffcdf73,df321f22-e5f9-4c3a-a426-83821b65208c,Writer,2026-01-25 23:23:34.15341+00
79375f44-d1aa-4801-8d57-6369b79c5b4d,385b5207-1031-4202-b10c-c2d0c5b091c9,Composer,2026-01-25 23:23:34.15341+00
79375f44-d1aa-4801-8d57-6369b79c5b4d,5db54d28-d243-42df-8e5f-e9b34911a136,Director,2026-01-25 23:23:34.15341+00
79375f44-d1aa-4801-8d57-6369b79c5b4d,5db54d28-d243-42df-8e5f-e9b34911a136,Writer,2026-01-25 23:23:34.15341+00
79375f44-d1aa-4801-8d57-6369b79c5b4d,5e060a57-8c33-4348-a1cd-30a2a43d0776,Writer,2026-01-25 23:23:34.15341+00
79375f44-d1aa-4801-8d57-6369b79c5b4d,d95288ef-a2f5-4953-9c30-ab789e6912fe,Writer,2026-01-25 23:23:34.15341+00
79a46b44-80af-4d51-a97c-e7dcbb02b9a7,222c3afa-67e6-4770-a755-601ce531e104,Composer,2026-01-25 23:23:34.15341+00
79a46b44-80af-4d51-a97c-e7dcbb02b9a7,3076a2c2-2f20-47f3-9dc4-11fbf1fb2650,Writer,2026-01-25 23:23:34.15341+00
79a46b44-80af-4d51-a97c-e7dcbb02b9a7,7490d356-a994-4603-b17a-0ae325226a9f,Director,2026-01-25 23:23:34.15341+00
79a46b44-80af-4d51-a97c-e7dcbb02b9a7,7490d356-a994-4603-b17a-0ae325226a9f,Writer,2026-01-25 23:23:34.15341+00
79a46b44-80af-4d51-a97c-e7dcbb02b9a7,f93da2e6-c785-4cf6-8612-e7035502f279,Writer,2026-01-25 23:23:34.15341+00
79b1358f-b9be-401a-a1dc-c17ae9c683df,4445ded3-f501-48ad-a131-9a4070980d09,Composer,2026-01-25 23:23:34.15341+00
79b1358f-b9be-401a-a1dc-c17ae9c683df,aeff5528-29d8-4046-9f40-cc65632df057,Writer,2026-01-25 23:23:34.15341+00
79b1358f-b9be-401a-a1dc-c17ae9c683df,afbea397-ed04-442c-88cb-71b364e396f6,Director,2026-01-25 23:23:34.15341+00
7bd54cd1-a308-461c-b487-82b38e7a4953,61c161ee-8f94-4653-a110-6cfaf402dae8,Composer,2026-01-25 23:23:34.15341+00
7bd54cd1-a308-461c-b487-82b38e7a4953,7d813994-1998-4817-9383-e669f4339929,Composer,2026-01-25 23:23:34.15341+00
7bd54cd1-a308-461c-b487-82b38e7a4953,bff23487-26ed-4918-ab7b-40428dfb577b,Director,2026-01-25 23:23:34.15341+00
7bd54cd1-a308-461c-b487-82b38e7a4953,bff23487-26ed-4918-ab7b-40428dfb577b,Writer,2026-01-25 23:23:34.15341+00
7c912c4e-888c-4637-a9ed-01a249f45f49,bce29e8f-7548-4a9c-9b9d-76aa6a6feecb,Director,2026-01-25 23:23:34.15341+00
7c912c4e-888c-4637-a9ed-01a249f45f49,c0700c63-399d-4571-8522-e48026ca9955,Composer,2026-01-25 23:23:34.15341+00
7c912c4e-888c-4637-a9ed-01a249f45f49,f03e7d9c-1c78-4f7a-9962-9cc7b0d2ad3d,Writer,2026-01-25 23:23:34.15341+00
7d7d77ad-8ce0-4da0-a2a6-6aa75037ad54,0bc49802-9bbe-4809-b7ea-d22993c85c29,Writer,2026-02-03 06:46:56.325941+00
7d7d77ad-8ce0-4da0-a2a6-6aa75037ad54,0c2afb84-b0f4-46ae-a83f-35d2d0563f2c,Writer,2026-02-03 06:46:56.325941+00
7d7d77ad-8ce0-4da0-a2a6-6aa75037ad54,a9ea8f52-a2f7-410c-8b96-b6b5611370e4,Director,2026-02-03 06:46:56.325941+00
7d7d77ad-8ce0-4da0-a2a6-6aa75037ad54,accb1459-ba02-4329-bba6-fb6c82487461,Writer,2026-02-03 06:46:56.325941+00
7d7d77ad-8ce0-4da0-a2a6-6aa75037ad54,b1f7935c-7a53-44d8-badf-38c685fd8c77,Composer,2026-02-03 06:46:56.325941+00
7d7d77ad-8ce0-4da0-a2a6-6aa75037ad54,e1139523-f38c-4a25-8943-b3128a5e7c46,Writer,2026-02-03 06:46:56.325941+00
802365eb-b696-4f07-95f6-8f28dea88dd0,8ad33650-e66d-4256-8fda-d892895e88de,Director,2026-01-25 23:23:34.15341+00
802365eb-b696-4f07-95f6-8f28dea88dd0,8ad33650-e66d-4256-8fda-d892895e88de,Writer,2026-01-25 23:23:34.15341+00
802365eb-b696-4f07-95f6-8f28dea88dd0,8f6e6002-74c5-4f5e-9465-24179b65be53,Writer,2026-01-25 23:23:34.15341+00
802365eb-b696-4f07-95f6-8f28dea88dd0,f99e926e-2bf3-410a-855c-3e4a7295e962,Composer,2026-01-25 23:23:34.15341+00
80be6c74-4024-43a6-9ac2-330b04841a19,56091ee8-4c36-4774-a62e-3cda627802ab,Director,2026-01-25 23:23:34.15341+00
80be6c74-4024-43a6-9ac2-330b04841a19,f5732f34-44e4-4e40-8672-450232633d12,Composer,2026-01-25 23:23:34.15341+00
80be6c74-4024-43a6-9ac2-330b04841a19,f7d58f2e-1ecf-4368-9589-ba11977accf0,Writer,2026-01-25 23:23:34.15341+00
81a61028-36ae-4cfc-b9c1-871aa621f24f,95c9f652-4f33-444e-8fcd-4b9d0f7ce2f6,Composer,2026-01-25 23:23:34.15341+00
81a61028-36ae-4cfc-b9c1-871aa621f24f,9b52bfb9-68cc-4764-898a-e7efbe2daec7,Director,2026-01-25 23:23:34.15341+00
81a61028-36ae-4cfc-b9c1-871aa621f24f,9b52bfb9-68cc-4764-898a-e7efbe2daec7,Writer,2026-01-25 23:23:34.15341+00
82d99b16-18e6-4d75-b06c-7dfcae66fae2,48f7a9f0-f7ac-47f6-9cc8-6147ad57d7ac,Writer,2026-02-03 06:56:26.384316+00
82d99b16-18e6-4d75-b06c-7dfcae66fae2,94a1ca09-8146-4314-b330-19072f70984b,Composer,2026-02-03 06:56:26.384316+00
82d99b16-18e6-4d75-b06c-7dfcae66fae2,e753b1f0-3583-4a1d-833d-20af12d3e42d,Director,2026-02-03 06:56:26.384316+00
88a10c9c-3b04-4d8e-a9f9-ab793a237c8a,2d188583-5774-477b-ae5a-1a53411cddc5,Director,2026-02-13 05:52:58.490665+00
88a10c9c-3b04-4d8e-a9f9-ab793a237c8a,9f2c8e92-bae0-4caf-8d49-5e98d47b336b,Writer,2026-02-13 05:52:58.490665+00
88a10c9c-3b04-4d8e-a9f9-ab793a237c8a,a4fcd5b8-d0a1-4e61-9516-adabe7a1efdb,Composer,2026-02-13 05:52:58.490665+00
8bcda306-c6f5-4b13-ae35-e655e22d00e2,5e8e22de-4252-4a4b-93c8-66a08156154e,Composer,2026-02-03 06:56:59.953754+00
8bcda306-c6f5-4b13-ae35-e655e22d00e2,68f529ed-2bd6-47f3-a69c-2fd914f8ba64,Director,2026-02-03 06:56:59.953754+00
8bcda306-c6f5-4b13-ae35-e655e22d00e2,68f529ed-2bd6-47f3-a69c-2fd914f8ba64,Writer,2026-02-03 06:56:59.953754+00
8d788734-78ff-4e79-ba58-f4479c2399e1,158bad25-d5de-4735-9f9a-ec99a3763dc5,Composer,2026-02-12 07:07:55.505688+00
8d788734-78ff-4e79-ba58-f4479c2399e1,63c33a97-81e5-40aa-a352-3c55630e7975,Director,2026-02-12 07:07:55.505688+00
8d788734-78ff-4e79-ba58-f4479c2399e1,79b380a9-2d0f-4ac3-982f-21304ec2b8ac,Director,2026-02-12 07:07:55.505688+00
8d788734-78ff-4e79-ba58-f4479c2399e1,88ff1857-c817-4ecc-ba8e-65dfb18689f2,Director,2026-02-12 07:07:55.505688+00
8d788734-78ff-4e79-ba58-f4479c2399e1,a64c1aff-b1bf-448d-99cc-896c68ff362f,Writer,2026-02-12 07:07:55.505688+00
8d788734-78ff-4e79-ba58-f4479c2399e1,c628b2cf-50c9-4771-945c-061c8bcf7996,Writer,2026-02-12 07:07:55.505688+00
8d788734-78ff-4e79-ba58-f4479c2399e1,e67691a6-e4ae-463f-adc1-a4dab2a84f7c,Writer,2026-02-12 07:07:55.505688+00
8d788734-78ff-4e79-ba58-f4479c2399e1,f78ad0de-2b58-41f9-9868-d48f3a98a6bc,Writer,2026-02-12 07:07:55.505688+00
90e2ffb3-2fa8-4644-8484-107576cf3077,75f8d748-2d02-4048-9ec0-cb702091a066,Composer,2026-02-03 06:57:18.74533+00
90e2ffb3-2fa8-4644-8484-107576cf3077,ad952718-447f-469c-b507-ac2fd7c2fd47,Director,2026-02-03 06:57:18.74533+00
90e2ffb3-2fa8-4644-8484-107576cf3077,c1d70b9f-9719-4ffd-88fd-3ba2c00ce22a,Writer,2026-02-03 06:57:18.74533+00
9147a5cb-f9eb-427e-95ed-8ff51d372b1a,783994b2-54bf-4ad9-86ee-ab965ddd9f50,Director,2026-01-25 23:23:34.15341+00
9147a5cb-f9eb-427e-95ed-8ff51d372b1a,783994b2-54bf-4ad9-86ee-ab965ddd9f50,Writer,2026-01-25 23:23:34.15341+00
9147a5cb-f9eb-427e-95ed-8ff51d372b1a,7e2db7f0-021d-49b0-8c9f-7f44c2751be6,Writer,2026-01-25 23:23:34.15341+00
9147a5cb-f9eb-427e-95ed-8ff51d372b1a,c0700c63-399d-4571-8522-e48026ca9955,Composer,2026-01-25 23:23:34.15341+00
9147a5cb-f9eb-427e-95ed-8ff51d372b1a,cbd14e4f-1d77-4859-9654-296d03d9d9eb,Writer,2026-01-25 23:23:34.15341+00
9147a5cb-f9eb-427e-95ed-8ff51d372b1a,fb739726-3a46-41a6-ad09-00d684b883c8,Writer,2026-01-25 23:23:34.15341+00
91da97c6-b870-4017-a357-e40f7beda072,2d7df667-d274-4036-a131-732bc894c92f,Writer,2026-01-25 23:23:34.15341+00
91da97c6-b870-4017-a357-e40f7beda072,e43c5453-a0f6-40eb-939a-a1af58894ad5,Composer,2026-01-25 23:23:34.15341+00
91da97c6-b870-4017-a357-e40f7beda072,fc370ce6-dded-426d-bd2d-c413b3674b8f,Director,2026-01-25 23:23:34.15341+00
92ade00d-e9f0-410b-abd7-4fd8ef7dc16e,3c2899ad-3ecb-4fd6-ab98-246ea0205a54,Director,2026-01-25 23:23:34.15341+00
92ade00d-e9f0-410b-abd7-4fd8ef7dc16e,91eee0d4-1a1c-4714-8193-b6c8a456da24,Writer,2026-01-25 23:23:34.15341+00
92ade00d-e9f0-410b-abd7-4fd8ef7dc16e,d7473248-f24d-4da7-94f4-567420402e6b,Composer,2026-01-25 23:23:34.15341+00
92ade00d-e9f0-410b-abd7-4fd8ef7dc16e,f58b9fbf-b2ee-4565-8d03-559c5668d4ab,Writer,2026-01-25 23:23:34.15341+00
93297d01-f819-4757-a64d-99e2d544b704,4b0bb371-76c5-4a6c-a2c8-05a341ad7393,Director,2026-01-25 23:23:34.15341+00
93297d01-f819-4757-a64d-99e2d544b704,7eeab802-6d25-4af7-a37f-8284fde41aff,Writer,2026-01-25 23:23:34.15341+00
93297d01-f819-4757-a64d-99e2d544b704,8c5dea6d-c2ef-4d2b-b549-c1cc66fdd1e0,Composer,2026-01-25 23:23:34.15341+00
9556c853-b0d2-49bb-9dd5-cbec8cf3f861,5f0305c0-fbc3-4ce4-80d6-fa87abaf1eb5,Composer,2026-01-25 23:23:34.15341+00
9556c853-b0d2-49bb-9dd5-cbec8cf3f861,865d7e16-70c6-45d6-9675-4bb6c77b6800,Director,2026-01-25 23:23:34.15341+00
9556c853-b0d2-49bb-9dd5-cbec8cf3f861,865d7e16-70c6-45d6-9675-4bb6c77b6800,Writer,2026-01-25 23:23:34.15341+00
963a934f-573c-431c-8d0d-8e2c360a06d3,147c7405-9790-46f1-945c-43ba7a659984,Composer,2026-01-25 23:23:34.15341+00
963a934f-573c-431c-8d0d-8e2c360a06d3,68b36d21-c502-4e78-9567-15fe203bb731,Director,2026-01-25 23:23:34.15341+00
963a934f-573c-431c-8d0d-8e2c360a06d3,6be39587-05a1-488b-8e76-534591e7788e,Composer,2026-01-25 23:23:34.15341+00
963a934f-573c-431c-8d0d-8e2c360a06d3,7fd25a0b-620d-428f-b588-f4d8ae5b4875,Writer,2026-01-25 23:23:34.15341+00
963a934f-573c-431c-8d0d-8e2c360a06d3,a9712267-1a07-4f92-b120-48320dd23705,Composer,2026-01-25 23:23:34.15341+00
963a934f-573c-431c-8d0d-8e2c360a06d3,b230d40e-1be0-4ca8-b09e-535e47a47b73,Writer,2026-01-25 23:23:34.15341+00
9641662f-df87-4b3b-9062-85ce81ffe8c5,187d1e56-0794-498c-895b-1148acc6aad3,Composer,2026-01-25 23:23:34.15341+00
9641662f-df87-4b3b-9062-85ce81ffe8c5,71536c8c-60e3-495f-882b-f510e3c952bc,Director,2026-01-25 23:23:34.15341+00
9641662f-df87-4b3b-9062-85ce81ffe8c5,71536c8c-60e3-495f-882b-f510e3c952bc,Writer,2026-01-25 23:23:34.15341+00
9641662f-df87-4b3b-9062-85ce81ffe8c5,ed9cde15-7a35-4824-969f-5274c05ec54a,Writer,2026-01-25 23:23:34.15341+00
9641662f-df87-4b3b-9062-85ce81ffe8c5,fad3c5f2-9ff4-4d87-984f-7a0610371f26,Writer,2026-01-25 23:23:34.15341+00
9641662f-df87-4b3b-9062-85ce81ffe8c5,faf66464-6961-4590-9944-9946b5738ce4,Writer,2026-01-25 23:23:34.15341+00
99d4da5e-bd1b-45b6-8929-dbed2aa3b10a,1cd51d9c-6979-42a5-961c-c8a7b76af9f2,Composer,2026-01-25 23:23:34.15341+00
99d4da5e-bd1b-45b6-8929-dbed2aa3b10a,b3f69e53-63ce-430f-b1fc-88036847a712,Director,2026-01-25 23:23:34.15341+00
99d4da5e-bd1b-45b6-8929-dbed2aa3b10a,b3f69e53-63ce-430f-b1fc-88036847a712,Writer,2026-01-25 23:23:34.15341+00
99d4da5e-bd1b-45b6-8929-dbed2aa3b10a,d1fe20b3-bbc4-48c7-b4a1-e9ab97e29b34,Composer,2026-01-25 23:23:34.15341+00
9bab6e9b-d797-417a-8bd7-727b2b7d41bf,39c302cc-d1ed-4a91-a774-9a652afa9a4e,Writer,2026-01-25 23:23:34.15341+00
9bab6e9b-d797-417a-8bd7-727b2b7d41bf,7b14287c-1caa-43d4-ad9c-9c983b16fe84,Composer,2026-01-25 23:23:34.15341+00
9bab6e9b-d797-417a-8bd7-727b2b7d41bf,bfc62715-1b00-4e1f-b02b-d10880d0ad8d,Director,2026-01-25 23:23:34.15341+00
9bab6e9b-d797-417a-8bd7-727b2b7d41bf,bfc62715-1b00-4e1f-b02b-d10880d0ad8d,Writer,2026-01-25 23:23:34.15341+00
9c47efa4-e944-4767-b5f2-70f7e489a26f,222c3afa-67e6-4770-a755-601ce531e104,Composer,2026-01-25 23:23:34.15341+00
9c47efa4-e944-4767-b5f2-70f7e489a26f,48c3bf67-4ccf-4547-adc1-461d7563c171,Writer,2026-01-25 23:23:34.15341+00
9c47efa4-e944-4767-b5f2-70f7e489a26f,7ee73046-c78b-4b5d-b489-9ee17d005212,Writer,2026-01-25 23:23:34.15341+00
9c47efa4-e944-4767-b5f2-70f7e489a26f,bb448a74-1eec-4b80-9f59-7a9076b09135,Director,2026-01-25 23:23:34.15341+00
9c47efa4-e944-4767-b5f2-70f7e489a26f,e1139523-f38c-4a25-8943-b3128a5e7c46,Writer,2026-01-25 23:23:34.15341+00
9db2aa03-e9c9-40ba-bcbd-338770de0ca6,05561d3b-bf64-4752-b1cc-d2632e0ecbf2,Writer,2026-01-25 23:23:34.15341+00
9db2aa03-e9c9-40ba-bcbd-338770de0ca6,07404152-f3fe-4255-bb67-c3c69bb2c586,Director,2026-01-25 23:23:34.15341+00
9db2aa03-e9c9-40ba-bcbd-338770de0ca6,170507cc-b553-4fc4-b6fd-6d6f7918eee0,Writer,2026-01-25 23:23:34.15341+00
9db2aa03-e9c9-40ba-bcbd-338770de0ca6,a4fcd5b8-d0a1-4e61-9516-adabe7a1efdb,Composer,2026-01-25 23:23:34.15341+00
9db2aa03-e9c9-40ba-bcbd-338770de0ca6,fe2f06b3-f51f-4077-b31f-1f9d581ed75e,Writer,2026-01-25 23:23:34.15341+00
9fdbee69-3d04-4988-915e-779e7d16ad75,681fc494-00b2-49cd-b5cd-be261bc47418,Director,2026-01-25 23:23:34.15341+00
9fdbee69-3d04-4988-915e-779e7d16ad75,681fc494-00b2-49cd-b5cd-be261bc47418,Writer,2026-01-25 23:23:34.15341+00
a01a3c11-53eb-47ef-9e00-31fbbea46b17,5e5da68d-2344-423f-b642-8f887bbca15d,Writer,2026-01-25 23:23:34.15341+00
a01a3c11-53eb-47ef-9e00-31fbbea46b17,9559c20f-528e-4500-a446-6ad6afea35cb,Director,2026-01-25 23:23:34.15341+00
a01a3c11-53eb-47ef-9e00-31fbbea46b17,9559c20f-528e-4500-a446-6ad6afea35cb,Writer,2026-01-25 23:23:34.15341+00
a01a3c11-53eb-47ef-9e00-31fbbea46b17,b1f7935c-7a53-44d8-badf-38c685fd8c77,Composer,2026-01-25 23:23:34.15341+00
a01a3c11-53eb-47ef-9e00-31fbbea46b17,e27c6d85-6c68-450a-a7bd-1ca265656fea,Writer,2026-01-25 23:23:34.15341+00
a098b417-048c-49bc-a25c-180017b3b1f1,783994b2-54bf-4ad9-86ee-ab965ddd9f50,Director,2026-01-25 23:23:34.15341+00
a098b417-048c-49bc-a25c-180017b3b1f1,783994b2-54bf-4ad9-86ee-ab965ddd9f50,Writer,2026-01-25 23:23:34.15341+00
a098b417-048c-49bc-a25c-180017b3b1f1,7e2db7f0-021d-49b0-8c9f-7f44c2751be6,Writer,2026-01-25 23:23:34.15341+00
a098b417-048c-49bc-a25c-180017b3b1f1,9032067f-f68b-433c-8fc6-83bb2ef4e344,Writer,2026-01-25 23:23:34.15341+00
a098b417-048c-49bc-a25c-180017b3b1f1,c0700c63-399d-4571-8522-e48026ca9955,Composer,2026-01-25 23:23:34.15341+00
a098b417-048c-49bc-a25c-180017b3b1f1,cbd14e4f-1d77-4859-9654-296d03d9d9eb,Writer,2026-01-25 23:23:34.15341+00
a0e6e507-142e-4f07-9778-685e1b03d277,1f9f1a7a-b330-4527-a35a-be0aa66f558a,Director,2026-01-25 23:23:34.15341+00
a0e6e507-142e-4f07-9778-685e1b03d277,1f9f1a7a-b330-4527-a35a-be0aa66f558a,Writer,2026-01-25 23:23:34.15341+00
a0e6e507-142e-4f07-9778-685e1b03d277,aeff5528-29d8-4046-9f40-cc65632df057,Writer,2026-01-25 23:23:34.15341+00
a0e6e507-142e-4f07-9778-685e1b03d277,d7473248-f24d-4da7-94f4-567420402e6b,Composer,2026-01-25 23:23:34.15341+00
a1cef5b6-6e63-46d1-ba4c-b18b94c11318,187d1e56-0794-498c-895b-1148acc6aad3,Composer,2026-01-25 23:23:34.15341+00
a1cef5b6-6e63-46d1-ba4c-b18b94c11318,794f1001-0ff8-4f92-ae35-3b4fccc401b6,Director,2026-01-25 23:23:34.15341+00
a1cef5b6-6e63-46d1-ba4c-b18b94c11318,82f464f1-aab7-4387-a3c3-051dfe8678ea,Writer,2026-01-25 23:23:34.15341+00
a210a4aa-d717-4198-80ec-d313feb0b3c9,003bf51a-7f2f-4034-82f0-bdd5d75ee8af,Writer,2026-01-25 23:23:34.15341+00
a210a4aa-d717-4198-80ec-d313feb0b3c9,2b6d1c86-3321-4e92-9da9-465e8caf3d26,Writer,2026-01-25 23:23:34.15341+00
a210a4aa-d717-4198-80ec-d313feb0b3c9,4ff8fc4a-0f6c-40e4-9f2c-512d31a57ed1,Writer,2026-01-25 23:23:34.15341+00
a210a4aa-d717-4198-80ec-d313feb0b3c9,95c9f652-4f33-444e-8fcd-4b9d0f7ce2f6,Composer,2026-01-25 23:23:34.15341+00
a210a4aa-d717-4198-80ec-d313feb0b3c9,d1fe20b3-bbc4-48c7-b4a1-e9ab97e29b34,Composer,2026-01-25 23:23:34.15341+00
a210a4aa-d717-4198-80ec-d313feb0b3c9,e457900d-6c76-449a-97f3-bbb174e23046,Director,2026-01-25 23:23:34.15341+00
a2735300-fc1d-4b67-895f-eaf085260462,0f2e9e28-2653-446b-a31e-e29678329fea,Writer,2026-01-25 23:23:34.15341+00
a2735300-fc1d-4b67-895f-eaf085260462,385b5207-1031-4202-b10c-c2d0c5b091c9,Composer,2026-01-25 23:23:34.15341+00
a2735300-fc1d-4b67-895f-eaf085260462,42215711-7249-4cf9-ba8e-9237dc6cbd2c,Writer,2026-01-25 23:23:34.15341+00
a2735300-fc1d-4b67-895f-eaf085260462,a04a386a-e5ee-4139-8154-0026ee89ff29,Director,2026-01-25 23:23:34.15341+00
a2735300-fc1d-4b67-895f-eaf085260462,f1c6fa08-79bc-4c85-b038-aee69131024d,Writer,2026-01-25 23:23:34.15341+00
a28635c9-d3d7-42b8-afda-ee2795c9d1a3,393ee26a-a916-4c6e-aab2-f3f785bf77f9,Director,2026-02-06 06:34:32.983991+00
a28635c9-d3d7-42b8-afda-ee2795c9d1a3,71a2ec9e-2ff1-4416-a0fb-c588d16a15f4,Composer,2026-02-06 06:34:32.983991+00
a28635c9-d3d7-42b8-afda-ee2795c9d1a3,d212eb12-8dfc-4032-ac54-15d148bf7d62,Writer,2026-02-06 06:34:32.983991+00
a74132aa-59f1-430b-8574-a97309574cf3,1a73326c-bb6b-4a04-bd71-fa533e870621,Director,2026-01-25 23:23:34.15341+00
a74132aa-59f1-430b-8574-a97309574cf3,1df903ed-f279-4d81-bcc5-5ece387541d4,Writer,2026-01-25 23:23:34.15341+00
a74132aa-59f1-430b-8574-a97309574cf3,39bc62a5-5406-4385-ae97-9afd8768c913,Writer,2026-01-25 23:23:34.15341+00
a74132aa-59f1-430b-8574-a97309574cf3,3f462775-2f9a-4bbe-b68f-11c8b87d3242,Writer,2026-01-25 23:23:34.15341+00
a74132aa-59f1-430b-8574-a97309574cf3,487edf9c-7131-4e66-b015-0614997deeb3,Writer,2026-01-25 23:23:34.15341+00
a74132aa-59f1-430b-8574-a97309574cf3,5d3e9664-c55b-447f-b937-7884e2a9fd64,Writer,2026-01-25 23:23:34.15341+00
a74132aa-59f1-430b-8574-a97309574cf3,72ee25ee-abef-4532-92aa-f1dcaf7e4cde,Composer,2026-01-25 23:23:34.15341+00
ab713ac3-2a8d-4454-9db7-4279cf5d6bfe,3bcb4881-5575-4c1e-ae52-c6a86b161e22,Writer,2026-01-25 23:23:34.15341+00
ab713ac3-2a8d-4454-9db7-4279cf5d6bfe,75c10df8-8a3e-4818-9c0f-56e9020e964a,Director,2026-01-25 23:23:34.15341+00
ab713ac3-2a8d-4454-9db7-4279cf5d6bfe,75c10df8-8a3e-4818-9c0f-56e9020e964a,Writer,2026-01-25 23:23:34.15341+00
ab713ac3-2a8d-4454-9db7-4279cf5d6bfe,ca2396a1-d8b9-45ac-a482-bcf9405e98f8,Composer,2026-01-25 23:23:34.15341+00
abfb0d55-d51d-4f13-90d0-6ef670e7aa5b,5e8e22de-4252-4a4b-93c8-66a08156154e,Composer,2026-02-03 06:54:08.682932+00
abfb0d55-d51d-4f13-90d0-6ef670e7aa5b,68f529ed-2bd6-47f3-a69c-2fd914f8ba64,Director,2026-02-03 06:54:08.682932+00
abfb0d55-d51d-4f13-90d0-6ef670e7aa5b,68f529ed-2bd6-47f3-a69c-2fd914f8ba64,Writer,2026-02-03 06:54:08.682932+00
acb18032-0ad5-4e28-bd60-7f1f7ef8a5dc,a2dee908-9e1c-4df8-b391-4e9fde882536,Composer,2026-01-25 23:23:34.15341+00
acb18032-0ad5-4e28-bd60-7f1f7ef8a5dc,ead36e3e-ab25-46cf-aeb3-ae28e77f192f,Writer,2026-01-25 23:23:34.15341+00
acb18032-0ad5-4e28-bd60-7f1f7ef8a5dc,f5c9decd-1e06-4734-bbe6-0cfc394fde66,Director,2026-01-25 23:23:34.15341+00
acb18032-0ad5-4e28-bd60-7f1f7ef8a5dc,f5c9decd-1e06-4734-bbe6-0cfc394fde66,Writer,2026-01-25 23:23:34.15341+00
acfd36cc-bd80-473e-8ff4-d6d06a6adf5b,01120f6c-2abf-4e8b-b081-8d756e7466ac,Writer,2026-02-03 06:57:10.098831+00
acfd36cc-bd80-473e-8ff4-d6d06a6adf5b,6ef8b0de-a49f-4c90-bf9e-82e86f312c80,Director,2026-02-03 06:57:10.098831+00
acfd36cc-bd80-473e-8ff4-d6d06a6adf5b,7bcffb21-a7e6-413f-bfcf-c61d10f69376,Composer,2026-02-03 06:57:10.098831+00
acfd36cc-bd80-473e-8ff4-d6d06a6adf5b,7bcffb21-a7e6-413f-bfcf-c61d10f69376,Writer,2026-02-03 06:57:10.098831+00
ae2da529-2556-4901-8ea0-e76221587828,8f1c84e2-4126-4975-b87b-16ea8b8e11c7,Composer,2026-01-25 23:23:34.15341+00
ae2da529-2556-4901-8ea0-e76221587828,b3542c45-2c3a-484e-8eb4-97d0a97e7061,Writer,2026-01-25 23:23:34.15341+00
ae2da529-2556-4901-8ea0-e76221587828,b3f69e53-63ce-430f-b1fc-88036847a712,Director,2026-01-25 23:23:34.15341+00
ae2da529-2556-4901-8ea0-e76221587828,b3f69e53-63ce-430f-b1fc-88036847a712,Writer,2026-01-25 23:23:34.15341+00
ae2da529-2556-4901-8ea0-e76221587828,d1fe20b3-bbc4-48c7-b4a1-e9ab97e29b34,Composer,2026-01-25 23:23:34.15341+00
ae2da529-2556-4901-8ea0-e76221587828,f0b795c2-714a-4ad0-b754-a02d3a8b2355,Composer,2026-01-25 23:23:34.15341+00
ae4adafb-a6f2-46c3-8119-2009bc3b9326,4445ded3-f501-48ad-a131-9a4070980d09,Composer,2026-01-25 23:23:34.15341+00
ae4adafb-a6f2-46c3-8119-2009bc3b9326,aeff5528-29d8-4046-9f40-cc65632df057,Writer,2026-01-25 23:23:34.15341+00
ae4adafb-a6f2-46c3-8119-2009bc3b9326,afbea397-ed04-442c-88cb-71b364e396f6,Director,2026-01-25 23:23:34.15341+00
b01ebcec-ac3b-4883-88b4-536f29c9e4c4,8f50ca1b-0630-406e-a418-0f60a931b7c8,Composer,2026-01-31 19:56:20.990887+00
b01ebcec-ac3b-4883-88b4-536f29c9e4c4,a5cfba3d-cbd7-493d-8db7-7a86ef708d7f,Director,2026-01-31 19:56:20.990887+00
b01ebcec-ac3b-4883-88b4-536f29c9e4c4,a5cfba3d-cbd7-493d-8db7-7a86ef708d7f,Writer,2026-01-31 19:56:20.990887+00
b0dd5067-ebba-4053-aff8-1dfdcfd1d227,1bb0d2ce-af01-48ca-9922-59acf73364cc,Writer,2026-01-25 23:23:34.15341+00
b0dd5067-ebba-4053-aff8-1dfdcfd1d227,7b8948e5-9aa6-4b44-adb9-9a48e76316e9,Writer,2026-01-25 23:23:34.15341+00
b0dd5067-ebba-4053-aff8-1dfdcfd1d227,a4fcd5b8-d0a1-4e61-9516-adabe7a1efdb,Composer,2026-01-25 23:23:34.15341+00
b0dd5067-ebba-4053-aff8-1dfdcfd1d227,daa7a4e8-fbba-41b7-8fca-73833067e324,Director,2026-01-25 23:23:34.15341+00
b36ace1f-b0bb-4a58-9f59-c95e0be99217,170507cc-b553-4fc4-b6fd-6d6f7918eee0,Writer,2026-01-25 23:23:34.15341+00
b36ace1f-b0bb-4a58-9f59-c95e0be99217,19614eaf-92a3-4506-a253-10e469501504,Director,2026-01-25 23:23:34.15341+00
b36ace1f-b0bb-4a58-9f59-c95e0be99217,23fcec56-bfdc-4fee-8ad3-43c6753e0fe0,Composer,2026-01-25 23:23:34.15341+00
b36ace1f-b0bb-4a58-9f59-c95e0be99217,e56bb2a7-5557-4b01-bc02-bc6f6746524b,Writer,2026-01-25 23:23:34.15341+00
b52a7729-5f51-4298-8a07-441d3f6874dc,4af08ede-a0a0-47ad-a5e4-f351a6da836d,Director,2026-02-03 06:54:31.60718+00
b52a7729-5f51-4298-8a07-441d3f6874dc,4af08ede-a0a0-47ad-a5e4-f351a6da836d,Writer,2026-02-03 06:54:31.60718+00
b52a7729-5f51-4298-8a07-441d3f6874dc,70564cb1-6cfa-46a0-995d-da8964ee7c0d,Writer,2026-02-03 06:54:31.60718+00
b52a7729-5f51-4298-8a07-441d3f6874dc,82a0acd0-8c75-456c-b41d-9527d1e05c96,Composer,2026-02-03 06:54:31.60718+00
b5f231f8-3342-4bbb-83ce-2debe33e1115,8ab976c8-4a82-48df-97c0-d0d428c53325,Director,2026-01-25 23:23:34.15341+00
b5f231f8-3342-4bbb-83ce-2debe33e1115,b7ffc28d-10fe-48fa-98b0-08bbd5a8fde9,Writer,2026-01-25 23:23:34.15341+00
b680d130-30cf-4093-8602-9c09e062cf0b,39ef03d4-80e9-4b5a-97ae-b8fd8f46cb75,Director,2026-01-25 23:23:34.15341+00
b680d130-30cf-4093-8602-9c09e062cf0b,3cf3e8cc-6430-436d-9dd9-3f3fd37d9115,Writer,2026-01-25 23:23:34.15341+00
b680d130-30cf-4093-8602-9c09e062cf0b,42c9c950-a42d-4337-bd4f-f8f45900fa93,Writer,2026-01-25 23:23:34.15341+00
b680d130-30cf-4093-8602-9c09e062cf0b,5e25856a-5a21-4412-a696-b2bc9b708c94,Composer,2026-01-25 23:23:34.15341+00
b680d130-30cf-4093-8602-9c09e062cf0b,e1fb1493-35a2-4ea1-894b-f9a5a9b3d3d1,Writer,2026-01-25 23:23:34.15341+00
b7437cda-13b9-490d-86ec-740a317cbd6d,52a7e1f8-577d-4035-a135-99996746d7f9,Writer,2026-01-25 23:23:34.15341+00
b7437cda-13b9-490d-86ec-740a317cbd6d,a4b24b7b-2275-4bf0-b36e-d07dba3910f1,Composer,2026-01-25 23:23:34.15341+00
b7437cda-13b9-490d-86ec-740a317cbd6d,cf0b3866-1ced-4ef9-ac9c-b456ebf9a9fb,Director,2026-01-25 23:23:34.15341+00
b7437cda-13b9-490d-86ec-740a317cbd6d,cf0b3866-1ced-4ef9-ac9c-b456ebf9a9fb,Writer,2026-01-25 23:23:34.15341+00
b9fb5ced-9710-4fbb-9e93-caf5c39a29b1,1ef94d15-8906-4f06-abd8-2570c0828129,Writer,2026-01-25 23:23:34.15341+00
b9fb5ced-9710-4fbb-9e93-caf5c39a29b1,265951c8-7af6-47da-8918-d2f50495b95c,Writer,2026-01-25 23:23:34.15341+00
b9fb5ced-9710-4fbb-9e93-caf5c39a29b1,3bdb394d-46bf-4e6a-8d29-c9d73aa4ec60,Director,2026-01-25 23:23:34.15341+00
b9fb5ced-9710-4fbb-9e93-caf5c39a29b1,3bdb394d-46bf-4e6a-8d29-c9d73aa4ec60,Writer,2026-01-25 23:23:34.15341+00
b9fb5ced-9710-4fbb-9e93-caf5c39a29b1,45663f93-8ffb-4b08-91f9-696ad50c6fcb,Composer,2026-01-25 23:23:34.15341+00
b9fb5ced-9710-4fbb-9e93-caf5c39a29b1,651254ad-0acf-4289-bd8e-4caf5154d510,Writer,2026-01-25 23:23:34.15341+00
b9fb5ced-9710-4fbb-9e93-caf5c39a29b1,ca9f2bac-5b45-4163-a0fe-c0bd31f82deb,Writer,2026-01-25 23:23:34.15341+00
bade7a1a-7a46-4ee3-b165-2583b387d47f,f291e8cc-b7b4-4ea6-9cb8-d6ee0fb32fd7,Composer,2026-02-13 05:51:25.107272+00
bade7a1a-7a46-4ee3-b165-2583b387d47f,fe47b6b7-6ce6-444c-ad86-969d2e031a0a,Director,2026-02-13 05:51:25.107272+00
bade7a1a-7a46-4ee3-b165-2583b387d47f,fe47b6b7-6ce6-444c-ad86-969d2e031a0a,Writer,2026-02-13 05:51:25.107272+00
bb9fc7e6-8de4-46ed-809c-2f1b65759435,783994b2-54bf-4ad9-86ee-ab965ddd9f50,Director,2026-01-25 23:23:34.15341+00
bb9fc7e6-8de4-46ed-809c-2f1b65759435,783994b2-54bf-4ad9-86ee-ab965ddd9f50,Writer,2026-01-25 23:23:34.15341+00
bb9fc7e6-8de4-46ed-809c-2f1b65759435,7e2db7f0-021d-49b0-8c9f-7f44c2751be6,Writer,2026-01-25 23:23:34.15341+00
bb9fc7e6-8de4-46ed-809c-2f1b65759435,9032067f-f68b-433c-8fc6-83bb2ef4e344,Writer,2026-01-25 23:23:34.15341+00
bb9fc7e6-8de4-46ed-809c-2f1b65759435,c0700c63-399d-4571-8522-e48026ca9955,Composer,2026-01-25 23:23:34.15341+00
bb9fc7e6-8de4-46ed-809c-2f1b65759435,cbd14e4f-1d77-4859-9654-296d03d9d9eb,Writer,2026-01-25 23:23:34.15341+00
bc2d6131-35e2-437d-8a95-b4abc41e8b79,08937c38-4dc2-45c0-8668-f1cd5423049c,Director,2026-01-25 23:23:34.15341+00
bc2d6131-35e2-437d-8a95-b4abc41e8b79,bbad0c60-2359-41df-a4ea-07e8a6c5d91d,Writer,2026-01-25 23:23:34.15341+00
bc2d6131-35e2-437d-8a95-b4abc41e8b79,d7473248-f24d-4da7-94f4-567420402e6b,Composer,2026-01-25 23:23:34.15341+00
bc2d6131-35e2-437d-8a95-b4abc41e8b79,f5c9decd-1e06-4734-bbe6-0cfc394fde66,Writer,2026-01-25 23:23:34.15341+00
bc2d6131-35e2-437d-8a95-b4abc41e8b79,ff52dfbd-bd3a-472c-b069-40a6dd6b4491,Writer,2026-01-25 23:23:34.15341+00
bc7051c3-24ff-4c01-870e-1268903fbcb3,07072bba-2b9d-44f5-a3b5-7d7a4e13a463,Composer,2026-02-03 06:33:35.018197+00
bc7051c3-24ff-4c01-870e-1268903fbcb3,2ce75e46-1d54-44cc-b34d-b6908de86445,Writer,2026-02-03 06:33:35.018197+00
bc7051c3-24ff-4c01-870e-1268903fbcb3,3c2899ad-3ecb-4fd6-ab98-246ea0205a54,Director,2026-02-03 06:33:35.018197+00
bc7051c3-24ff-4c01-870e-1268903fbcb3,91eee0d4-1a1c-4714-8193-b6c8a456da24,Writer,2026-02-03 06:33:35.018197+00
bc7051c3-24ff-4c01-870e-1268903fbcb3,d76d2a7d-850e-4e7a-9135-51a73fb6afc2,Writer,2026-02-03 06:33:35.018197+00
bc7051c3-24ff-4c01-870e-1268903fbcb3,f58b9fbf-b2ee-4565-8d03-559c5668d4ab,Writer,2026-02-03 06:33:35.018197+00
bc76b58b-325f-43ea-ba7a-2e95374c8c1b,6f154916-063b-400b-a61f-483213cd85ad,Director,2026-01-25 23:23:34.15341+00
bc76b58b-325f-43ea-ba7a-2e95374c8c1b,a741e3df-1156-4a52-add7-fd4531a6a31f,Writer,2026-01-25 23:23:34.15341+00
bc76b58b-325f-43ea-ba7a-2e95374c8c1b,a9159a9c-92b1-4066-a16d-c8384f7de946,Composer,2026-01-25 23:23:34.15341+00
bc76b58b-325f-43ea-ba7a-2e95374c8c1b,b6fb5a34-44d7-4f54-82e9-aec7755d9bba,Writer,2026-01-25 23:23:34.15341+00
bc76b58b-325f-43ea-ba7a-2e95374c8c1b,d3d8129b-7e97-48b9-a690-e617efe37f31,Writer,2026-01-25 23:23:34.15341+00
bf29a200-b18f-4887-8950-3dfe357f3ed3,07b4be13-fba7-41b5-807f-6ffc00922cfc,Writer,2026-01-25 23:23:34.15341+00
bf29a200-b18f-4887-8950-3dfe357f3ed3,385b5207-1031-4202-b10c-c2d0c5b091c9,Composer,2026-01-25 23:23:34.15341+00
bf29a200-b18f-4887-8950-3dfe357f3ed3,6f154916-063b-400b-a61f-483213cd85ad,Director,2026-01-25 23:23:34.15341+00
bf8996e7-5317-4d96-b69c-0b8bc350a941,523d776e-1a11-4def-8951-61196802594f,Director,2026-01-28 04:23:04.674541+00
bf8996e7-5317-4d96-b69c-0b8bc350a941,523d776e-1a11-4def-8951-61196802594f,Writer,2026-01-28 04:23:04.674541+00
bf8996e7-5317-4d96-b69c-0b8bc350a941,b1f7935c-7a53-44d8-badf-38c685fd8c77,Composer,2026-01-28 04:23:04.674541+00
c07ff27d-f83f-489a-a863-d9355d9ee773,2c92b56c-9d42-415c-960d-9295f38fc093,Writer,2026-01-25 23:23:34.15341+00
c07ff27d-f83f-489a-a863-d9355d9ee773,3dee79c4-61f6-4fe5-bd5b-9874c15555d3,Writer,2026-01-25 23:23:34.15341+00
c07ff27d-f83f-489a-a863-d9355d9ee773,56638442-03e6-4ec8-8a18-bae376a8079e,Composer,2026-01-25 23:23:34.15341+00
c07ff27d-f83f-489a-a863-d9355d9ee773,6a859d4c-5eed-410f-97d6-876f30714208,Writer,2026-01-25 23:23:34.15341+00
c07ff27d-f83f-489a-a863-d9355d9ee773,833de139-091e-4176-9bac-b00b44e7dd01,Writer,2026-01-25 23:23:34.15341+00
c07ff27d-f83f-489a-a863-d9355d9ee773,892c3cfe-639f-438a-ad03-d582ee64f8d3,Director,2026-01-25 23:23:34.15341+00
c07ff27d-f83f-489a-a863-d9355d9ee773,9a57de93-aec3-4140-b325-bac2c57cfd3d,Writer,2026-01-25 23:23:34.15341+00
c07ff27d-f83f-489a-a863-d9355d9ee773,aa78750d-ac71-41fb-9d42-1159d9b25879,Writer,2026-01-25 23:23:34.15341+00
c07ff27d-f83f-489a-a863-d9355d9ee773,ea70c2e7-731b-41c3-b09f-baf7aedab6d3,Writer,2026-01-25 23:23:34.15341+00
c1fc271b-9cf6-403f-8c3a-ee324f336e71,5e25856a-5a21-4412-a696-b2bc9b708c94,Composer,2026-01-25 23:23:34.15341+00
c1fc271b-9cf6-403f-8c3a-ee324f336e71,adee47fa-c5c0-4982-8f9d-2c6e69f9d4bd,Director,2026-01-25 23:23:34.15341+00
c1fc271b-9cf6-403f-8c3a-ee324f336e71,bde15835-2e9b-41ad-b436-dbedbb071edb,Writer,2026-01-25 23:23:34.15341+00
c1fc271b-9cf6-403f-8c3a-ee324f336e71,f5065533-03f1-4b72-a4cf-c7bf2f0f68d2,Writer,2026-01-25 23:23:34.15341+00
c3478df4-36d3-4552-a321-e1240f7b99f0,4ff8fc4a-0f6c-40e4-9f2c-512d31a57ed1,Writer,2026-01-25 23:23:34.15341+00
c3478df4-36d3-4552-a321-e1240f7b99f0,66dd14ba-7d8d-4d83-9bc6-59cc8845fd52,Writer,2026-01-25 23:23:34.15341+00
c3478df4-36d3-4552-a321-e1240f7b99f0,95c9f652-4f33-444e-8fcd-4b9d0f7ce2f6,Composer,2026-01-25 23:23:34.15341+00
c3478df4-36d3-4552-a321-e1240f7b99f0,d3cda749-2099-4db9-928a-7c9b862f638b,Director,2026-01-25 23:23:34.15341+00
c37c6bdf-e3db-4404-a77a-d947cedd0387,11d2379b-9c31-411e-a8d5-12625445b685,Composer,2026-01-25 23:23:34.15341+00
c37c6bdf-e3db-4404-a77a-d947cedd0387,3874063c-4ffa-4b5f-913d-7a6c77e030fe,Writer,2026-01-25 23:23:34.15341+00
c37c6bdf-e3db-4404-a77a-d947cedd0387,7f394201-d9ac-4dfd-98ab-96165033d006,Composer,2026-01-25 23:23:34.15341+00
c37c6bdf-e3db-4404-a77a-d947cedd0387,c3eafd99-ebb9-4f26-baeb-408afa71be0f,Director,2026-01-25 23:23:34.15341+00
c37c6bdf-e3db-4404-a77a-d947cedd0387,c3eafd99-ebb9-4f26-baeb-408afa71be0f,Writer,2026-01-25 23:23:34.15341+00
c3aef98e-b349-437b-bdab-eb35ba74fefe,4278b6b9-b813-4c58-8d96-5540b7c7df3b,Composer,2026-02-03 07:00:33.568641+00
c3aef98e-b349-437b-bdab-eb35ba74fefe,436ca5d3-7372-425c-a409-8d490ff06844,Director,2026-02-03 07:00:33.568641+00
c3aef98e-b349-437b-bdab-eb35ba74fefe,436ca5d3-7372-425c-a409-8d490ff06844,Writer,2026-02-03 07:00:33.568641+00
c3dd248e-590c-4700-bee2-9cb4f5997014,385b5207-1031-4202-b10c-c2d0c5b091c9,Composer,2026-01-25 23:23:34.15341+00
c3dd248e-590c-4700-bee2-9cb4f5997014,5db54d28-d243-42df-8e5f-e9b34911a136,Director,2026-01-25 23:23:34.15341+00
c3dd248e-590c-4700-bee2-9cb4f5997014,5db54d28-d243-42df-8e5f-e9b34911a136,Writer,2026-01-25 23:23:34.15341+00
c3dd248e-590c-4700-bee2-9cb4f5997014,c6464426-7bbe-446c-b67b-79ad1c37e7c0,Writer,2026-01-25 23:23:34.15341+00
c42c096f-35fb-4052-ae32-0ce00a013abf,009ae8f7-5375-4fb3-a1b7-aafc92eeaebf,Composer,2026-01-25 23:23:34.15341+00
c42c096f-35fb-4052-ae32-0ce00a013abf,19597cd4-6ad8-4e11-9916-735f6a0d5293,Writer,2026-01-25 23:23:34.15341+00
c42c096f-35fb-4052-ae32-0ce00a013abf,4421d607-d6ba-4b81-a26d-73a179360b36,Writer,2026-01-25 23:23:34.15341+00
c42c096f-35fb-4052-ae32-0ce00a013abf,f2fa0283-07dc-4e63-b20d-1a435da07d9f,Director,2026-01-25 23:23:34.15341+00
c42c096f-35fb-4052-ae32-0ce00a013abf,f2fa0283-07dc-4e63-b20d-1a435da07d9f,Writer,2026-01-25 23:23:34.15341+00
c502ae70-3ac8-485e-8228-fc2a97328d36,222c3afa-67e6-4770-a755-601ce531e104,Composer,2026-01-26 05:46:51.026532+00
c502ae70-3ac8-485e-8228-fc2a97328d36,79ad05f2-56fd-4bd5-8dfe-07aad7f0b58c,Director,2026-01-26 05:46:51.026532+00
c502ae70-3ac8-485e-8228-fc2a97328d36,9878ac01-dae1-46c9-9b40-e693f3a2895e,Director,2026-01-26 05:46:51.026532+00
c634e45f-645c-4153-83ae-88a04c8181af,1d748e85-1125-4960-b810-bdc5f4caa35d,Writer,2026-01-25 23:23:34.15341+00
c634e45f-645c-4153-83ae-88a04c8181af,4e2dc6f7-2cb1-44e4-9e74-013ff8df5518,Composer,2026-01-25 23:23:34.15341+00
c634e45f-645c-4153-83ae-88a04c8181af,9f34556b-eb9d-4206-ba58-4121755018b5,Writer,2026-01-25 23:23:34.15341+00
c634e45f-645c-4153-83ae-88a04c8181af,b75441eb-867a-45e3-89ee-680c2fcbac99,Writer,2026-01-25 23:23:34.15341+00
c634e45f-645c-4153-83ae-88a04c8181af,c6388286-a4a1-4b0a-b387-d6459183b043,Director,2026-01-25 23:23:34.15341+00
c634e45f-645c-4153-83ae-88a04c8181af,c6388286-a4a1-4b0a-b387-d6459183b043,Writer,2026-01-25 23:23:34.15341+00
c6520718-de3c-4ace-b437-31dbfb6de9e0,b9f8f10b-53e6-4d8d-80f5-f5efb01a4278,Writer,2026-02-03 06:53:29.282835+00
c6520718-de3c-4ace-b437-31dbfb6de9e0,e2403e02-5845-4ed7-9e05-1d00b39e5f49,Director,2026-02-03 06:53:29.282835+00
c6520718-de3c-4ace-b437-31dbfb6de9e0,e2403e02-5845-4ed7-9e05-1d00b39e5f49,Writer,2026-02-03 06:53:29.282835+00
c6dbc9dd-c57b-4e3c-b9c6-393300264b0b,ca2396a1-d8b9-45ac-a482-bcf9405e98f8,Composer,2026-01-31 05:36:18.993962+00
c6dbc9dd-c57b-4e3c-b9c6-393300264b0b,e42209ec-fded-4c49-9dfe-631ff69c3974,Director,2026-01-31 05:36:18.993962+00
c6dbc9dd-c57b-4e3c-b9c6-393300264b0b,f7d6d71d-ec77-45ae-91a0-541b9a00bab8,Director,2026-01-31 05:36:18.993962+00
c6dbc9dd-c57b-4e3c-b9c6-393300264b0b,fad3c5f2-9ff4-4d87-984f-7a0610371f26,Writer,2026-01-31 05:36:18.993962+00
c6dbc9dd-c57b-4e3c-b9c6-393300264b0b,faf66464-6961-4590-9944-9946b5738ce4,Writer,2026-01-31 05:36:18.993962+00
c7e28f3b-d160-4794-adb4-17e52f3e083d,25168b69-129a-4dca-861f-2e3c82b21800,Writer,2026-01-25 23:23:34.15341+00
c7e28f3b-d160-4794-adb4-17e52f3e083d,287aea99-bb11-4d40-baf3-89232e10c790,Writer,2026-01-25 23:23:34.15341+00
c7e28f3b-d160-4794-adb4-17e52f3e083d,4bf11fbe-4e8a-42a5-9e67-96faf3a48bbb,Writer,2026-01-25 23:23:34.15341+00
c7e28f3b-d160-4794-adb4-17e52f3e083d,5e25856a-5a21-4412-a696-b2bc9b708c94,Composer,2026-01-25 23:23:34.15341+00
c7e28f3b-d160-4794-adb4-17e52f3e083d,91b61145-665d-4ddb-9846-cd9e793b530d,Writer,2026-01-25 23:23:34.15341+00
c7e28f3b-d160-4794-adb4-17e52f3e083d,b230d40e-1be0-4ca8-b09e-535e47a47b73,Writer,2026-01-25 23:23:34.15341+00
c7e28f3b-d160-4794-adb4-17e52f3e083d,da9a6930-0f22-4884-afd3-82cd5912dd30,Director,2026-01-25 23:23:34.15341+00
ca5746a0-d31c-4c60-8626-231216bca0cb,3bcb4881-5575-4c1e-ae52-c6a86b161e22,Writer,2026-01-25 23:23:34.15341+00
ca5746a0-d31c-4c60-8626-231216bca0cb,50644cc0-b784-4f9c-8d57-f80793324477,Writer,2026-01-25 23:23:34.15341+00
ca5746a0-d31c-4c60-8626-231216bca0cb,ca2396a1-d8b9-45ac-a482-bcf9405e98f8,Composer,2026-01-25 23:23:34.15341+00
ca5746a0-d31c-4c60-8626-231216bca0cb,daa7a4e8-fbba-41b7-8fca-73833067e324,Director,2026-01-25 23:23:34.15341+00
cbbacd12-cac4-4f81-8c07-999601b604dd,22532711-9b3e-4cc6-af56-d2d7391c3d21,Composer,2026-02-03 06:58:34.729242+00
cbbacd12-cac4-4f81-8c07-999601b604dd,a839b100-13b3-4148-afee-fe8f0d04f816,Writer,2026-02-03 06:58:34.729242+00
cbbacd12-cac4-4f81-8c07-999601b604dd,da3efcb8-f478-4495-be68-1cbf0e60b288,Director,2026-02-03 06:58:34.729242+00
cbbacd12-cac4-4f81-8c07-999601b604dd,da3efcb8-f478-4495-be68-1cbf0e60b288,Writer,2026-02-03 06:58:34.729242+00
ce63e6d4-32ac-460b-bf44-874d7f9ef805,75c10df8-8a3e-4818-9c0f-56e9020e964a,Director,2026-01-29 18:14:03.674853+00
ce63e6d4-32ac-460b-bf44-874d7f9ef805,75c10df8-8a3e-4818-9c0f-56e9020e964a,Writer,2026-01-29 18:14:03.674853+00
ce63e6d4-32ac-460b-bf44-874d7f9ef805,82da4744-c741-442b-b18a-38be836ee9c0,Composer,2026-01-29 18:14:03.674853+00
ce63e6d4-32ac-460b-bf44-874d7f9ef805,95c9f652-4f33-444e-8fcd-4b9d0f7ce2f6,Composer,2026-01-29 18:14:03.674853+00
d0e0580b-b85b-4871-9851-a952c4e2e875,936e705d-8e8e-4f55-be50-f500663296e9,Composer,2026-01-25 23:23:34.15341+00
d0e0580b-b85b-4871-9851-a952c4e2e875,d3d8129b-7e97-48b9-a690-e617efe37f31,Director,2026-01-25 23:23:34.15341+00
d0e0580b-b85b-4871-9851-a952c4e2e875,d3d8129b-7e97-48b9-a690-e617efe37f31,Writer,2026-01-25 23:23:34.15341+00
d15f381d-f4a7-4286-b245-899060896e25,2d30dbd3-e1d2-4c86-a856-4feebca9c0b9,Composer,2026-01-25 23:23:34.15341+00
d15f381d-f4a7-4286-b245-899060896e25,87cf920f-4c41-4763-87fc-7b6d838afde5,Director,2026-01-25 23:23:34.15341+00
d15f381d-f4a7-4286-b245-899060896e25,87cf920f-4c41-4763-87fc-7b6d838afde5,Writer,2026-01-25 23:23:34.15341+00
d15f381d-f4a7-4286-b245-899060896e25,f272ecc1-0bf6-45a3-8509-6dd0c237b789,Writer,2026-01-25 23:23:34.15341+00
d3475b36-adc8-4141-a0c1-01c38b2728e1,4501ecd0-1e80-4169-ab7a-b7385a9d0335,Composer,2026-01-25 23:23:34.15341+00
d3475b36-adc8-4141-a0c1-01c38b2728e1,4ccefd38-3814-4c75-9088-72fc98ace7d1,Director,2026-01-25 23:23:34.15341+00
d3475b36-adc8-4141-a0c1-01c38b2728e1,741fec0b-4b87-4f2e-8b22-4102a760c45b,Writer,2026-01-25 23:23:34.15341+00
d3475b36-adc8-4141-a0c1-01c38b2728e1,de89d2dd-289e-4e29-83d2-2f348d9ba278,Composer,2026-01-25 23:23:34.15341+00
d5327004-9b33-4656-8672-9c02c3d71398,2b92b5c0-da0c-426a-b61d-0d82f75c2fe4,Director,2026-02-03 07:03:27.559459+00
d5327004-9b33-4656-8672-9c02c3d71398,2b92b5c0-da0c-426a-b61d-0d82f75c2fe4,Writer,2026-02-03 07:03:27.559459+00
d5327004-9b33-4656-8672-9c02c3d71398,5f585a51-292c-42c3-a0b9-8b253f1c88b6,Composer,2026-02-03 07:03:27.559459+00
d5327004-9b33-4656-8672-9c02c3d71398,c04a6658-a61f-4ae1-8f81-bc8920b91d84,Writer,2026-02-03 07:03:27.559459+00
d5f3a604-bbe6-470a-9499-2aff7aa74fec,783994b2-54bf-4ad9-86ee-ab965ddd9f50,Director,2026-01-25 23:23:34.15341+00
d5f3a604-bbe6-470a-9499-2aff7aa74fec,783994b2-54bf-4ad9-86ee-ab965ddd9f50,Writer,2026-01-25 23:23:34.15341+00
d5f3a604-bbe6-470a-9499-2aff7aa74fec,7e2db7f0-021d-49b0-8c9f-7f44c2751be6,Writer,2026-01-25 23:23:34.15341+00
d5f3a604-bbe6-470a-9499-2aff7aa74fec,9032067f-f68b-433c-8fc6-83bb2ef4e344,Writer,2026-01-25 23:23:34.15341+00
d5f3a604-bbe6-470a-9499-2aff7aa74fec,c0700c63-399d-4571-8522-e48026ca9955,Composer,2026-01-25 23:23:34.15341+00
d5f3a604-bbe6-470a-9499-2aff7aa74fec,cbd14e4f-1d77-4859-9654-296d03d9d9eb,Writer,2026-01-25 23:23:34.15341+00
d6818a3d-2748-494d-a024-77b809e0f73f,1e5ab560-40f9-4195-ac4f-bbad08871c82,Writer,2026-01-25 23:23:34.15341+00
d6818a3d-2748-494d-a024-77b809e0f73f,2b6d1c86-3321-4e92-9da9-465e8caf3d26,Writer,2026-01-25 23:23:34.15341+00
d6818a3d-2748-494d-a024-77b809e0f73f,3d853cf9-9e26-42be-bfcb-d0f943f4e429,Writer,2026-01-25 23:23:34.15341+00
d6818a3d-2748-494d-a024-77b809e0f73f,6dd09ef9-4b64-452f-83f1-26b8df1548af,Director,2026-01-25 23:23:34.15341+00
d6818a3d-2748-494d-a024-77b809e0f73f,d1fe20b3-bbc4-48c7-b4a1-e9ab97e29b34,Composer,2026-01-25 23:23:34.15341+00
d6818a3d-2748-494d-a024-77b809e0f73f,d7473248-f24d-4da7-94f4-567420402e6b,Composer,2026-01-25 23:23:34.15341+00
d6bebb69-c66f-464d-a0d6-1becad315aa3,4445ded3-f501-48ad-a131-9a4070980d09,Composer,2026-01-25 23:23:34.15341+00
d6bebb69-c66f-464d-a0d6-1becad315aa3,692f06c6-b654-4e0b-93cd-4c474ebbe424,Writer,2026-01-25 23:23:34.15341+00
d6bebb69-c66f-464d-a0d6-1becad315aa3,8a2f8473-3c6f-4547-b201-c1c750dc172a,Writer,2026-01-25 23:23:34.15341+00
d6bebb69-c66f-464d-a0d6-1becad315aa3,aeff5528-29d8-4046-9f40-cc65632df057,Writer,2026-01-25 23:23:34.15341+00
d6bebb69-c66f-464d-a0d6-1becad315aa3,afbea397-ed04-442c-88cb-71b364e396f6,Director,2026-01-25 23:23:34.15341+00
d8ea2af1-8454-4123-bd76-b4a7839b2984,9032067f-f68b-433c-8fc6-83bb2ef4e344,Director,2026-02-03 06:59:55.195763+00
d8ea2af1-8454-4123-bd76-b4a7839b2984,9032067f-f68b-433c-8fc6-83bb2ef4e344,Writer,2026-02-03 06:59:55.195763+00
d8ea2af1-8454-4123-bd76-b4a7839b2984,bb4b15fa-23ac-42e8-8e47-82df316620df,Writer,2026-02-03 06:59:55.195763+00
d8ea2af1-8454-4123-bd76-b4a7839b2984,d70af74a-7707-4d8e-857a-99d45f838a6d,Composer,2026-02-03 06:59:55.195763+00
d989fc27-30db-45bb-9264-16e269df05e9,05884a22-ed47-4907-9d85-c63d9d5225a8,Director,2026-01-25 23:23:34.15341+00
d989fc27-30db-45bb-9264-16e269df05e9,05884a22-ed47-4907-9d85-c63d9d5225a8,Writer,2026-01-25 23:23:34.15341+00
d989fc27-30db-45bb-9264-16e269df05e9,c8123370-f827-4c80-9e68-4bc5ee1cc9ac,Composer,2026-01-25 23:23:34.15341+00
da258b24-1b69-42d2-9064-dabaa251502e,5e2d56ca-9a92-4cdb-a4ae-1e6802e2a8eb,Director,2026-01-25 23:23:34.15341+00
da258b24-1b69-42d2-9064-dabaa251502e,5e2d56ca-9a92-4cdb-a4ae-1e6802e2a8eb,Writer,2026-01-25 23:23:34.15341+00
da258b24-1b69-42d2-9064-dabaa251502e,c4c3ac1e-3ed1-40a6-8849-895e9d8b140a,Composer,2026-01-25 23:23:34.15341+00
da9bcee0-ad95-4167-9933-450b787a74de,009ae8f7-5375-4fb3-a1b7-aafc92eeaebf,Composer,2026-01-25 23:23:34.15341+00
da9bcee0-ad95-4167-9933-450b787a74de,0530b839-8281-462c-ac31-d7714b5d22c7,Director,2026-01-25 23:23:34.15341+00
da9bcee0-ad95-4167-9933-450b787a74de,0530b839-8281-462c-ac31-d7714b5d22c7,Writer,2026-01-25 23:23:34.15341+00
db81279c-3ed8-426d-bb64-3d6a33a00d91,069a3f97-c36e-4759-9200-c1373dcb18c7,Writer,2026-01-25 23:23:34.15341+00
db81279c-3ed8-426d-bb64-3d6a33a00d91,0b4dfff0-6f30-46cc-a6d1-e920332c5685,Director,2026-01-25 23:23:34.15341+00
db81279c-3ed8-426d-bb64-3d6a33a00d91,1d177719-5bc7-4824-83c8-d8b843bcd40f,Writer,2026-01-25 23:23:34.15341+00
db81279c-3ed8-426d-bb64-3d6a33a00d91,5e25856a-5a21-4412-a696-b2bc9b708c94,Composer,2026-01-25 23:23:34.15341+00
db81279c-3ed8-426d-bb64-3d6a33a00d91,a68d1bf0-8bde-4e73-bd89-dae96bb7acbd,Writer,2026-01-25 23:23:34.15341+00
db81279c-3ed8-426d-bb64-3d6a33a00d91,fae8b708-bef6-4525-be63-7efacb87d0cd,Writer,2026-01-25 23:23:34.15341+00
dcb4b8d7-95b0-40d6-a69b-16cf85766b8a,126d7f14-3b90-4de7-b57f-fda2c6e3f704,Writer,2026-01-25 23:23:34.15341+00
dcb4b8d7-95b0-40d6-a69b-16cf85766b8a,ad952718-447f-469c-b507-ac2fd7c2fd47,Director,2026-01-25 23:23:34.15341+00
dcee5afc-a672-42b7-ab55-00fc4a87c2e4,bfb95fa5-d16c-413e-9b71-3e605d39a56a,Director,2026-01-25 23:23:34.15341+00
dcee5afc-a672-42b7-ab55-00fc4a87c2e4,f71ad34f-3291-4555-9712-f99aa253ad0a,Writer,2026-01-25 23:23:34.15341+00
dfaf2e6f-6f24-4508-b7b1-b3ab65dfa8d7,05884a22-ed47-4907-9d85-c63d9d5225a8,Director,2026-02-03 06:57:39.863615+00
dfaf2e6f-6f24-4508-b7b1-b3ab65dfa8d7,05884a22-ed47-4907-9d85-c63d9d5225a8,Writer,2026-02-03 06:57:39.863615+00
dfaf2e6f-6f24-4508-b7b1-b3ab65dfa8d7,bb58d027-c8fb-4100-a052-8061f25c64cb,Writer,2026-02-03 06:57:39.863615+00
dfaf2e6f-6f24-4508-b7b1-b3ab65dfa8d7,c8123370-f827-4c80-9e68-4bc5ee1cc9ac,Composer,2026-02-03 06:57:39.863615+00
e173ce10-aa35-49f0-924f-ada25b129105,e2403e02-5845-4ed7-9e05-1d00b39e5f49,Director,2026-02-03 07:03:15.290624+00
e173ce10-aa35-49f0-924f-ada25b129105,e2403e02-5845-4ed7-9e05-1d00b39e5f49,Writer,2026-02-03 07:03:15.290624+00
e624348e-a60e-499f-a484-37b7308ed76a,2bffaa34-3085-42a7-b3e9-2aaf58d69355,Writer,2026-01-25 23:23:34.15341+00
e624348e-a60e-499f-a484-37b7308ed76a,4501ecd0-1e80-4169-ab7a-b7385a9d0335,Composer,2026-01-25 23:23:34.15341+00
e624348e-a60e-499f-a484-37b7308ed76a,b135a61e-d08d-4dc1-9c3a-a37c18047841,Director,2026-01-25 23:23:34.15341+00
e624348e-a60e-499f-a484-37b7308ed76a,de89d2dd-289e-4e29-83d2-2f348d9ba278,Composer,2026-01-25 23:23:34.15341+00
e624348e-a60e-499f-a484-37b7308ed76a,e99099ca-14ce-48e4-adbe-243101293744,Writer,2026-01-25 23:23:34.15341+00
e73704e1-6dee-4828-bb1f-921e02d7bd1b,1f9f1a7a-b330-4527-a35a-be0aa66f558a,Director,2026-01-25 23:23:34.15341+00
e73704e1-6dee-4828-bb1f-921e02d7bd1b,4eb82b9d-1497-4b5f-9d7a-4644131a841f,Writer,2026-01-25 23:23:34.15341+00
e73704e1-6dee-4828-bb1f-921e02d7bd1b,781bfd55-0494-47be-b4d0-9078ae5a71a0,Writer,2026-01-25 23:23:34.15341+00
e73704e1-6dee-4828-bb1f-921e02d7bd1b,973072cf-b309-4684-81bf-e373448bda44,Composer,2026-01-25 23:23:34.15341+00
e73704e1-6dee-4828-bb1f-921e02d7bd1b,aeff5528-29d8-4046-9f40-cc65632df057,Writer,2026-01-25 23:23:34.15341+00
e73704e1-6dee-4828-bb1f-921e02d7bd1b,b3f69e53-63ce-430f-b1fc-88036847a712,Writer,2026-01-25 23:23:34.15341+00
e73704e1-6dee-4828-bb1f-921e02d7bd1b,b7745080-e6ca-44b7-98a5-26aa16ac8e7a,Composer,2026-01-25 23:23:34.15341+00
e73704e1-6dee-4828-bb1f-921e02d7bd1b,c91eb7d9-a7fa-4274-8a09-5e8aaea0a410,Writer,2026-01-25 23:23:34.15341+00
e73704e1-6dee-4828-bb1f-921e02d7bd1b,d7473248-f24d-4da7-94f4-567420402e6b,Composer,2026-01-25 23:23:34.15341+00
e823b2aa-efe0-4580-9a59-67831caf6712,57c1b3ce-485c-4839-9d44-c74481686c8e,Writer,2026-02-03 01:23:53.547468+00
e823b2aa-efe0-4580-9a59-67831caf6712,a9ea8f52-a2f7-410c-8b96-b6b5611370e4,Director,2026-02-03 01:23:53.547468+00
e823b2aa-efe0-4580-9a59-67831caf6712,a9ea8f52-a2f7-410c-8b96-b6b5611370e4,Writer,2026-02-03 01:23:53.547468+00
e823b2aa-efe0-4580-9a59-67831caf6712,b1f7935c-7a53-44d8-badf-38c685fd8c77,Composer,2026-02-03 01:23:53.547468+00
e879ffd2-b841-411b-95bb-9e0a7d11f2b6,ae52ea57-5762-4258-ac92-259792994184,Director,2026-01-25 23:23:34.15341+00
e879ffd2-b841-411b-95bb-9e0a7d11f2b6,be85b98c-ee3f-4168-9b2b-02b1d28d9548,Writer,2026-01-25 23:23:34.15341+00
e879ffd2-b841-411b-95bb-9e0a7d11f2b6,c0700c63-399d-4571-8522-e48026ca9955,Composer,2026-01-25 23:23:34.15341+00
e98e650d-c26b-4416-ab21-e5f35c8f4742,e2403e02-5845-4ed7-9e05-1d00b39e5f49,Director,2026-01-25 23:23:34.15341+00
e98e650d-c26b-4416-ab21-e5f35c8f4742,e2403e02-5845-4ed7-9e05-1d00b39e5f49,Writer,2026-01-25 23:23:34.15341+00
ed5e3e9f-4d54-462a-bf53-43a7cc6dd595,ce2c5d7a-b85e-4db7-9274-b86dad6d54b8,Composer,2026-01-25 23:23:34.15341+00
ed5e3e9f-4d54-462a-bf53-43a7cc6dd595,fb837e35-589e-400d-8475-546aa7919ff8,Director,2026-01-25 23:23:34.15341+00
ed5e3e9f-4d54-462a-bf53-43a7cc6dd595,fb837e35-589e-400d-8475-546aa7919ff8,Writer,2026-01-25 23:23:34.15341+00
ee477c9c-a805-436e-b9e4-dfa7e8db61de,0bc49802-9bbe-4809-b7ea-d22993c85c29,Writer,2026-01-26 03:50:01.175325+00
ee477c9c-a805-436e-b9e4-dfa7e8db61de,0c2afb84-b0f4-46ae-a83f-35d2d0563f2c,Writer,2026-01-26 03:50:01.175325+00
ee477c9c-a805-436e-b9e4-dfa7e8db61de,44eb8129-b1b0-486d-a0a4-1e55121e23b6,Writer,2026-01-26 03:50:01.175325+00
ee477c9c-a805-436e-b9e4-dfa7e8db61de,4f75b55a-cdb2-4ca2-b44b-1d7db5bfd74d,Director,2026-01-26 03:50:01.175325+00
ee477c9c-a805-436e-b9e4-dfa7e8db61de,4f75b55a-cdb2-4ca2-b44b-1d7db5bfd74d,Writer,2026-01-26 03:50:01.175325+00
ee477c9c-a805-436e-b9e4-dfa7e8db61de,93022e9d-e483-4d49-b058-58c241f94b36,Composer,2026-01-26 03:50:01.175325+00
ee477c9c-a805-436e-b9e4-dfa7e8db61de,d7473248-f24d-4da7-94f4-567420402e6b,Composer,2026-01-26 03:50:01.175325+00
ee477c9c-a805-436e-b9e4-dfa7e8db61de,e7a37c70-9c06-4bde-9335-4e9891cce775,Composer,2026-01-26 03:50:01.175325+00
ee5034a7-51a9-411e-935d-b060d1815cf5,07e5c5ec-d2f8-4b82-be92-0db784e2bba7,Director,2026-02-03 06:59:36.477557+00
ee5034a7-51a9-411e-935d-b060d1815cf5,07e5c5ec-d2f8-4b82-be92-0db784e2bba7,Writer,2026-02-03 06:59:36.477557+00
ee5034a7-51a9-411e-935d-b060d1815cf5,3b4fd8d5-8340-4180-aad1-18cd90eed359,Writer,2026-02-03 06:59:36.477557+00
ee5034a7-51a9-411e-935d-b060d1815cf5,a663d63f-3e3b-4e3b-b3b6-ea2e93e29e8e,Writer,2026-02-03 06:59:36.477557+00
ee5034a7-51a9-411e-935d-b060d1815cf5,b6194cfc-f630-4441-b8a5-ea4355b5fc7c,Composer,2026-02-03 06:59:36.477557+00
eec769e9-a56b-49d1-9d30-fe62a8e05b1d,2d188583-5774-477b-ae5a-1a53411cddc5,Writer,2026-01-25 23:23:34.15341+00
eec769e9-a56b-49d1-9d30-fe62a8e05b1d,cca3d786-a8f4-4feb-a8c6-a31164eaf6e9,Director,2026-01-25 23:23:34.15341+00
eec769e9-a56b-49d1-9d30-fe62a8e05b1d,daa7a4e8-fbba-41b7-8fca-73833067e324,Writer,2026-01-25 23:23:34.15341+00
eec769e9-a56b-49d1-9d30-fe62a8e05b1d,ea445215-5c37-47d9-b777-0f848df4a83b,Composer,2026-01-25 23:23:34.15341+00
eef51c92-1567-4bed-a176-68e85a7867aa,547bbe27-7b64-4d24-8086-8bec1088f494,Writer,2026-01-28 04:23:33.744231+00
eef51c92-1567-4bed-a176-68e85a7867aa,a029c6a7-72d9-4597-a999-ffa7a317094c,Director,2026-01-28 04:23:33.744231+00
eef51c92-1567-4bed-a176-68e85a7867aa,a029c6a7-72d9-4597-a999-ffa7a317094c,Writer,2026-01-28 04:23:33.744231+00
eef51c92-1567-4bed-a176-68e85a7867aa,b0b2ebf3-d6d0-415e-bc4c-1b0c9c354f40,Writer,2026-01-28 04:23:33.744231+00
eef51c92-1567-4bed-a176-68e85a7867aa,d072cf28-780f-4eae-8959-38fc4e158270,Composer,2026-01-28 04:23:33.744231+00
eef51c92-1567-4bed-a176-68e85a7867aa,ffdcc1a6-a768-4340-8abb-df1a885078b4,Writer,2026-01-28 04:23:33.744231+00
f110548e-a0f9-4ea5-bfdc-47d93316fd89,30b800a4-af9b-4192-a08b-e9a028564ff9,Writer,2026-01-25 23:23:34.15341+00
f110548e-a0f9-4ea5-bfdc-47d93316fd89,a530d2b9-ba8b-416b-90b9-4a7c2e839f9f,Composer,2026-01-25 23:23:34.15341+00
f110548e-a0f9-4ea5-bfdc-47d93316fd89,ae52ea57-5762-4258-ac92-259792994184,Director,2026-01-25 23:23:34.15341+00
f110548e-a0f9-4ea5-bfdc-47d93316fd89,ec6539bf-da26-43ec-9a35-1b9c24b52b0e,Composer,2026-01-25 23:23:34.15341+00
f4a34286-f03b-4c0e-b512-8cec688eebcb,375426dd-78ed-4a56-ba5e-ef9dd89fa3f8,Composer,2026-01-25 23:23:34.15341+00
f4a34286-f03b-4c0e-b512-8cec688eebcb,57e9ffcc-b446-4c2b-84ba-97f2f956895e,Writer,2026-01-25 23:23:34.15341+00
f4a34286-f03b-4c0e-b512-8cec688eebcb,781cc6ab-7bd5-4a2b-bc09-ac7122349ce6,Writer,2026-01-25 23:23:34.15341+00
f4a34286-f03b-4c0e-b512-8cec688eebcb,886d3613-c13e-45ec-9b7a-4946d88f91f4,Director,2026-01-25 23:23:34.15341+00
f4a34286-f03b-4c0e-b512-8cec688eebcb,fddef53b-c8d2-4617-9157-0b278322d282,Writer,2026-01-25 23:23:34.15341+00
f9715383-787a-419b-b97a-30248001659c,be88d915-e440-4e94-9cd1-7731ef7b8b49,Writer,2026-01-27 22:27:06.644159+00
f9715383-787a-419b-b97a-30248001659c,bf6f331c-085d-46c2-a01e-4010f65ba7f9,Director,2026-01-27 22:27:06.644159+00
f9715383-787a-419b-b97a-30248001659c,bf6f331c-085d-46c2-a01e-4010f65ba7f9,Writer,2026-01-27 22:27:06.644159+00
f9715383-787a-419b-b97a-30248001659c,d3be8825-e449-44b9-bb8d-bfdc99966b80,Composer,2026-01-27 22:27:06.644159+00
fb9e638c-c71b-473a-bd22-202924ba3c64,f291e8cc-b7b4-4ea6-9cb8-d6ee0fb32fd7,Composer,2026-02-03 06:56:39.038608+00
fb9e638c-c71b-473a-bd22-202924ba3c64,fe47b6b7-6ce6-444c-ad86-969d2e031a0a,Director,2026-02-03 06:56:39.038608+00
fb9e638c-c71b-473a-bd22-202924ba3c64,fe47b6b7-6ce6-444c-ad86-969d2e031a0a,Writer,2026-02-03 06:56:39.038608+00
fba8b66b-8e4a-42b2-afbc-d2d59f95c2ad,865d7e16-70c6-45d6-9675-4bb6c77b6800,Director,2026-01-25 23:23:34.15341+00
fba8b66b-8e4a-42b2-afbc-d2d59f95c2ad,bb40b13b-97c2-4d4a-a779-46c365c014c3,Writer,2026-01-25 23:23:34.15341+00
fba8b66b-8e4a-42b2-afbc-d2d59f95c2ad,fca81263-cfea-4b14-b3a9-21195c4d5a12,Composer,2026-01-25 23:23:34.15341+00
fbb55cf9-7f1c-429e-8852-b43684e3ac46,15415c06-9b1a-4dac-9c68-99c0f2b2ae2c,Composer,2026-01-28 04:23:18.504046+00
fbb55cf9-7f1c-429e-8852-b43684e3ac46,2428b958-4792-4cea-b865-c7331385a281,Director,2026-01-28 04:23:18.504046+00
fbb55cf9-7f1c-429e-8852-b43684e3ac46,648b3703-5af1-4ff5-8514-6e54999a92b9,Writer,2026-01-28 04:23:18.504046+00
fd2d6a40-d45f-4456-b4dc-4c0f3ffc951e,0a271064-19d5-4a48-9716-6ef07f878902,Writer,2026-01-25 23:23:34.15341+00
fd2d6a40-d45f-4456-b4dc-4c0f3ffc951e,1f9f1a7a-b330-4527-a35a-be0aa66f558a,Director,2026-01-25 23:23:34.15341+00
fd2d6a40-d45f-4456-b4dc-4c0f3ffc951e,2f93bf75-878d-416d-b1b3-be6ef1c1ef5e,Writer,2026-01-25 23:23:34.15341+00
fd2d6a40-d45f-4456-b4dc-4c0f3ffc951e,371dd219-302c-4b40-970c-445c0ff6420f,Composer,2026-01-25 23:23:34.15341+00
fd2d6a40-d45f-4456-b4dc-4c0f3ffc951e,4c5c167f-b46e-4476-8826-9d830b4a3836,Writer,2026-01-25 23:23:34.15341+00
fd2d6a40-d45f-4456-b4dc-4c0f3ffc951e,5c61f88a-0c88-4de1-af87-80370b9e8177,Writer,2026-01-25 23:23:34.15341+00
fd2d6a40-d45f-4456-b4dc-4c0f3ffc951e,eceac0b0-f102-49db-825f-eb337da1816a,Composer,2026-01-25 23:23:34.15341+00
fd41cbd7-bfc1-43cd-ac95-75278c646240,531da91e-13c1-47d5-b594-b79d9288253e,Writer,2026-01-25 23:23:34.15341+00
fd41cbd7-bfc1-43cd-ac95-75278c646240,66def905-e698-4560-9e2f-38a71ee63e98,Writer,2026-01-25 23:23:34.15341+00
fd41cbd7-bfc1-43cd-ac95-75278c646240,794f1001-0ff8-4f92-ae35-3b4fccc401b6,Director,2026-01-25 23:23:34.15341+00
fd41cbd7-bfc1-43cd-ac95-75278c646240,a643b48a-4e4c-49ed-9a9c-c35cd14843d9,Composer,2026-01-25 23:23:34.15341+00
fd41cbd7-bfc1-43cd-ac95-75278c646240,accb1459-ba02-4329-bba6-fb6c82487461,Writer,2026-01-25 23:23:34.15341+00
fd41cbd7-bfc1-43cd-ac95-75278c646240,d7473248-f24d-4da7-94f4-567420402e6b,Composer,2026-01-25 23:23:34.15341+00
fd8f0877-6f8f-45ae-98fd-af04061d2e69,b1f7935c-7a53-44d8-badf-38c685fd8c77,Composer,2026-01-25 23:23:34.15341+00
fd8f0877-6f8f-45ae-98fd-af04061d2e69,b6bb7242-3389-4ccf-9b5a-9b8f23401bb2,Writer,2026-01-25 23:23:34.15341+00
fd8f0877-6f8f-45ae-98fd-af04061d2e69,dce0d7c2-87ff-4eeb-93b3-07e2a3deab18,Director,2026-01-25 23:23:34.15341+00
fe154e91-3eb4-43cb-8ccb-2e871413b094,5e25856a-5a21-4412-a696-b2bc9b708c94,Composer,2026-01-25 23:23:34.15341+00
fe154e91-3eb4-43cb-8ccb-2e871413b094,719e4bb8-773b-4e22-9479-7cd7afd22042,Writer,2026-01-25 23:23:34.15341+00
fe154e91-3eb4-43cb-8ccb-2e871413b094,b53c470f-9527-4a37-994d-983bb588dcd9,Writer,2026-01-25 23:23:34.15341+00
fe154e91-3eb4-43cb-8ccb-2e871413b094,bde15835-2e9b-41ad-b436-dbedbb071edb,Writer,2026-01-25 23:23:34.15341+00
fe154e91-3eb4-43cb-8ccb-2e871413b094,f5065533-03f1-4b72-a4cf-c7bf2f0f68d2,Director,2026-01-25 23:23:34.15341+00
fe154e91-3eb4-43cb-8ccb-2e871413b094,f5065533-03f1-4b72-a4cf-c7bf2f0f68d2,Writer,2026-01-25 23:23:34.15341+00
fefa3d55-9d9d-4579-ae85-1e44b88f5da3,170507cc-b553-4fc4-b6fd-6d6f7918eee0,Writer,2026-01-25 23:23:34.15341+00
fefa3d55-9d9d-4579-ae85-1e44b88f5da3,6ba2170b-e57d-42d5-83f8-b7c2be485a81,Writer,2026-01-25 23:23:34.15341+00
fefa3d55-9d9d-4579-ae85-1e44b88f5da3,a4fcd5b8-d0a1-4e61-9516-adabe7a1efdb,Composer,2026-01-25 23:23:34.15341+00
fefa3d55-9d9d-4579-ae85-1e44b88f5da3,f9fa0f9d-ff15-466a-9484-3ab2f8abf04d,Director,2026-01-25 23:23:34.15341+00
fefa3d55-9d9d-4579-ae85-1e44b88f5da3,f9fa0f9d-ff15-466a-9484-3ab2f8abf04d,Writer,2026-01-25 23:23:34.15341+00