id,created_at,tmdb_person_id,name
001646c5-0c55-48c2-8cfe-7a33bca7e944,2026-01-19 19:49:26.162197+00,30430,Indira Varma
0020e8d4-4d29-471f-9e95-817f9e9e324d,2026-02-03 06:53:39.184287+00,1340211,Trevor Steedman
003bf51a-7f2f-4034-82f0-bdd5d75ee8af,2026-01-18 01:03:45.515954+00,2260,Steven Zaillian
0057b9d2-320e-4b47-96cb-4aec1af2d99b,2026-01-25 21:05:20.600853+00,1472892,Alex Hernandez
0062fccd-84c7-4a9f-a7b9-f5e30ba1f187,2026-01-17 23:10:23.514105+00,1809787,Matt Burke
006c36f3-3635-4f2f-b848-45ef4f7a6adb,2026-01-17 22:33:34.122707+00,52490,Robert C. Treveiler
0071b0c7-4215-4bf5-80b3-fcee054eeefa,2026-01-17 23:26:09.781518+00,226001,Ariana Grande
007c334a-0d28-4a44-ab0f-d97504e2a073,2026-01-19 19:57:52.038557+00,10959,Shia LaBeouf
0096a543-aab1-4fc5-b743-cc39146313f8,2026-01-17 22:53:05.33733+00,1538851,Kit Connor
009ae8f7-5375-4fb3-a1b7-aafc92eeaebf,2026-01-17 22:44:09.652092+00,1213,James Newton Howard
00a38b61-70f1-4c53-a39a-e6600a6e6c0b,2026-01-19 07:55:07.374835+00,106811,Lenny Montana
00a58205-3dd3-411a-abca-ca1659c1b768,2026-01-19 21:11:22.959573+00,2055017,Tre'len Johnston
00a6d1ee-41f1-4766-b07e-48a1f1f6d784,2026-01-19 20:38:31.276443+00,17770,Kevin Tighe
00c631ba-9673-41c3-862d-60c7750083e9,2026-01-19 21:03:35.600447+00,9276,Steve Eastin
00d980ec-c3b6-4eb3-876d-8ce377c5040d,2026-02-03 06:59:06.475854+00,11703,Kerry Washington
00dc9855-4da1-4ce1-9574-35166b76b8e2,2026-01-17 22:40:30.733784+00,2064805,Jake Brown
00e1a78e-2dbd-482b-b0e7-c48063570471,2026-01-17 22:59:29.352628+00,1805887,Vivien Moore
00e49367-3273-4bf6-84ca-ce117df1885d,2026-02-12 07:07:55.251269+00,124506,George Givot
01120f6c-2abf-4e8b-b081-8d756e7466ac,2026-02-03 06:57:09.900217+00,1411697,Steven Levenson
01374f6a-7524-4cd9-92ec-5824035ee6d8,2026-01-19 20:40:32.669862+00,928574,Cooper Timberline
01508e33-d79c-454d-99d4-836d097f9218,2026-01-19 20:39:28.61908+00,3403707,Kevin Francett
01b5d4d3-0177-459e-ad6d-71b95eed738a,2026-01-17 23:17:23.981754+00,1783621,Dino Andino
01b5fc17-6135-45aa-98cf-a068b1a408bf,2026-01-17 21:16:52.611237+00,15293,Keisha Castle-Hughes
01bf5be9-617f-4382-a17e-e5ada7c92d39,2026-01-19 21:01:24.060969+00,161939,Cindy Katz
01bfd9b9-acc0-4d72-ba8d-d924a5c06b90,2026-01-19 20:46:24.087546+00,64849,Todd McFarlane
01c18cf7-fd1f-4fa2-b9c2-5aa40ef8aa43,2026-01-19 19:57:52.038557+00,81178,Charlie Adler
01dd9475-612c-4a43-8976-985ff176c25d,2026-02-03 06:56:38.758462+00,3029979,Nate Mann
020c532a-92bd-4dcb-8636-980d2639c567,2026-01-19 20:24:49.750006+00,1400745,Sara Sampaio
0225e8c7-a20a-49aa-abc4-dc333db99943,2026-01-17 23:00:21.741698+00,84509,Yosuke Akimoto
025c464e-4983-4025-b9bc-8c52fefcb67c,2026-01-18 00:41:25.966535+00,9779,Morris Chestnut
026a718c-4757-4933-ad43-e0c274d37bd8,2026-01-17 23:13:02.785122+00,3034,Corey Feldman
0275e2f5-ae67-44ea-8460-fc39975651c0,2026-01-19 20:08:50.340044+00,52476,Dylan Bruno
02844c78-caa2-4c40-acb9-4ba5675c1d8c,2026-01-19 19:58:49.575969+00,2521198,Erin Naas
028f75cf-4938-4086-8a8b-d371b1bbcbae,2026-01-19 20:27:15.774259+00,4812,Isaach de Bankolé
02a340ff-19ae-423b-accd-be299a88c25d,2026-01-19 20:30:21.715385+00,139549,Rory Kinnear
02b272c5-8f08-43bd-9278-b56fdafab538,2026-01-17 23:19:57.950471+00,1084721,Jason Turner
02b68395-aa0d-41ad-87fa-27017298da03,2026-02-03 07:02:46.175859+00,1263260,Adam C. Edwards
02cb3855-19ec-44bd-97dd-1c18f5962e41,2026-01-17 23:11:08.000867+00,1029934,Justice Smith
02d2df9b-5e6d-4bf5-94c8-da65e9d0058c,2026-01-19 20:27:15.774259+00,76339,Claudio Santamaria
02dc6b57-94d6-4782-96dc-e97a4863fc95,2026-02-03 06:55:23.857556+00,592,Joe Turkel
02f01fcb-a6be-4294-81b0-2a93feb2309f,2026-01-19 20:32:23.380717+00,1381616,Alessandro Cremona
03019f19-f1c6-4158-b348-b9b45baed7ee,2026-01-19 20:48:33.234012+00,2608,Lebo Mashile
030c31d4-e367-4a5a-b9e6-dfcdf42e4526,2026-01-17 22:42:40.386287+00,58575,Juan Gabriel Yacuzzi
0359f6b6-ed6e-4bea-b78f-a5a1a29c825e,2026-01-19 20:52:47.996974+00,4495,Steve Carell
03744ac7-a4b5-490f-94ab-96880b38999f,2026-01-17 20:50:09.746171+00,27319,Christoph Waltz
03803d8f-a39f-42a2-bfc6-8c249f8d428c,2026-01-17 23:11:08.000867+00,207304,John Schwab
03a5ea7d-0e2a-49db-acb4-c5a00eb12f78,2026-01-18 00:39:56.661624+00,1205985,Stephan Franck
03b9d170-e201-454f-8a6e-07fa9e27050a,2026-01-19 20:59:03.126627+00,85139,Nicholas Braun
03dd8a78-36ca-4f57-9cd7-8e34b6eaaeb4,2026-01-17 22:58:32.765261+00,1296511,Paul L. Nolan
03df6ce6-13e8-4c99-8fec-6bfea45a7776,2026-01-28 03:16:06.08029+00,1401531,Claudia Kim
03e33018-a3c6-4789-a61f-ae76bc387e3d,2026-02-03 06:55:34.988874+00,11663,Patrick Fugit
03f2e485-f475-4ffb-9b17-949f8a312ae3,2026-01-19 20:22:25.68211+00,1499833,Jonno Davies
04086266-a31c-4d94-ae5e-cfac2b4f1e75,2026-01-17 23:16:27.745856+00,4911895,Saroja-Lily Ratnavel
0429c2f0-432a-4c11-a47e-97cfa31a4878,2026-01-19 19:58:49.575969+00,19384,Tony Todd
045a9562-b70c-43e7-8b74-0c6c9ecb30ac,2026-01-18 03:05:04.679854+00,98215,Matt Gerald
049923ec-5534-4510-97f8-3014941cfb2f,2026-01-19 20:23:59.992531+00,4391,Charles Dance
04a0511d-ccf4-4b1d-965d-2ff6123e26d0,2026-01-17 23:20:45.418369+00,6377,Clint Mansell
04a4425d-0f7d-440c-a0be-657ad13c9499,2026-01-19 21:11:22.959573+00,2171639,Paige Hullett
04b56725-b3d4-471b-9176-748cb6690b0b,2026-01-19 20:11:19.287269+00,1222241,Katy Brand
04b71a0b-f4e3-4f70-81c6-2540d3377a3f,2026-01-19 20:03:20.643674+00,1676520,Dominique Fishback
04c0be2f-0f55-4fd9-bedd-1951683454a1,2026-01-19 20:26:22.060362+00,1658375,Andrew Koji
04cd8efb-6539-41e9-837f-56d87d59e652,2026-01-17 22:24:38.382171+00,47401,Drewe Henley
04dec141-1656-433e-abff-81be7592ffd7,2026-01-19 20:01:35.925296+00,31531,John DiMaggio
04e6ffb1-4bc8-4597-8a14-d201869d158a,2026-01-19 20:34:35.85263+00,76340,Giselda Volodi
04eb64f9-76c3-4590-a0b7-969dc2a510c4,2026-01-17 22:57:30.935943+00,1304282,Jean-Marc Rochette
0500eae1-aea4-4d5d-a657-df2f04f6e5d2,2026-01-19 20:47:10.545294+00,1683344,Amrou Al-Kadhi
0518fefd-c0a0-4de5-b438-e3190d1d8f87,2026-01-17 23:18:39.447854+00,1526,Danny Rubin
051c051e-dde2-4e52-9206-d351ffef54f7,2026-01-17 23:08:10.282741+00,1211876,Anthony Chinn
05284a1b-cfb1-493a-a7e2-0b72ca24d749,2026-01-17 22:46:25.239342+00,3291,Hugh Grant
0530b839-8281-462c-ac31-d7714b5d22c7,2026-01-17 22:44:09.652092+00,57113,Dan Gilroy
053fb9d7-ae9a-42d1-9b4e-d4803ae86554,2026-01-17 22:50:05.222332+00,2963,Nicolas Cage
054bb965-7414-44d4-84f4-4c00e589de3f,2026-01-17 23:21:23.844244+00,1947828,Tess Degenstein
05561d3b-bf64-4752-b1cc-d2632e0ecbf2,2026-01-17 21:01:34.335863+00,1,George Lucas
05884a22-ed47-4907-9d85-c63d9d5225a8,2026-01-17 22:59:29.352628+00,138781,Robert Eggers
059637d0-b6d1-4fcd-924c-e5c5c60da720,2026-01-19 20:56:41.401173+00,33399,Bronagh Gallagher
05af7c74-149f-4930-810a-062449b8df8c,2026-01-19 19:48:15.066607+00,1224993,Wolf Blitzer
05bd1699-994b-4abf-a09f-aedbab5d734d,2026-01-17 22:59:29.352628+00,237462,Bathsheba Garnett
05d28cb5-33a8-4199-b81f-af35278fd543,2026-01-17 23:20:45.418369+00,9565,Louise Lasser
05f5d400-8734-4a29-979e-8629d0448c56,2026-02-03 06:54:56.708103+00,13023,Colleen Camp
062926e7-e576-4164-963d-88e694584dca,2026-01-17 22:35:19.14754+00,5526,Georgie Henley
063013d0-3cc7-40a6-86ca-675118a4b8a2,2026-01-19 20:49:42.186009+00,95200,Dominique Jennings
063ed5ee-80c3-46ce-825c-fc9660d8f91d,2026-01-17 20:52:07.23447+00,2080646,Greg Tarzan Davis
063edd17-97fe-4629-9d9f-c736a4afb50f,2026-01-19 20:24:49.750006+00,5441666,Grace Chan
064ad7a2-8981-410f-aed8-26db99d776b7,2026-01-28 03:16:06.08029+00,13548,James Spader
065452b5-82d6-43cd-8677-6b34f9f1b15a,2026-01-17 23:22:06.593835+00,3662707,A.J. Lister
06748815-dfbd-4fa4-8973-188b5513be32,2026-01-17 22:51:37.67324+00,4150510,River Codack
067d3c90-70eb-4388-9b01-786b25e1a724,2026-01-17 23:14:38.348517+00,24278,Bill Weston
068d319a-e783-4bd3-a671-6eeda8eb5ba0,2026-01-19 21:07:51.9608+00,1340889,Alexander Flores
06974439-815e-4094-b001-d716ebdc068f,2026-01-21 05:45:56.025826+00,3173,G. D. Spradlin
069a3f97-c36e-4759-9200-c1373dcb18c7,2026-01-17 22:32:33.613381+00,3288,Chris Weitz
06b88e97-582b-454b-a30d-8cfde947b772,2026-01-17 23:19:23.274632+00,17881,Jason Schwartzman
06c2a2fe-3913-4f8b-b263-37223ca52545,2026-01-17 20:50:09.746171+00,107770,B. J. Novak
06c9746f-90f5-43e3-a742-e84e351f3d67,2026-01-19 19:53:23.12908+00,936415,Kim Kold
06eb921a-0a47-4f8e-b1c1-dc5bb21626ff,2026-02-03 01:23:53.163956+00,2385743,Claire Duburcq
06f3f6eb-c043-4b4d-a667-0a94a82ad765,2026-02-03 07:00:44.192947+00,1077856,Oliver Masuda
06f4c760-de4e-471c-9cbe-6aae660ebd3a,2026-02-13 05:52:58.243454+00,8930,John Cleese
06ffde6a-8472-406b-84a1-327a8842f27b,2026-01-19 21:10:09.395074+00,65421,Elizabeth Rodriguez
07072bba-2b9d-44f5-a3b5-7d7a4e13a463,2026-01-19 20:41:20.99353+00,122,Klaus Badelt
070cdfd9-70a6-47f2-9b34-14faebb54e44,2026-01-19 20:53:43.767452+00,1979,Kevin Spacey
073fbfcb-f7ac-423b-89d9-ef275d7c1f7f,2026-01-19 19:49:26.162197+00,139820,Pom Klementieff
07404152-f3fe-4255-bb67-c3c69bb2c586,2026-01-17 22:26:16.957396+00,10930,Irvin Kershner
075d6a0a-d540-482d-9461-1f16b39a585e,2026-01-19 20:32:23.380717+00,1051045,Domenico Fortunato
077ea7c7-3c0b-429e-a8b1-1890c47764c0,2026-02-03 06:53:39.184287+00,1122,Mike Reid
07887a12-ead6-4d79-9e5d-8e836a694565,2026-01-18 00:39:56.661624+00,138619,Philip McGrade
0791c4d6-d7dc-41cf-ac58-19800069f669,2026-01-19 20:30:21.715385+00,136290,Lucrezia Lante della Rovere
0796c18f-daea-45f9-a408-dfd45b66242a,2026-01-17 23:10:23.514105+00,97446,James DuMont
079c67df-1c54-411d-bf81-ffbf4c191be3,2026-01-17 22:37:28.53073+00,3727281,Meghan Brown Pratt
079e66fc-53f7-4b0a-9a55-0439af93369a,2026-01-17 22:41:47.888868+00,1285,AnnaSophia Robb
07aa6b32-bab2-4d23-95ed-ee8a8dbe0df1,2026-01-17 22:53:05.33733+00,2120814,Adain Bradley
07b4be13-fba7-41b5-807f-6ffc00922cfc,2026-01-19 20:33:50.495522+00,51686,Mark Boal
07b5cc6a-933a-4060-8fc1-91d7a72f0f64,2026-01-19 21:01:24.060969+00,127070,Brian Anthony Wilson
07bf11e1-1add-4e86-b5d2-57b1c35c46cf,2026-01-19 20:39:28.61908+00,3896429,Eemeli Franssi
07e5c5ec-d2f8-4b82-be92-0db784e2bba7,2026-01-17 23:18:39.447854+00,1524,Harold Ramis
07e6083a-6b12-4f79-a14a-b04c90ce6edd,2026-01-17 23:08:10.282741+00,134116,Matthew Scurfield
08123bb2-f4f0-4a4b-91ee-002647b9b9f2,2026-01-19 21:00:39.344128+00,92754,Marty Lindsey
08328942-493a-418c-b23b-3a70b84453ba,2026-01-19 21:03:35.600447+00,1236068,Kelly McNair
084ad997-03a3-4984-88c0-fdddf8243976,2026-01-17 22:45:04.743233+00,127558,Andrea Riseborough
084d7dae-6804-46c2-93aa-c5084e4bf272,2026-01-19 20:11:19.287269+00,1796123,David Garlick
08520252-ab7b-445b-923a-9160feb120e1,2026-01-19 21:11:22.959573+00,2248120,Teesha Renee
0882ba07-827d-4f6e-8d52-d477fa91baec,2026-02-03 07:02:20.808231+00,12438,Bob Balaban
08875c04-66fa-421f-b57d-bb9050c433c5,2026-01-29 05:37:22.221296+00,741,River Phoenix
08910e7b-29f4-4fef-99b4-4dc056002f54,2026-01-19 20:10:28.342928+00,1752147,Lucas Chartier-Dessert
08937c38-4dc2-45c0-8668-f1cd5423049c,2026-01-19 20:40:32.669862+00,15217,Zack Snyder
08a78a57-b5dc-4f05-8c12-260570e79b27,2026-01-17 23:10:23.514105+00,1394017,Colby Boothman-Shepard
08b2ab84-2a6c-4762-bc6d-677ca87d5e9f,2026-01-17 22:26:16.957396+00,740,Julian Glover
08cfb854-624d-4e43-921b-8893d788477e,2026-01-19 20:41:20.99353+00,116,Keira Knightley
08dbd9e2-4403-40e7-9463-fcd3b4b6e3ec,2026-01-22 05:17:53.061178+00,37089,Cameron Monaghan
08df5f7d-5c82-40d4-aff7-9801257151f0,2026-01-19 20:33:50.495522+00,3497,Kyle Chandler
09107e5d-3dc8-4a8b-9821-fee6359838f6,2026-01-19 19:58:49.575969+00,21179,John Benjamin Hickey
09240035-19de-4459-b2a8-9b8458ddf4e9,2026-02-03 01:23:53.163956+00,2152343,Nabhaan Rizwan
092e4e4a-6800-45b5-8d7b-50009463c4d2,2026-01-17 22:45:45.716092+00,158664,Mimi Cozzens
0935555b-e181-403e-b2fa-8323deffd550,2026-01-19 20:59:03.126627+00,2455,Christopher Wynne
093de7dd-9741-4fd6-b23b-f627228a6fb0,2026-01-19 21:07:04.37528+00,98103,Richard Ayoade
0953dadb-8e1d-4cdd-86e9-3d1406b3fbc9,2026-01-17 23:00:21.741698+00,553949,Shiho Niiyama
09619f58-9a1f-45bc-9cf5-9eb273d309f9,2026-01-17 22:31:43.771631+00,71375,Alden Ehrenreich
096e7ef9-a161-477e-a98a-0f2aed8ff0f1,2026-01-19 20:35:27.581284+00,54883,Michael Buscemi
096f7509-80c4-4a61-b717-af91741f18ed,2026-01-19 21:02:49.094684+00,97302,Lucy Tulugarjuk
09a2be4b-44fc-4c69-9f4f-f0ce0cf431fe,2026-01-17 22:40:30.733784+00,2338993,BriAnn Rachele
09c0b262-0238-4a04-8389-f1e0a9ed89be,2026-01-19 20:09:33.245912+00,17194,Chance Kelly
09daf5b2-90c2-42cb-b834-e1355d40cd7c,2026-02-03 06:54:23.759182+00,19159,Thomas Haden Church
09e04fd6-8c16-4966-b544-89242326e513,2026-01-19 20:34:35.85263+00,36592,Saoirse Ronan
09fba9e5-cd3d-41f2-b640-e43a3376d51c,2026-02-03 07:00:10.287557+00,2665,Julius J. Epstein
0a1e21f6-5c5d-4ad0-ba87-c21affb0d48c,2026-01-19 20:48:33.234012+00,1821650,Xolani Mali
0a271064-19d5-4a48-9716-6ef07f878902,2026-01-17 20:59:32.13461+00,1214366,Edward Kitsis
0a4eaa99-a5d3-4073-afbc-f923bed45289,2026-01-17 22:45:04.743233+00,120615,Tom Ford
0a60e192-a719-4a41-a139-81e05b3c2d4f,2026-01-28 04:23:18.309315+00,2498394,Tom Gorman
0a70ac49-aa02-4a58-a1fd-bd277dbe46bf,2026-01-17 22:44:09.652092+00,2046847,Leah Fredkin
0a7bf505-4724-4562-9776-671b7285dda4,2026-01-17 22:59:29.352628+00,202032,Ralph Ineson
0a7c0747-feb8-491c-9be7-e04f51a38068,2026-01-19 20:17:13.909263+00,9188,Billy Connolly
0a89172f-b0be-4b4c-878b-ddca4a3b07ed,2026-01-17 22:45:45.716092+00,60021,Christopher Evan Welch
0a971357-cd66-480b-928d-0374778e1298,2026-01-17 22:56:45.081716+00,19278,Bill Hader
0aa61455-b0d9-4886-acea-f28337da9fa6,2026-02-03 01:23:53.163956+00,40633,Jamie Parker
0aabe4a4-313f-45a4-bf25-5ca921f87519,2026-01-19 20:59:03.126627+00,31838,Danielle Panabaker
0acf9173-a467-4ca8-a8b7-10c3aa63a655,2026-01-17 22:57:30.935943+00,39959,Vlad Ivanov
0ad4b255-eabd-4bc9-93b9-c3ff670ae6dd,2026-01-19 20:22:25.68211+00,1303037,Taron Egerton
0ae0551a-bf8c-4810-a27f-6a6b8d8e0458,2026-02-03 07:01:08.804847+00,20510,Richard Johnson
0ae341dd-6fbf-499b-bdfa-af4792c8b5ef,2026-01-19 21:11:22.959573+00,1783268,Christian Adam
0aee18dd-723b-48c8-9991-d807492290b9,2026-01-17 22:24:38.382171+00,24342,David Prowse
0aeeb8b9-5827-4839-ab8d-9583b09246e4,2026-01-17 22:46:25.239342+00,1529443,Andrea Cagliesi
0b096ad9-e5d8-4871-883b-662de7cd8854,2026-02-03 06:58:49.243874+00,1730737,Ivy O'Brien
0b13f61c-9185-4f73-af82-c6eef4bfb5cd,2026-01-17 21:00:24.465906+00,72466,Colin Farrell
0b212dcf-c704-4347-96ee-39706ec12ca5,2026-01-17 22:43:24.48727+00,6588,Isabella Rossellini
0b2362d7-cd10-42de-a512-4a80948f5851,2026-01-17 22:40:30.733784+00,2338989,Harrison Nell
0b2eb6eb-99a8-428c-91a8-4a229d618ca2,2026-01-31 19:56:20.767461+00,4688032,Miles Caton
0b33beb9-c711-42b8-b987-c214a775808b,2026-01-18 01:03:45.515954+00,1003,Juan Moreno
0b4cbd52-2f61-4e74-97cd-44ae23ef459c,2026-01-19 19:53:23.12908+00,1095524,Lydia Wilson
0b4dfff0-6f30-46cc-a6d1-e920332c5685,2026-01-17 22:32:33.613381+00,129894,Gareth Edwards
0b63443b-4561-454c-b1e4-7c4a314b20b6,2026-01-19 20:39:28.61908+00,1612447,Tuomas Wäinölä
0b69c4a0-a4db-4b8d-b55e-8dde58c27b77,2026-01-17 20:58:40.883175+00,1243864,Ronnie Le Drew
0b6a79cd-dc21-4a19-9ac0-dce3f8ca9a65,2026-01-19 20:47:10.545294+00,3225965,Olumide Olorunfemi
0b6f9458-dd74-473f-b033-c0279f1a179b,2026-02-03 06:59:36.275135+00,1578223,Elaine Aiken
0ba39efb-ef0f-402c-b82f-e093582ab801,2026-01-25 22:57:22.603952+00,1360281,Lashana Lynch
0bbfc476-6a54-4df4-8a93-c6a1f8ccf2da,2026-01-19 20:44:32.104937+00,13939,Ritchie Coster
0bc49802-9bbe-4809-b7ea-d22993c85c29,2026-01-19 20:27:15.774259+00,10783,Robert Wade
0bd37909-bc10-4837-9cea-bc3d22696ec4,2026-01-28 04:23:04.431072+00,6576,Mark Rolston
0bfba955-1d73-491a-b55a-279ebe42d3b0,2026-01-19 19:50:48.244222+00,1372,Karl Urban
0c091cfd-da8d-4c7f-b7bc-842c7d61de5d,2026-01-19 20:45:22.505512+00,589162,Genesis Rodriguez
0c0b3621-5579-410c-9cef-6a0675b87f92,2026-01-17 22:47:11.909102+00,27,Eric Roth
0c1e24ff-d1af-4e78-a36d-ad9c394f43a7,2026-01-17 22:46:25.239342+00,1529408,Julian M. Deuster
0c291f10-f559-49ca-af25-7dbfa02ba8cf,2026-01-17 23:20:45.418369+00,565265,Chas Mastin
0c2ad83e-5a86-41e6-a8ee-bd720e8b0058,2026-01-17 22:28:40.767608+00,5531,Kiran Shah
0c2afb84-b0f4-46ae-a83f-35d2d0563f2c,2026-01-19 20:27:15.774259+00,10782,Neal Purvis
0c42632e-96f2-489d-8290-5f6d38d71ec5,2026-02-03 06:57:09.900217+00,2116384,Kate Rockwell
0c547ccb-029e-4402-b7b3-91cc48c6b558,2026-01-19 20:24:49.750006+00,85096,Stephen Blackehart
0c579fad-c818-4130-9f0c-b45db069e8fe,2026-01-19 20:43:25.604568+00,1195758,Winston Ellis
0c9e526b-3545-4ee4-88a0-7aae5beadb95,2026-01-19 20:53:43.767452+00,1228876,Jack Shearer
0c9f92eb-d41d-43ce-80e0-ac98ed583d5f,2026-01-19 19:54:23.60346+00,55636,Donald Sutherland
0ca52a9c-3091-4eff-ad36-736c405c7f60,2026-02-04 06:28:36.488135+00,18973,Mila Kunis
0ca7b923-4e54-4d4e-a1d8-354bd6c8c21b,2026-01-19 20:59:03.126627+00,1234262,Khadijah Haqq McCray
0cc5e0b8-1a1a-4e36-a0ef-f1de0ec17dca,2026-01-18 00:39:56.661624+00,59174,America Ferrera
0ccd7ebe-6e7e-4fa2-beda-22a5d3e96388,2026-01-18 03:05:04.679854+00,986734,Kelly Kilgour
0cfa0e28-ef0e-44cc-97cd-2afae77aaca5,2026-02-03 06:58:49.243874+00,171459,Robert Sella
0cff8cb6-005e-47e5-8dec-8a38405e3572,2026-01-19 20:04:27.862377+00,9777,Cuba Gooding Jr.
0d023fcc-5712-4522-accb-c1970d7a6226,2026-01-19 20:08:50.340044+00,13242,Paul Giamatti
0d03a9fd-4cf7-4126-877f-6da02c8ad23c,2026-01-19 20:36:11.709119+00,3131,Antonio Banderas
0d06f53b-b7da-45db-8a38-5c5f1500d720,2026-01-19 21:10:09.395074+00,1821522,Brandon Melendy
0d2481e6-1336-4aaf-a88a-21cf693ccbb7,2026-01-17 23:24:46.157888+00,12041,Julia Stiles
0d3add80-c14d-4b6c-97dd-1a0260ea5843,2026-01-19 21:02:49.094684+00,47627,Janet McTeer
0d45f7cf-ba71-4dcd-b2c0-6e2df86bdd3a,2026-01-17 23:11:08.000867+00,13014,Toby Jones
0d4f89bd-8346-4dba-a4ae-6ae50d3e9ad0,2026-01-19 20:08:50.340044+00,12838,Joerg Stadler
0d6486c7-0030-419c-86f3-95023625e7e0,2026-01-17 22:52:22.775658+00,202080,Sydney 'Big Dawg' Colston
0d65e3d4-86ed-4233-a4e1-5443a049c12b,2026-01-28 04:23:04.431072+00,5063,Joseph Ragno
0d7a4bbb-1eaa-42e4-bbc0-fcce0457d3df,2026-02-03 06:55:23.857556+00,1221198,Bob Okazaki
0d87a41c-8ae8-4e3b-8d32-bc6a0109645c,2026-01-19 21:07:51.9608+00,969045,Chris Sheffield
0d8f60f2-13ac-4476-873f-eb2f9cf2fe59,2026-01-17 22:33:34.122707+00,1224251,Erin Gerasimovich
0d9d790d-2cb2-4d79-bfa8-c6e898695480,2026-01-28 04:23:33.561869+00,1077276,Enzo Petito
0da8cc44-d91d-4cda-83ea-2c15b9b8486a,2026-01-17 22:42:40.386287+00,2274,Miriam Karlin
0df60836-78e2-4418-bceb-05f09a176cd9,2026-01-19 20:23:59.992531+00,17354,Todd Boyce
0e4c0863-e864-4a83-98dc-d538134758cc,2026-01-17 22:50:05.222332+00,2505813,Beatrix Perkins
0e540433-ac59-4f31-97a1-315103fd5952,2026-01-30 04:44:11.176867+00,60073,Brie Larson
0e6108e1-5e1d-4e56-b3b8-6fa0c6793297,2026-01-19 21:04:21.834691+00,16841,Brett Cullen
0e67d273-7b55-40d7-89d8-b19f97c6b803,2026-02-03 06:59:06.475854+00,5377,Ato Essandoh
0e6d60b8-6a60-44d7-b436-4376bac18bdd,2026-01-19 19:56:28.252593+00,2410005,Paul Campbell
0e9d1a57-bc18-4fd1-b7bc-f6b3c76d334f,2026-02-03 06:54:56.708103+00,126932,Elisabeth Röhm
0eaa6335-4639-4969-a2c6-6608c6fc0481,2026-01-17 23:05:08.032093+00,4173,Anthony Hopkins
0eb8d69c-581d-447c-ae93-31732046b79f,2026-01-19 20:26:22.060362+00,18277,Sandra Bullock
0ebd759b-2396-46fc-9b34-064b65dd1837,2026-01-19 20:58:13.667013+00,20644,Aasif Mandvi
0ec10606-f1c6-42b5-a1a0-274c8d12a5e3,2026-01-19 19:52:34.945104+00,180997,Nazneen Contractor
0ec774d2-43d3-4508-84fd-ccf71658c187,2026-02-03 06:54:23.759182+00,16566,George P. Cosmatos
0ed7c804-c2d4-413d-bcce-e60fa5d94ef7,2026-01-17 22:58:32.765261+00,1204,Julia Roberts
0ee52678-1ce8-43d8-a573-5ed6dd6847f0,2026-01-19 20:13:49.671069+00,123457,Chloe Greenfield
0ef9ce8d-3d47-4997-a292-938c2e757d29,2026-01-17 23:22:52.280198+00,1266686,Yura Borisov
0f094507-7fcd-413c-a7cb-a1fea183f191,2026-01-28 04:23:18.309315+00,5254,George Voskovec
0f2e9e28-2653-446b-a31e-e29678329fea,2026-01-17 22:30:37.956531+00,131680,Chris Terrio
0f2ef428-f131-4874-af78-1051de15af46,2026-01-19 20:33:50.495522+00,89626,Reda Kateb
0f7f8035-cfa0-4ed3-8f7a-562636ec56ad,2026-01-19 19:58:49.575969+00,103554,Isabel Lucas
0f968745-90ac-4a0e-adb9-d2dd6b848a1c,2026-01-19 20:03:20.643674+00,3002060,Tobe Nwigwe
0fa56076-f996-465d-8838-c7e13035be0d,2026-01-19 20:23:59.992531+00,2074238,Olivier Richters
0fb1a7d0-771d-4e1d-ba0a-54f4cb637b7a,2026-02-03 06:56:26.157503+00,6905,Bruce Dern
0fbe2e15-7e1d-4d00-9db3-823aa6454599,2026-01-17 22:31:43.771631+00,1624770,Aaron Heffernan
0fc32be8-2b91-4879-a0fe-5678e370c6a3,2026-02-03 06:56:12.237051+00,2234702,Doug von Nessen
0fd14803-6c48-4c71-8697-6ced272d364a,2026-01-19 19:56:28.252593+00,10489,Jack McGee
0fd48181-f902-4ada-9bc5-648e4489ff02,2026-02-03 06:53:39.184287+00,1123,Andy Beckwith
0ff129a8-a213-410d-b451-46a61d683074,2026-01-19 02:24:59.225425+00,60120,Tina Benko
0ffad5da-a76c-4ead-a33f-7b4c537c055c,2026-01-18 00:39:56.661624+00,138620,Kieron Elliott
10024ba2-e362-421e-a1ea-8e060d442655,2026-01-17 21:01:34.335863+00,11007,Ray Park
1010473b-7e4b-495f-9dad-43cd6fcc6878,2026-01-18 00:39:56.661624+00,51990,T.J. Miller
1014c07c-4756-408a-be5a-7e975351c584,2026-01-19 20:00:54.469233+00,83586,Ken Jeong
10229cff-6051-436a-a6ee-81aaf53164f5,2026-01-19 20:26:22.060362+00,3687348,Toshitaka Katsumi
1023e2d5-8c8b-41d0-860d-8ea8743e75b1,2026-01-19 20:14:48.378859+00,15886,Julia Louis-Dreyfus
1024ff51-6650-4de9-b0c0-d44f9a01d969,2026-01-19 20:58:13.667013+00,20491,Vanessa Ferlito
1040614f-c4b3-4a65-bb3f-fd26303402f5,2026-01-17 23:25:25.787696+00,20362,Jill Clayburgh
10587fa7-54f1-40cd-814d-c34eb3a5fd89,2026-01-17 22:26:16.957396+00,3799,Billy Dee Williams
1059d3bb-4685-4ee4-9386-faeadd01a6c3,2026-01-25 22:57:22.603952+00,2612315,Mathilde Bourbin
109922b2-6463-4148-950e-4cad58f26ff2,2026-02-13 05:52:58.243454+00,10993,Tom Felton
10cf3847-f149-45e3-bb6b-a8c914a98396,2026-01-19 20:44:32.104937+00,64,Gary Oldman
10d128cf-b36c-4d70-9d46-a85d96fb5306,2026-02-03 07:01:08.804847+00,54014,David Hayman
10d6f097-3251-4c0c-897d-51882eca7815,2026-02-03 01:23:53.163956+00,40311,Adrian Scarborough
10e4569b-e002-4b0b-aa94-a9ebfdbd3276,2026-01-17 22:56:45.081716+00,3223,Robert Downey Jr.
10f7997f-dda0-4f4d-a8a2-0602a294126d,2026-01-17 23:17:23.981754+00,15311,Christopher Pettiet
1101db4d-bdb8-4b5f-8c95-98cec5c08fff,2026-02-03 06:59:06.475854+00,27740,Walton Goggins
11167afa-1d70-4051-a160-391863cb2454,2026-01-17 23:24:13.433653+00,155282,David Cubitt
112002c9-d9ff-4e2a-b92f-86e8ec20ebf8,2026-01-19 19:54:23.60346+00,58352,Jimmy Shubert
1120051b-e822-4836-ba91-ea5332cad1ed,2026-01-21 05:45:56.025826+00,15659,Marianna Hill
1123409a-c5d2-4e71-b8aa-57a8fb69e700,2026-02-03 06:54:08.464148+00,129104,Melissa Benoist
1135ba43-c7e4-4a33-996f-5f35b26f83cf,2026-01-19 20:03:20.643674+00,1560244,Anthony Ramos
113cbf94-a41b-4e20-af16-a871d5e2ae97,2026-01-28 04:23:18.309315+00,5250,Jack Klugman
116b10fb-6347-4c72-97c4-278adb525678,2026-01-19 20:49:42.186009+00,30487,Peter Crombie
1177c2c9-e954-46dc-a3f9-2211ca2fef79,2026-01-17 23:22:52.280198+00,4937027,Sophia Carnabuci
119b4f9a-cddb-4fa6-8e70-6eaa4a706ff3,2026-01-17 23:24:46.157888+00,1271784,Patsy Meck
11b1b7d0-baf4-4d0c-8f09-eead5712da30,2026-02-13 05:51:24.87582+00,30697,Jim Meskimen
11bec63f-7702-4e67-bb03-3a68543c1b88,2026-01-17 22:36:15.382506+00,4937,Vince Vaughn
11c5661c-c987-4dee-bf56-0443e51762ed,2026-01-17 23:24:13.433653+00,87708,Gian DiDonna
11cc4e83-75be-404e-88e0-124d8695db7c,2026-01-19 21:00:39.344128+00,1529184,Bernardo P. Saracino
11d12606-fc26-4b22-8c83-be1701b85389,2026-01-28 04:23:04.431072+00,1624179,Scott Mann
11d2379b-9c31-411e-a8d5-12625445b685,2026-01-19 20:22:25.68211+00,969021,Matthew Margeson
11e9c112-1ba6-4859-aa4d-cc54071d6a50,2026-01-19 20:02:24.1983+00,20070,Jim Carter
11ec30d4-e20f-4136-aff2-9c56178396df,2026-01-19 20:22:25.68211+00,1282054,Sophie Cookson
121e1e30-a9dc-4550-b684-7989e5bb7396,2026-01-17 22:24:38.382171+00,131625,Shelagh Fraser
12212b1f-5025-41bd-992f-5da8e6ae4c8d,2026-01-19 20:37:45.151048+00,51732,Rodger Boyce
1222bcdd-b0c7-4abf-bddb-2a9e110b95b0,2026-02-06 06:34:32.707167+00,1172108,Mckenna Grace
1225cfb1-a253-420f-bd41-46a3b9bf43cc,2026-01-18 01:01:14.104724+00,7882,Jeff Pidgeon
12297c5e-0e23-4639-8c9f-6723e915c1d1,2026-01-17 23:26:09.781518+00,21007,Jonah Hill
126325dc-fdb7-4443-b477-a3ef787acc7c,2026-01-17 20:52:07.23447+00,236598,Kara Wang
12661735-ace8-48fc-b4d2-5afa9045f119,2026-01-17 23:22:52.280198+00,4338956,Vache Tovmasyan
126d7f14-3b90-4de7-b57f-fda2c6e3f704,2026-01-19 20:09:33.245912+00,1530530,Jason Hall
1289bfe7-1265-4ffa-b216-81abea87ad57,2026-01-17 23:10:23.514105+00,170635,Andy Buckley
12a0209c-62d1-424a-98d2-93e16f661ae0,2026-01-19 21:07:51.9608+00,1310760,Ki Hong Lee
12b70b8f-b48a-4b9a-a018-f8cfc3be7a29,2026-01-19 20:47:10.545294+00,1225043,Sian Webber
12c41dfd-a3f0-49b2-b100-6da0bed81d7f,2026-01-17 21:16:52.611237+00,1167087,David Bowers
12c9bdda-4737-406c-901e-972c70011a2f,2026-01-19 20:56:41.401173+00,11804,Duane Whitaker
12cecd0b-0a5a-43cf-b60d-b5963e46abdb,2026-01-19 21:10:09.395074+00,39189,Stephen Merchant
12d03961-e563-4d4d-b72b-b6a503f5996d,2026-02-04 06:28:36.488135+00,17041,Robert Wu
12d833f1-6f97-45de-ab09-140f1bf01886,2026-02-03 07:02:57.923828+00,61216,Vyto Ruginis
12db83e2-5fdd-49d9-933f-bc1f523b0f2a,2026-01-28 04:23:18.309315+00,5249,E.G. Marshall
12dbf7ba-afe5-4799-954d-c5786b141920,2026-01-17 22:59:29.352628+00,1725095,Athan Conrad Dube
13076364-d7ee-48b0-8800-148372efc14c,2026-02-03 06:55:09.790833+00,2912402,Justin Whitsett
130df112-e80f-4aeb-a890-a84256140a32,2026-01-19 20:11:19.287269+00,2463592,Gary Bates
131d48ba-6537-4b59-9561-0f701598b2fe,2026-01-17 23:25:25.787696+00,2004282,Lucy Roucis
13454894-daab-48c3-9808-a18567266cac,2026-01-18 01:22:42.065357+00,7087,Brad Bird
13465046-cc36-42e0-8322-7afaae62e6f7,2026-01-17 23:19:57.950471+00,2379292,Ryan Holladay
135c52bf-f68b-4103-9d75-ea13fc8e0893,2026-02-03 06:58:34.533714+00,3773491,Yoshio Matsuoka
13877180-27ff-4d9f-9373-a9d0f6f84f4f,2026-02-03 06:57:39.669237+00,5895151,Sully Seagull
13958d68-54a3-409c-a852-29f33d1cede2,2026-01-18 01:01:14.104724+00,24358,Lori Alan
13b36946-faf0-4ee7-b5d5-cf635a961980,2026-01-19 19:53:23.12908+00,58189,Justin Lin
13c38ab5-00e4-4b47-8b49-3e2df08910c6,2026-01-19 21:01:59.862385+00,167862,Omid Abtahi
13c83eb9-58a4-482a-967c-6148f9692ab3,2026-01-19 20:26:22.060362+00,1746630,Jenson Cheng
13d224d4-292e-4a8c-a37b-3ef18c38e7a6,2026-01-19 20:13:49.671069+00,1543461,Strike
13d29728-1300-4190-a1a1-bdae3139b5ba,2026-01-17 23:19:57.950471+00,2438324,Callie Schuttera
13d2fcec-165b-4ecf-8784-dd258d518759,2026-01-17 22:52:22.775658+00,1129738,George Maguire
13f13f4e-f7b3-4074-b0af-5b7d86def726,2026-01-18 01:01:14.104724+00,78317,Bob Bergen
142c68c7-d7bd-4344-89a2-bfdaf6236618,2026-01-19 19:57:52.038557+00,2520397,Brian Shehan
1435c9a0-02a9-4990-b1e1-76c3b81c708d,2026-01-17 22:45:45.716092+00,1226302,Jillian Bell
14476c79-f704-4585-9c64-fc1f7b3514ca,2026-01-19 20:33:50.495522+00,25616,Edgar Ramírez
14636f45-1317-4936-a567-26543dc5de1f,2026-01-18 01:03:45.515954+00,5470,Kristin Scott Thomas
14685155-c57d-4192-beb3-98bc60362123,2026-01-19 20:58:13.667013+00,7630,Alvin Sargent
146e5997-53df-4455-be9d-f4d387da724c,2026-01-19 20:47:10.545294+00,165359,Stewart Alexander
147c7405-9790-46f1-945c-43ba7a659984,2026-01-19 20:14:48.378859+00,3469777,Ryan Lott
14dfc0cd-cac7-424d-bde6-838b6d6038a4,2026-01-19 20:18:30.486515+00,1365,Lawrence Makoare
14e0fd6d-70a8-407a-9773-89aab7081c96,2026-01-17 20:57:19.493617+00,1637728,Barbara Singer
15210914-4745-43ad-ad96-b267e24532e3,2026-01-19 20:41:20.99353+00,1714,Angus Barnett
1521e741-7ebd-4c4c-bc60-56f454d93b84,2026-01-19 20:10:28.342928+00,1522166,Julia Scarlett Dan
15415c06-9b1a-4dac-9c68-99c0f2b2ae2c,2026-01-28 04:23:18.309315+00,5260,Kenyon Hopkins
157e7509-0278-4f73-9ceb-7af985410613,2026-01-17 23:22:52.280198+00,4670423,Luna Sofía Miranda
1586ee47-f6fe-40a0-a835-8d9445b9fdff,2026-01-28 04:23:04.431072+00,2555,David Proval
158bad25-d5de-4735-9f9a-ec99a3763dc5,2026-02-12 07:07:55.251269+00,64868,Oliver Wallace
1591382d-888b-4c5f-a624-3e904bdab33f,2026-01-17 22:33:34.122707+00,935990,Aaron Guzikowski
15dc3340-b23b-4a1c-82b4-3872d5bf2ee5,2026-01-17 22:37:28.53073+00,1257724,Shevy Gutierrez
15e40260-0454-4c92-92c7-d1455fc877c7,2026-01-17 22:37:28.53073+00,1677346,Jack Sochet
15e68c72-fd23-4b33-a683-45a3325bb0b9,2026-01-17 20:57:19.493617+00,4104004,Alycia Ripley
1618d687-cc7f-4b04-9577-1b37968f4fa1,2026-01-17 22:29:42.013994+00,1663195,Kelly Marie Tran
161befe0-0c43-4778-84e2-61d786d2ca37,2026-01-19 21:11:22.959573+00,2908886,Pat Fisher
16248112-8fc6-4ca0-bc0a-0cd20dcbd841,2026-01-17 23:19:57.950471+00,83873,June Diane Raphael
1626a337-f501-4575-a160-b578fc42de72,2026-01-17 22:31:43.771631+00,12516,Linda Hunt
16336247-a58b-46c9-8295-25ba77bc292c,2026-01-17 22:52:22.775658+00,17449,Bob Stephenson
16727eac-532b-42ad-beca-4c7a05102b1f,2026-01-18 01:22:42.065357+00,137332,Jan Filipenský
168829fe-50d2-474b-a06e-85de14aceb69,2026-02-03 06:55:23.857556+00,593,Joanna Cassidy
16a1256d-3417-47e4-967b-aaff9eb55b13,2026-01-17 22:43:24.48727+00,1532567,Paul Stephen
16b7bf53-40ae-4d8b-a79e-a7c48a2abce6,2026-01-17 22:56:45.081716+00,53336,Brandon T. Jackson
16c9094b-20ef-4e17-9a4a-b4415d40b3b8,2026-01-17 22:42:40.386287+00,24718,Michael Haughey
16d375a0-a5c6-42ac-8295-5d13a778db09,2026-01-17 20:58:40.883175+00,4821279,Avy-Berry Worrall
16d8d231-747a-4c4b-af30-ee882917a6a0,2026-01-17 22:47:11.909102+00,1622,Chang Chen
1701c5fb-3dd3-49b3-b283-20241a246768,2026-02-04 06:28:36.488135+00,4139,Tom Skerritt
170507cc-b553-4fc4-b6fd-6d6f7918eee0,2026-01-17 22:26:16.957396+00,8844,Lawrence Kasdan
1707fda1-59b1-40a6-a8d3-8fd77002a345,2026-02-04 06:28:36.488135+00,20472,Norah Jones
17213bd4-1e81-4065-9e0e-5a2e8f0f4176,2026-01-17 23:11:08.000867+00,1083177,Charlie Rawes
1730f7aa-29c3-48fe-b6e7-2b8461abd173,2026-01-17 23:20:45.418369+00,1402326,Joanne Gordon
174effae-84c7-4646-9348-1c3a4de1083e,2026-01-19 20:50:27.706889+00,41565,Nate Torrence
17617d87-a533-47ff-9afd-65f9717e7302,2026-01-17 23:10:23.514105+00,18997,Bryce Dallas Howard
178bf919-105a-44b1-862f-2210fcaeb439,2026-01-28 04:23:33.561869+00,4078,Lee Van Cleef
17928f97-2487-49a3-8d24-7e58783e1051,2026-02-03 01:23:53.163956+00,2157935,Tommy French
1799152a-c076-4153-9d37-bfd411cee999,2026-01-17 20:58:40.883175+00,2871745,Alfie Todd
17dbacf1-a999-4264-a593-b259f8c2006b,2026-01-19 20:01:35.925296+00,3971,Sophia Myles
17e51f58-9c8d-434e-ba6a-3958a2671eef,2026-01-28 06:09:46.680089+00,6620,Rob Lynds
17ea8ec0-f977-44b5-a121-6c8976dbc397,2026-01-19 20:56:41.401173+00,2165,Rosanna Arquette
17f6046a-6c8d-412f-89a0-9dc24a2c066b,2026-02-03 07:00:33.374034+00,1171570,Jacob Lofland
17f9717f-47aa-411a-ba6a-b5be4dbb16ef,2026-01-19 20:13:49.671069+00,345,DJ Head
1806cfff-cf29-43cb-84d4-f629282894da,2026-01-17 22:57:30.935943+00,1049409,Adnan Hasković
1838cc89-57d9-467d-b99d-32a350f0e4f6,2026-01-19 20:36:11.709119+00,1163789,Sophia Ali
1838fcfa-9f27-4ff8-aeb6-6eb05d8c4d30,2026-02-03 07:01:08.804847+00,1292213,Attila Egyed
1842c394-c581-4215-9e7c-38784c78ab69,2026-01-19 20:32:23.380717+00,929937,Stephanie Sigman
1863f1c4-744c-496f-b47d-d4bb6be77b2d,2026-02-03 06:59:54.97064+00,1077947,Sebastián Haro
186d7d42-fb7d-401e-bab5-670bf57c60fe,2026-01-19 20:10:28.342928+00,7013,Mark Camacho
18749572-252d-4ae4-8466-052f57a5edb1,2026-02-08 09:39:00.152385+00,2309646,Sandino Moya-Smith
187d1e56-0794-498c-895b-1148acc6aad3,2026-01-17 22:35:19.14754+00,5553,Harry Gregson-Williams
18a0e3cf-8d98-4191-b819-daaa08d3f8b5,2026-01-17 23:08:53.869289+00,12074,John Lithgow
18a21a58-42bc-4992-bbc9-c9d18834caee,2026-02-03 07:02:02.406531+00,2550503,Christian Howlings
18b4f8e2-f880-491a-b071-4a4854bea1d8,2026-01-19 20:59:03.126627+00,1227102,Loren Berman
18d4fb57-caf8-42ec-9ce4-97cba33fdea9,2026-01-17 23:02:24.065288+00,222089,Ian Harding
18e4e846-0b5b-490c-8c15-c808b235981c,2026-01-19 20:52:47.996974+00,22226,Paul Rudd
190fbdf6-3484-428f-8e5c-dd3cf0fd0372,2026-02-04 06:28:36.488135+00,17200,Bill Smitrovich
19597cd4-6ad8-4e11-9916-735f6a0d5293,2026-01-17 23:25:25.787696+00,9182,Marshall Herskovitz
19614eaf-92a3-4506-a253-10e469501504,2026-01-17 22:31:43.771631+00,6159,Ron Howard
198b4c58-3d73-4c38-ad28-731ea9119419,2026-01-19 20:23:59.992531+00,1404094,Dominic Lewis
198ecc0d-1919-4f9c-abd5-6b9865f0476d,2026-02-03 06:54:56.708103+00,5419,Saïd Taghmaoui
198ffaca-2948-4ad8-b4f0-f3393e52beaf,2026-01-17 23:01:33.438696+00,1837297,Damson Idris
19a2adeb-e17f-4139-a27e-c3ad002ad4b2,2026-01-17 23:02:24.065288+00,1472,Ray McKinnon
19aa90f5-c9cf-461b-8b6d-7423a786f1a7,2026-01-19 20:38:31.276443+00,964679,Teyana Taylor
1a0dd7b4-838f-4380-b119-a83c7d7a83be,2026-01-25 21:09:24.781349+00,2478772,Cho Jae-myung
1a229161-9e8d-4894-bc41-36bad89cc0e8,2026-01-19 20:36:11.709119+00,1561310,Georgia Goodman
1a49967b-6358-4b98-91f0-805f95e39f47,2026-01-31 19:56:20.767461+00,2455272,Jayme Lawson
1a59118c-c78d-44bc-a989-6dcaf278fdcd,2026-01-19 20:30:21.715385+00,69865,Jesús Ochoa
1a61dbd1-36c5-4f57-895b-ac97407516de,2026-01-17 22:35:19.14754+00,147,Michael Madsen
1a73326c-bb6b-4a04-bd71-fa533e870621,2026-01-17 22:58:32.765261+00,1884,Steven Soderbergh
1a7a67e8-c8c8-4700-971a-e2481a39092a,2026-01-17 22:36:15.382506+00,7399,Ben Stiller
1a8a074c-af8a-4c0a-b9b8-19e12cf0c2cd,2026-01-19 19:54:23.60346+00,58348,Stefano Petronelli
1aa3d41d-4aa3-40a8-8308-cd1e0c90d15c,2026-02-03 06:56:38.758462+00,2764542,Cooper Hoffman
1af10afe-505b-4da6-b290-9cc3d47c80f4,2026-01-29 05:37:22.221296+00,3038,Gary Riley
1afb89df-167e-40bd-a70b-3931df3c342d,2026-02-04 06:28:36.488135+00,130836,John Viener
1afc6fac-d08f-4e22-9d3f-6068419dd22f,2026-01-19 20:13:49.671069+00,217173,Mike Bell
1b033d59-d5bb-440f-8e0e-583b007058b7,2026-01-17 22:28:40.767608+00,11108,Simon Pegg
1b269f7e-7220-4cd4-bcab-1d0f88757d71,2026-01-17 20:57:19.493617+00,59233,Scoot McNairy
1b4563dc-b211-4913-a837-0310dac695b1,2026-01-19 19:52:34.945104+00,58508,Joseph Gatt
1b7b57cd-4e66-47f8-a762-3e5e97a43a9c,2026-01-19 21:00:39.344128+00,52886,Jeffrey Donovan
1b8feebd-92aa-4697-b6a2-1aa5b2e971b6,2026-01-28 06:09:46.680089+00,6619,Ralph St. George
1bb0d2ce-af01-48ca-9922-59acf73364cc,2026-01-19 20:08:50.340044+00,12832,Robert Rodat
1bda1d93-5d6a-4c3c-b675-21301c492fd6,2026-01-19 20:24:49.750006+00,12132,Michael Rooker
1c16b3e0-e5db-450f-bbef-35bd4f036c45,2026-01-19 21:03:35.600447+00,1990,Brian Howe
1c44b49f-65e2-4ad5-873b-2524d27b4a69,2026-01-19 21:10:09.395074+00,1822971,Anthony Escobar
1c5280d3-8251-43f0-b167-e43620176d32,2026-01-28 06:09:46.680089+00,6621,Dan Washington
1c68aece-32f6-4910-a503-9c658003ddde,2026-01-17 23:24:13.433653+00,172496,Sam Behrens
1c73dbc3-56e4-48fa-b995-a3530019b90e,2026-02-03 06:59:36.275135+00,170957,Thomas A. Carlin
1c7a1245-4821-432a-83d3-d3d45b8082ee,2026-01-17 23:22:52.280198+00,113332,Aleksey Serebryakov
1cbad2d4-ace0-4c29-ae56-3ef38056ad1b,2026-01-19 20:03:20.643674+00,112948,Jon Hoeber
1cceb1b9-30c1-4992-8180-32f81203ea87,2026-02-03 06:55:09.790833+00,74588,Kaili Hollister
1cd51d9c-6979-42a5-961c-c8a7b76af9f2,2026-01-19 19:48:15.066607+00,929145,Lorne Balfe
1cd5e81e-8df0-4209-bda5-d3f5160497cc,2026-01-19 20:51:49.257029+00,37008,Michael Bailey Smith
1cd85ad6-278d-4682-b610-c03896aac2de,2026-01-17 23:05:08.032093+00,183640,Danny Darst
1cf2f203-b836-4700-84fb-5b571881523a,2026-01-19 20:57:24.797871+00,125024,Ron Perkins
1cf58692-970e-4d96-b1ae-0c92a34ee7d8,2026-01-17 22:52:22.775658+00,7498,Eion Bailey
1cf6a837-e629-4fac-8ab3-e6567e2d0394,2026-01-17 22:53:05.33733+00,2710333,D'Pharaoh Woon-A-Tai
1d146fe6-c44b-4ce6-bc56-5aaebf9e249b,2026-01-17 23:16:27.745856+00,1484404,Sue Wallace
1d177719-5bc7-4824-83c8-d8b843bcd40f,2026-01-17 22:32:33.613381+00,1401796,John Knoll
1d21368d-aa7f-4229-beb0-9e5fe1f28c8b,2026-02-03 07:02:02.406531+00,1302199,Gabriel Andrews
1d292e89-5607-490f-92bd-f5e3d6270007,2026-01-31 19:56:20.767461+00,135651,Michael B. Jordan
1d5f47a8-a490-4622-9b30-78002d6c8e5b,2026-01-19 21:04:21.834691+00,49735,Aidan Gillen
1d748e85-1125-4960-b810-bdc5f4caa35d,2026-01-19 20:35:27.581284+00,1925068,Charlie Wachtel
1d775029-4bdb-4a76-8a38-cde76c94c99a,2026-01-17 23:18:39.447854+00,1539,Rick Overton
1d9c30bf-046d-449a-ae64-02e717cd6dd1,2026-02-03 07:02:02.406531+00,25732,Curtis Matthew
1da86e4c-5d8f-4e8a-9dfe-d748143269f8,2026-01-19 20:36:11.709119+00,4948619,Anthony Thomas
1db086c7-9e5e-4a84-8143-9ca06a846ebd,2026-01-18 03:05:04.679854+00,15853,Wes Studi
1dbb46f8-d947-436e-954a-d27bcb5cbfe7,2026-02-03 06:57:18.430254+00,87192,Mike O'Malley
1dbd5a98-f9ce-4ede-ba8b-62c16cdab970,2026-01-18 00:41:25.966535+00,37205,David Vadim
1dcfeec4-6507-4f78-ad3c-6c680b3233c7,2026-01-19 21:00:00.229847+00,104632,Sylvia Hoeks
1dda91c5-9b31-4990-85b9-17cac54fe500,2026-01-17 20:50:09.746171+00,17288,Michael Fassbender
1de4ab9f-5753-470a-b7e9-2bc97f24111a,2026-01-17 23:06:38.627612+00,20088,Jolene Purdy
1dea9718-2ecf-41d3-b6c5-6fe775c5d376,2026-01-17 21:00:24.465906+00,1560348,Denise Dal Vera
1df2bbff-72c3-4a64-bb7d-29ecf9678cca,2026-02-08 09:39:00.152385+00,83602,Dwayne Boyd
1df903ed-f279-4d81-bcc5-5ece387541d4,2026-01-17 22:58:32.765261+00,1886,Ted Griffin
1e05848c-94be-4ec8-a818-6b45856c2773,2026-01-18 01:13:49.934221+00,1323376,Alan Lovell
1e56a99a-81ad-4db3-9b4e-e89d014bf335,2026-01-19 20:30:21.715385+00,574355,Glenn Foster
1e5ab560-40f9-4195-ac4f-bbad08871c82,2026-01-18 01:13:49.934221+00,2386,Brannon Braga
1e5ce022-4bd3-42d2-ad9e-61c173cc0df3,2026-01-28 04:23:18.309315+00,2651,Edward Binns
1e694f1b-831a-4c10-99ca-c8f0c211ebaf,2026-01-19 20:09:33.245912+00,549063,Troy Vincent
1e79d48e-492b-4737-aca6-9e35565e2039,2026-01-19 20:23:59.992531+00,5644,Alexandra Maria Lara
1e84b3f1-c7e4-4f37-a989-721fd2198516,2026-01-17 22:24:38.382171+00,5,Peter Cushing
1e8b24ca-e8e1-42be-b9a9-6f706beb2021,2026-01-19 20:38:31.276443+00,35705,Regina Hall
1e991f6e-5acf-4eae-9557-eb5784d1b88d,2026-01-17 22:24:38.382171+00,663,William Hootkins
1ea96119-afa1-4e9a-ae0c-0befdc40094e,2026-01-18 01:13:49.934221+00,10862,Dominic Purcell
1eb1776d-253d-400e-ad86-514c59bbf4b3,2026-01-19 20:23:59.992531+00,229961,Shaun Scott
1ecc2d71-cab9-4c0f-b1b8-9815e7ccf411,2026-01-19 20:07:07.510359+00,2599915,Riana Duce
1ef94d15-8906-4f06-abd8-2570c0828129,2026-01-17 22:42:40.386287+00,79207,Mark Fergus
1f4e77b2-c27d-4e79-bab2-7352c7859741,2026-01-19 20:34:35.85263+00,19511,Larry Pine
1f9008f6-2a21-4856-a863-9850bb106a19,2026-02-03 06:54:23.759182+00,4316,"Harry Carey, Jr."
1f9f1a7a-b330-4527-a35a-be0aa66f558a,2026-01-17 20:52:07.23447+00,86270,Joseph Kosinski
1fc3d5ff-4707-4111-a28c-7c602cbffbfa,2026-01-19 20:47:50.65056+00,36594,Juno Temple
1fc76d47-52d7-47c8-8eb5-a5f2a97da661,2026-02-03 07:00:44.192947+00,23539,Zach Helm
1ff3106c-d12b-4ed5-bafd-9d03e53cab19,2026-02-03 06:55:09.790833+00,107406,Don Henderson Baker
1ffddb1f-8976-4e78-99bb-1d2bee756af5,2026-01-19 07:55:07.374835+00,3143,Rudy Bond
20030d80-078a-49cc-8f26-1ae7e72af5fc,2026-01-19 19:54:23.60346+00,5897679,Christopher Moore Jr.
200e9fd9-8a48-4794-998d-e8590398597d,2026-01-17 23:24:13.433653+00,1872737,Jake Carpenter
2019d9a1-b352-45b4-967a-51ec8ccaae84,2026-01-19 21:01:59.862385+00,58356,Kerry Bishé
203628c6-7ad4-44aa-b7cb-df7694c6bce4,2026-01-28 04:23:18.309315+00,1437464,James Kelly
205b4016-73e6-477e-aa29-3e8ee5ede0dd,2026-01-19 20:46:24.087546+00,168309,Jeff Pinkner
206243d9-fcc7-4ccd-8c7b-7ff8c3e3c81f,2026-01-19 19:57:52.038557+00,18471,Anthony Anderson
206709d9-cfe3-4793-9556-d2a4711e10e3,2026-01-17 23:01:33.438696+00,10701,Simon Kunz
20752fd2-6193-4e3f-b159-7b456e762a59,2026-02-03 07:00:10.287557+00,95054,Leon Belasco
207d2de4-df21-4a7b-bc0f-c36e935fa33f,2026-01-17 22:33:34.122707+00,1371108,Kyla-Drew
20862ef0-8a54-4850-b9db-ed24d9970e8a,2026-01-17 23:25:25.787696+00,54415,Josh Gad
2097ce7c-e321-4521-ba94-9155cae3f24c,2026-01-17 23:25:25.787696+00,104046,Bingo O'Malley
20ae2f47-e938-4bb5-8d8c-694ba118bc30,2026-01-17 23:17:23.981754+00,1212251,Michael Kopelow
20af93db-57e6-42fb-a905-0ef062c087cb,2026-01-19 20:06:14.816718+00,15196,David Hemmings
20b28e2e-d8d1-4b6b-a43d-f57c5276a4a0,2026-02-03 06:58:34.533714+00,3773498,Atsuo Omotem
20cef278-6307-4aec-8a4e-fe082ab6703b,2026-02-03 06:56:38.758462+00,3159120,Isabelle Kusman
20d74867-78f1-4806-bcf7-44f7a1ec691c,2026-01-19 19:48:15.066607+00,1312122,Frederick Schmidt
20de402a-63b9-4a98-b5f7-da1a4556ca65,2026-01-19 21:00:39.344128+00,1488513,John Trejo
211c071e-2efe-4d92-a6b7-81aa866bed17,2026-01-17 22:37:28.53073+00,1396124,Sosie Bacon
2134033e-f246-49b4-913a-192a78582cca,2026-01-19 19:50:48.244222+00,1749,Leonard Nimoy
21439201-c3e5-4ddf-bf12-6a2e405bd879,2026-01-17 23:00:21.741698+00,65437,Junko Iwao
214dc802-8e0e-42e8-b556-e9da15cb09aa,2026-01-19 21:07:51.9608+00,1036196,Dexter Darden
21737c4e-6737-4c4c-8e72-24205b3ea825,2026-01-19 21:07:51.9608+00,1395491,Randall D. Cunningham
219242bc-6fb3-4280-8459-c99e7a706db4,2026-01-17 23:00:21.741698+00,111531,Masashi Ebara
21bb5875-c948-4e0e-8ccb-20795c64ff9a,2026-01-19 20:22:25.68211+00,931785,Hanna Alström
21e8238e-ddba-4409-9144-29009bea0bb9,2026-01-17 23:24:13.433653+00,7796,Illeana Douglas
21f0fba3-4f7a-4e0b-bc83-4c1156df5b3b,2026-01-19 20:02:24.1983+00,1813662,Marcus Fraser
21f42b65-5944-4fc8-ae3a-827a13b97d4c,2026-01-25 09:07:02.591375+00,141458,Joseph McKenna
21f60341-83fe-43db-ac27-43846ab17489,2026-02-03 06:59:54.97064+00,16971,Maribel Verdú
22009fe3-89d7-4ebe-a456-9c044e9a232f,2026-02-03 06:58:34.533714+00,3773492,Masahiro Kanetake
222c3afa-67e6-4770-a755-601ce531e104,2026-01-17 20:56:17.679862+00,7229,Marco Beltrami
222d294e-6b09-4330-87ae-2478f5b81b7a,2026-01-19 19:56:28.252593+00,1722118,Jill Quigg
2231a605-98d9-4f9e-8633-072d0a154753,2026-01-19 20:59:03.126627+00,206112,Dustin Ingram
22391fc8-3737-4737-9607-6297677f6e4d,2026-01-17 20:57:19.493617+00,3250547,Alice Sophie Malyukova
22469a6e-1384-40b4-a801-907bf4ea8760,2026-01-19 21:00:00.229847+00,30614,Ryan Gosling
224bb4d4-727c-450a-93f5-79bcb76f44a0,2026-01-19 20:48:33.234012+00,1012463,Jeremiah Ndlovu
2250f675-efff-411d-8c07-4e96d8564686,2026-01-17 23:00:21.741698+00,553951,Teiya Ichiryusai
22532711-9b3e-4cc6-af56-d2d7391c3d21,2026-02-03 06:58:34.533714+00,72419,Michio Mamiya
22569ff6-8415-4845-9fc2-753679299b07,2026-01-19 20:57:24.797871+00,19326,John Paxton
22656dd2-f85d-4610-9dbf-3ea818fe1cce,2026-01-19 20:53:43.767452+00,6486,Dan Hedaya
2266bde1-ce52-495e-9a29-07a788e1cd39,2026-01-17 23:19:23.274632+00,1332416,Robin Hurlstone
2267aae2-b17f-453c-ae7b-c621033d94b7,2026-01-17 21:01:34.335863+00,31925,Hugh Quarshie
227da474-843a-4718-b839-807a9fce73e0,2026-01-17 22:46:25.239342+00,956,Guy Ritchie
229eaa7e-07ca-45ec-8e12-a87d1140de36,2026-01-17 23:24:13.433653+00,52420,John Newton
229fbd9f-7de3-4683-8142-b79b1554222f,2026-01-19 20:59:03.126627+00,44935,Lynda Carter
22a71836-de7e-4e78-94cb-b801cd0b17c5,2026-01-19 20:31:33.93137+00,2917099,Gordon Milne
22baab50-72b5-4d7d-bb4a-d6b41619f61d,2026-01-19 20:18:30.486515+00,1332,Craig Parker
22cf83c3-8d03-4eb8-8251-5097acd8de4a,2026-01-17 22:45:04.743233+00,1327613,Karl Glusman
22d09fca-d571-4243-bcdf-20715d5a59a1,2026-01-17 22:46:25.239342+00,227454,Alicia Vikander
22db93df-def9-4e19-9869-d1368cce7779,2026-01-19 20:15:31.141157+00,534336,John Callen
2307875b-4738-4667-8cfb-6738559b7cf1,2026-01-17 22:30:37.956531+00,17305,Greg Grunberg
2310f10f-468b-4d89-a6f3-795bc3063894,2026-01-17 23:19:23.274632+00,1004835,Jeremy Dawson
232859d6-3fb1-4bb3-a620-fc44e2d62ab8,2026-01-19 21:11:22.959573+00,2908895,Blair Nesbitt
2330487e-aa5c-47c4-9a02-b361585e39db,2026-01-19 19:47:09.453096+00,24247,Patrick Poletti
234aaf4d-00db-46ec-9b99-a197a17d541b,2026-01-17 23:08:10.282741+00,662,Don Fellows
2394104a-c5a6-4e6b-96fd-e375acd79fec,2026-01-19 20:02:24.1983+00,1769884,Rob Witcomb
23a21336-f305-4827-b1f5-1ee174ba5ce1,2026-01-28 04:23:04.431072+00,163979,John Horton
23a3e32c-5a9d-470d-abf4-20248b165f16,2026-01-25 09:07:02.591375+00,2254,Curtiss Cook
23a7b3e4-1f35-4ec7-8784-12dad01073b0,2026-02-03 06:57:18.430254+00,134531,Anna Gunn
23d343ea-55fd-4f83-9a52-7fd98268ef14,2026-02-08 09:39:00.152385+00,77069,Lenny Kravitz
23d8d03a-2d87-4ec0-8b57-5cb039e94e4a,2026-01-17 22:28:40.767608+00,1011904,Gwendoline Christie
23eea68d-23c7-4d12-99a2-d20e96fe30c6,2026-01-19 20:52:47.996974+00,28638,David Koechner
23fcec56-bfdc-4fee-8ad3-43c6753e0fe0,2026-01-17 22:31:43.771631+00,11098,John Powell
23fd7c37-2638-4168-b104-684a270a0fba,2026-01-17 21:15:08.292248+00,93114,Leeanna Walsman
240800b2-22a1-4613-96f4-17cfc4dd263e,2026-01-17 23:18:02.01673+00,2071164,Andy Greenway
240e751f-2116-47b6-9dee-c666396763ad,2026-01-18 00:39:56.661624+00,42267,Randy Thom
24201235-4b83-43cb-bfd5-7d0b774bf6ac,2026-01-19 20:32:23.380717+00,87265,Tenoch Huerta Mejía
24282269-a187-42ac-8099-1e1c6c14183c,2026-02-03 06:59:54.97064+00,25219,César Vea
2428b958-4792-4cea-b865-c7331385a281,2026-01-28 04:23:18.309315+00,39996,Sidney Lumet
242d61b3-2228-4f47-b33c-8e621d41a96f,2026-01-17 22:31:43.771631+00,1215739,Andrew Woodall
2435ada0-ff82-4274-a212-e8a3b3fcdc2f,2026-01-19 21:07:51.9608+00,1415412,Cory Gooding
243fd295-b970-4f6d-9649-406783607d85,2026-01-25 21:09:24.781349+00,2379047,Ahn Seong-bong
24a61c22-15a7-4cfe-b5e1-a664ea09aaa9,2026-01-25 21:05:20.600853+00,8666,Sal Lopez
24b9abd0-f224-4a4a-ae0e-af87be0c13d5,2026-01-17 23:00:21.741698+00,90566,Toru Furusawa
24cb02bd-112e-4e37-9b3c-64fa1f2d4d8f,2026-01-26 05:46:50.763324+00,1403123,Cheyne Lempe
25168b69-129a-4dca-861f-2e3c82b21800,2026-01-19 20:51:49.257029+00,1581195,Kat Wood
251d44f5-2ed0-45e2-b381-9abd32c7cbd5,2026-02-03 06:57:09.900217+00,60034,Laura Benanti
254e7de7-a8fd-45e5-a5df-e961dee976c6,2026-01-19 20:57:24.797871+00,6945,K.K. Dodds
254ebbba-c24b-490c-aae4-3118ba8e00c0,2026-01-19 20:26:22.060362+00,40684,David Leitch
258ab6f9-1a0f-4a25-8525-8ed15ebf7eb9,2026-01-17 22:24:38.382171+00,3,Harrison Ford
259633c5-844f-4c8c-b6dd-9777d0c9727d,2026-01-17 23:13:02.785122+00,445708,Keith Walker
25a679c1-55a3-430f-be43-278476d3f03a,2026-01-19 20:44:32.104937+00,53651,Monique Gabriela Curnen
25b53fca-4fb5-4f6d-bc03-55c2866140c9,2026-02-08 09:39:00.152385+00,23498,Alexander Ludwig
25b55efb-98d4-4143-b819-5bedefe020d6,2026-01-17 20:59:32.13461+00,2547,Bruce Boxleitner
25cacd9d-fc64-4302-b49f-97e80e5a43c3,2026-01-29 05:37:22.221296+00,3041,Marshall Bell
25ce9585-4199-43d6-916e-116aba04dfd0,2026-01-17 22:59:29.352628+00,71083,Kate Dickie
25f9e89d-fb6c-49dd-a597-83e5c8cc669e,2026-02-03 01:23:53.163956+00,1332971,Dean-Charles Chapman
260e5d46-0ae7-45d5-9ff0-efd651d5f65b,2026-01-17 22:57:30.935943+00,138988,Paul Lazar
26262646-6362-4fc2-8dfb-599d8862bf3a,2026-01-18 00:41:25.966535+00,37206,Boyd Kestner
264fd630-20fd-4f36-88e0-934205e8c8f2,2026-02-03 06:59:36.275135+00,30864,Hamilton Mitchell
265690ae-5f7c-42c4-a644-9be0e6692d13,2026-02-03 07:03:14.925674+00,46593,Emile Hirsch
265926c6-2830-42cc-936d-b76e4d450537,2026-01-17 23:26:09.781518+00,19976,Robert Joy
265951c8-7af6-47da-8918-d2f50495b95c,2026-01-17 22:42:40.386287+00,21204,David Arata
268114fa-2e8a-4509-800a-574dd23b4dda,2026-01-19 20:11:19.287269+00,1831379,Martin Bishop
2698acb0-72f8-4c79-ae05-e93746aca50e,2026-01-17 21:00:24.465906+00,1854220,Bryant Bentley
26af33ce-ed00-4b11-bccd-389bb3a85f12,2026-01-19 21:01:59.862385+00,51792,Rory Cochrane
26b819c8-2e2e-4c35-a58b-ce0af2e0f400,2026-01-19 20:48:33.234012+00,2612,Mosa Kaiser
26bbfdda-9ee8-4845-86f6-d9d18d2136b0,2026-01-19 20:11:19.287269+00,2709675,Suzanne Heathcote
26c35f4d-a27e-44f8-b5fa-b41edab7ac0e,2026-01-19 20:23:59.992531+00,3339502,Alexander Shaw
27020238-c457-440b-bbbb-86511786c8f2,2026-02-03 06:54:08.464148+00,970216,Austin Stowell
2706156f-6d3d-45b6-bb24-cfc1363af1b7,2026-01-19 20:07:07.510359+00,1108725,Amira Ghazalla
270722c2-b3c9-4374-929d-85ddfd83904d,2026-01-29 05:37:22.221296+00,3043,William Bronder
27089538-a9e0-4d91-a0de-265405203e23,2026-01-17 22:32:33.613381+00,57012,Fares Fares
2709352f-38ee-475d-a019-1536b387f562,2026-01-19 20:37:45.151048+00,51735,Zach Hopkins
2730f685-6e34-426f-8d10-535c547576ea,2026-01-17 22:44:09.652092+00,1362531,Rick Garcia
273c5709-d394-4c4b-84a2-b015b8ba47f9,2026-01-19 20:23:59.992531+00,59620,Gemma Arterton
2750f36e-ccf2-4794-928d-61a8256671d1,2026-02-03 06:54:56.708103+00,52849,Louis C.K.
275dbe66-da99-47d6-b1d8-ec528f5e54f4,2026-01-19 20:11:19.287269+00,1212803,Joseph Marcell
27655330-0bf9-46b3-b931-25eea405d67b,2026-01-19 19:53:23.12908+00,592496,Joe Taslim
279581e1-53a9-4810-92fb-126c45e72f71,2026-01-19 19:57:52.038557+00,2138923,Patrick Mulderrig
27a81bed-3756-41b0-8c0a-63118dd41d69,2026-01-19 19:49:26.162197+00,1091324,Rob Delaney
27aa1884-9a58-428d-b53d-e9ec50f57996,2026-01-19 20:00:54.469233+00,3910,Frances McDormand
27c63770-cbd1-42bf-8eab-d7192351c7df,2026-01-17 23:21:23.844244+00,5636839,Eden Weiss
27c6f72f-2bbe-4978-90e2-e4519132f85a,2026-01-19 20:47:10.545294+00,1966036,Michelle Greenidge
27cf9e07-d8a2-48af-a9be-197741de779f,2026-01-19 21:04:21.834691+00,16607,Alon Aboutboul
27f7a1d1-16a5-4367-ab43-2acb77e81464,2026-01-17 23:12:17.50611+00,4783,Sam Neill
2812fffa-0bae-4cf7-bb99-a4f83418ff5d,2026-01-17 20:58:40.883175+00,1597365,Joseph Quinn
281828dd-c01b-426d-8ec3-e6600af9dd29,2026-01-17 23:24:46.157888+00,51329,Bradley Cooper
282e90d8-82da-4784-a2f7-7c34c8ea505f,2026-01-19 20:52:47.996974+00,11160,Danny Trejo
2836fa49-b997-4255-a7ce-daf19649bd26,2026-01-17 23:20:45.418369+00,171117,Janet Sarno
283ebc1d-fb1e-4d28-9408-8a029482dc69,2026-01-17 23:22:06.593835+00,4643882,Connor Aulson
2855ed3b-a349-4f11-8c07-d3521567992c,2026-02-03 06:57:18.430254+00,1615594,Ahmed Lucan
285864cd-186d-44de-80e6-345802abdcc8,2026-01-17 20:50:09.746171+00,31663,Alexander Fehling
28687e0f-8dc9-43f5-b84b-d42d712b628a,2026-01-19 20:10:28.342928+00,135993,Frank Schorpion
2875948b-067d-4389-8930-dcc361ecb507,2026-02-03 06:59:36.275135+00,38085,Michael O'Keefe
2875dae0-4afa-44bd-98c2-d29f9c88f582,2026-02-03 06:57:39.669237+00,2507696,Logan Hawkes
287aea99-bb11-4d40-baf3-89232e10c790,2026-01-19 20:51:49.257029+00,1184281,Jeff Kaplan
287d8239-4dd6-46b1-85fb-18f5b65a3f38,2026-01-19 20:36:11.709119+00,2545360,Pingi Moli
28a749f2-7a49-45bd-b352-96e0c8876e53,2026-01-17 22:27:32.161838+00,1230989,Michael Pennington
28afa42f-d023-4d39-aefd-bdfde633465d,2026-02-03 07:02:02.406531+00,59096,Luke Brandon Field
28b15482-371d-49c7-972c-1b4ee044e920,2026-01-19 20:11:19.287269+00,513677,Henry Lloyd-Hughes
28ca73df-4c70-4b2d-beef-ea4a54007e77,2026-01-17 22:45:04.743233+00,350,Laura Linney
28cbc6cc-b617-468d-ace6-8108d6e29c65,2026-01-19 21:07:51.9608+00,1415408,Dylan Gaspard
28d0ac30-9772-4eec-b77e-09c62c2fe33d,2026-01-17 22:45:45.716092+00,157583,Barbara Brownell
28d430b6-0b26-460f-9a16-c188b73a5cbf,2026-01-18 03:05:04.679854+00,1771,Giovanni Ribisi
28dbea96-29bc-495b-b24e-b51d29e5eedd,2026-01-17 23:26:43.350319+00,5758715,Isaac Simon
28ebcb95-626d-4206-80a2-2adb9ea8eb93,2026-01-17 22:44:09.652092+00,156131,Sharon Tay
2914a768-68f2-4db9-9712-9a54ca124401,2026-01-17 22:29:42.013994+00,1399531,Billie Lourd
2918e606-654a-4ca9-97f6-f2a54a3ee140,2026-01-19 20:31:33.93137+00,1030261,Bérénice Marlohe
291dc718-87b9-469e-883c-540c9cab2d2c,2026-01-19 19:52:34.945104+00,59860,Alice Eve
293e2fa3-c042-429e-90ef-b4ae3cc5ade1,2026-01-17 23:19:23.274632+00,887,Owen Wilson
2940db6c-cec0-4c42-9f68-11950a87ad55,2026-02-03 06:59:06.475854+00,22383,Franco Nero
294521c1-049d-466e-a3ff-8c68efcb75d3,2026-01-19 20:30:21.715385+00,11276,Tim Pigott-Smith
2967cc5d-d423-4168-b13c-27fc751f05c7,2026-01-28 06:09:46.680089+00,6623,Vik Sahay
297315fe-30c9-454c-bee7-f006aa9c56e6,2026-01-17 22:32:33.613381+00,1341,Donnie Yen
297efd88-c753-48f6-be23-8c9c76097530,2026-01-17 22:29:42.013994+00,990064,Amanda Lawrence
2993214c-4bfa-4601-a530-f949301528bb,2026-01-17 22:45:04.743233+00,118034,Zawe Ashton
29a1efb1-836f-4add-b16f-03d51f91ff97,2026-02-03 07:03:27.330761+00,53,Peter Stormare
29d0bb6e-3ba6-4565-810d-b600d2fa9b0d,2026-02-03 07:00:10.287557+00,4112,Paul Henreid
29d70c14-a54d-4830-b0b9-f7dc69189ad8,2026-01-17 20:58:40.883175+00,4821282,Gavin Fleming
29ef8de8-406e-42bf-9649-2e1cb04d1637,2026-02-03 06:56:26.157503+00,71143,Cory Danziger
29fdcb7a-e8f0-4ccd-91a0-69b31b5c99f8,2026-01-19 20:40:32.669862+00,31028,Richard Schiff
2a021b3f-e3b3-4e9d-a97e-82fa166dd666,2026-01-17 20:59:32.13461+00,43263,Conrad Coates
2a075477-c721-4193-a501-0aaea8b6d773,2026-01-19 21:05:06.171801+00,1954,Billy Zane
2a0b7e2f-2611-424a-b203-409d8492afa7,2026-01-19 20:46:24.087546+00,1431508,Sope Aluko
2a29cfa4-ceb1-49fc-ad0c-e39bd3f5854f,2026-01-19 20:53:43.767452+00,9046,Chazz Palminteri
2a3e600e-b80a-4181-be63-fa1679eaf533,2026-01-18 01:22:42.065357+00,130885,Pavel Kříž
2a49aae8-762a-49c8-bdf8-d80167b23df4,2026-01-19 20:45:22.505512+00,66580,Scott Adsit
2a7bb4cf-0f64-4c89-a37c-f7ee75f344a7,2026-01-19 20:11:19.287269+00,15735,Helen Mirren
2a84c437-820c-4fbf-9da4-4be27d0a852e,2026-01-17 23:13:02.785122+00,28779,Lupe Ontiveros
2a8a3c7e-e34f-4087-804b-87e66853871c,2026-01-17 23:26:43.350319+00,5848473,Koto Kawaguchi
2a9ec2a9-1d1d-4bde-bd69-0f4717c5da34,2026-01-19 20:50:27.706889+00,1456290,Gita Reddy
2a9f0f70-c741-4bd1-8e1b-22a113954637,2026-01-17 23:24:46.157888+00,380,Robert De Niro
2aab9df6-8f8a-40e2-a569-20d94053b3a6,2026-01-19 20:11:19.287269+00,2084752,Will Stevens
2ad14183-e427-473a-918b-98d6d4f20d9f,2026-01-19 20:44:32.104937+00,192,Morgan Freeman
2ad71b22-5c72-4769-91ed-ecb754e2b773,2026-02-03 06:56:38.758462+00,1741366,Este Haim
2adbf4e3-54bd-413f-b193-5880b06679d8,2026-01-19 20:03:20.643674+00,3072852,Josh Peters
2aebef9b-814d-4e43-ba98-fe3b6022f6df,2026-01-17 23:10:23.514105+00,591834,Lauren Lapkus
2b0b56b5-4c2e-42b6-89fb-86e747bd2c67,2026-01-17 20:59:32.13461+00,1298704,Kofi Yiadom
2b201497-9c47-497a-814f-fdfd8b397677,2026-02-08 09:39:00.152385+00,561869,Amandla Stenberg
2b2ca0a5-e87a-401f-ae66-81dafa536e27,2026-01-19 20:10:28.342928+00,115033,Eric Heisserer
2b308549-87e4-49e0-be4d-a66af15594ed,2026-02-03 06:59:06.475854+00,1291798,Miriam F. Glover
2b65eeb1-1db3-488a-b6a8-5eb2cb506593,2026-01-17 20:52:07.23447+00,6161,Jennifer Connelly
2b6c2479-2efd-44cd-ad7e-b0b66da504a9,2026-01-17 20:56:17.679862+00,1496368,Rhoda Pell
2b6d1c86-3321-4e92-9da9-465e8caf3d26,2026-01-18 01:03:45.515954+00,11057,Robert Towne
2b6eb04c-e8e8-4b35-af5d-bdfb20537191,2026-01-17 22:40:30.733784+00,1969995,Brock McKinney
2b842612-d4e8-4a98-be4c-80543454a56f,2026-01-17 22:53:05.33733+00,1253353,Noah Centineo
2b884260-7331-403b-8164-2ca465b1f8c2,2026-01-19 20:08:50.340044+00,75071,Daniel Cerqueira
2b92b5c0-da0c-426a-b61d-0d82f75c2fe4,2026-01-19 20:37:45.151048+00,1223,Joel Coen
2bffaa34-3085-42a7-b3e9-2aaf58d69355,2026-01-22 05:17:53.061178+00,945090,Jesse Wigutow
2c06f1e7-d894-44d4-899c-84bc6b0b0703,2026-01-19 20:18:30.486515+00,882,Liv Tyler
2c26dc34-0b17-411d-a087-d7d07492c839,2026-01-31 19:56:20.767461+00,18792,Delroy Lindo
2c423957-8885-4b7e-b4c8-018635686b7a,2026-01-17 22:46:25.239342+00,1242987,David Menkin
2c8456f8-a394-4237-8b34-9e17ed5dd967,2026-01-19 21:01:24.060969+00,2310719,Meg McCrossen
2c92b56c-9d42-415c-960d-9295f38fc093,2026-01-19 20:36:11.709119+00,1223895,Rafe Judkins
2c9ae5b8-5d8c-4af4-a3c9-c491333f2f0d,2026-01-17 23:11:08.000867+00,2125910,Alex Dower
2cab716e-413e-41e1-ad60-a1ed64c9ad08,2026-01-19 21:11:22.959573+00,1485380,Alisha Boe
2cb709da-813a-499d-9813-54c07298cddd,2026-01-17 23:02:24.065288+00,2103899,Shawn Law
2ce404fb-b3c3-409e-a3b1-2bd960cd44ec,2026-01-18 01:01:14.104724+00,20753,Fred Willard
2ce75e46-1d54-44cc-b34d-b6908de86445,2026-01-19 20:41:20.99353+00,1708,Jay Wolpert
2cf4beab-29bf-4deb-bf0c-91855467f513,2026-01-17 23:06:38.627612+00,1580,Daveigh Chase
2d099b88-84db-4d7d-bd19-78cba274dad3,2026-01-18 03:05:04.679854+00,10964,Laz Alonso
2d14a5e0-880f-4c4d-98cc-9fc902d2e9f1,2026-01-17 23:24:13.433653+00,147119,Vincent Spano
2d188583-5774-477b-ae5a-1a53411cddc5,2026-01-17 23:13:02.785122+00,10965,Chris Columbus
2d273318-0b0f-4577-aadf-27e5783a7520,2026-02-03 06:59:36.275135+00,54812,Chevy Chase
2d2bb18e-790a-41ae-a9e4-1b1fed011a0f,2026-01-19 20:33:50.495522+00,49971,Jennifer Ehle
2d30dbd3-e1d2-4c86-a856-4feebca9c0b9,2026-01-19 20:52:47.996974+00,39993,Alex Wurman
2d466310-80d3-4c77-805e-3dcec38711e9,2026-01-17 22:58:32.765261+00,2630277,Lori Galinski
2d51ba8d-1bd2-4903-8db3-06818727be3a,2026-01-17 23:24:13.433653+00,12055,John Cassini
2d525304-36ea-4518-babf-42805cc0ed20,2026-02-03 07:00:10.287557+00,4117,Dooley Wilson
2d55ea83-dd29-43c6-a922-a6b14d955b67,2026-01-19 20:45:22.505512+00,515510,Ryan Potter
2d6b1b43-28ab-4da8-911e-68463aa2e92c,2026-01-19 19:47:09.453096+00,1345419,Hermione Corfield
2d7df667-d274-4036-a131-732bc894c92f,2026-01-19 21:00:39.344128+00,1215399,Taylor Sheridan
2d935d54-95d8-47a6-a45b-c5a4c961ada7,2026-01-17 23:14:38.348517+00,108277,Ed Bishop
2dbbc438-9be8-4d11-820d-8d3d62e081aa,2026-01-17 22:47:11.909102+00,2974,Roger Yuan
2df5b41b-6d93-415d-8f66-f8c801ea82e7,2026-01-17 22:56:45.081716+00,33259,Jennifer Love Hewitt
2dff4626-64e2-448d-a5bf-8058c12ea2cc,2026-01-17 23:22:52.280198+00,2238917,Emily Weider
2e059c70-dcb6-402a-840e-f173b8b4a766,2026-02-13 05:52:58.243454+00,10981,Fiona Shaw
2e2c8693-c00d-4e21-8d50-9930c900f179,2026-02-03 07:00:33.374034+00,71889,Michael Abbott Jr.
2e2d472d-bf83-4dfb-ac4e-c60e8bcb92bf,2026-01-17 23:25:25.787696+00,1422439,Dorothy Silver
2e517d4c-60cf-48e5-aaa6-c2469b88acd5,2026-01-17 22:53:05.33733+00,1369329,Taylor John Smith
2e5a1355-8ec6-46fc-8940-c5e368e01dde,2026-01-18 01:22:42.065357+00,142636,Josh Holloway
2e62e503-59df-4f1c-9895-24bd57e804b4,2026-01-19 20:18:30.486515+00,109,Elijah Wood
2e72f16c-0276-4fbb-92c4-9836695e9109,2026-01-18 00:41:25.966535+00,2374359,Gary Wheeler
2ea17b67-ba5e-42bf-b393-703fe2dc0771,2026-01-19 20:03:20.643674+00,3072850,Darnell Metayer
2ea71c15-6ce2-424e-8e81-c09c20b19fe3,2026-01-25 21:09:24.781349+00,2306987,Jung Hyeon-jun
2eb191fa-7873-48de-a773-0d0de7731754,2026-01-17 22:30:37.956531+00,1330,Dominic Monaghan
2ec3a016-e21b-4066-b444-11cb4632269a,2026-01-17 22:57:30.935943+00,69943,Benjamin Legrand
2ecfba00-e919-4c88-a911-bfe5e5ef105b,2026-01-17 23:13:02.785122+00,2100291,Elaine Cohen McMahon
2edea134-a8a8-4186-bae0-0b8c0951d677,2026-02-06 06:34:32.707167+00,1948133,Maizie Smith
2ef41ef8-9ded-40cf-9798-8233ae8cab11,2026-01-19 20:12:17.102861+00,2229,Catherine Keener
2f03309c-0d67-44b1-8f7e-90ad32e74bf6,2026-02-03 07:00:44.192947+00,204964,Paula Boudreau
2f0d3e3c-cdee-4037-89d9-32ca29b4c259,2026-01-17 22:32:33.613381+00,2178,Forest Whitaker
2f136a73-c9fb-40ba-901d-7a620d2600dc,2026-01-17 22:53:05.33733+00,2998707,Laurie Duncan
2f5c3edb-3c3c-4739-8e3c-cd16ad225bc1,2026-01-19 20:47:10.545294+00,1052257,Laurence Spellman
2f6b6cdf-a240-4f5c-902e-2c0d46cf7d1e,2026-01-19 20:09:33.245912+00,52946,Reynaldo Gallegos
2f726381-eeda-4619-8578-be129a4ada86,2026-01-17 23:21:23.844244+00,58014,Rossif Sutherland
2f8ab776-d400-4dbc-aa47-474a538a3dd5,2026-01-31 19:56:20.767461+00,53399,Buddy Guy
2f93bf75-878d-416d-b1b3-be6ef1c1ef5e,2026-01-17 20:59:32.13461+00,51996,Brian Klugman
2f95068d-31c3-48d3-81a7-245e0ae183b3,2026-01-19 20:32:23.380717+00,1545547,Stefano Elfi DiClaudia
2f95ea1f-8059-459c-82b0-334b6b247ef3,2026-01-17 22:45:04.743233+00,27428,Aaron Taylor-Johnson
2fa3f159-f934-4425-bffe-7c60a2c8f3f6,2026-02-03 06:59:54.97064+00,1077950,Lalá Gatóo
2fb0c226-a33f-4606-94d6-ae60206d6ce4,2026-01-25 21:09:24.781349+00,2159392,Lee Dong-yong
2fb14c0a-ea07-44dd-9e2e-56a6a2e6e02b,2026-01-19 20:07:54.108456+00,1886574,Colleen Bade
2fb89abd-1599-478b-a3cd-95692a925abd,2026-01-17 23:10:23.514105+00,59297,Eric Edelstein
2fbc371d-4561-4782-96d0-3f3307b22a7a,2026-02-03 06:54:23.759182+00,65002,Dana Delany
2fd57f14-23b4-4e55-8759-3dcdcb7404e7,2026-02-03 06:57:18.430254+00,54865,Jeff Kober
2fe398b5-e0fb-44ae-bb59-58f24831052d,2026-02-03 06:55:34.988874+00,74541,Corey Stoll
2febb1dc-a2e6-419f-816f-520356878d8b,2026-01-19 07:55:07.374835+00,3142,John Marley
2fefc85c-2e4d-4e95-ac93-149ceac70798,2026-02-13 05:52:58.243454+00,11179,Sean Biggerstaff
2ff93300-6770-4886-84c9-fc700adf459e,2026-01-17 22:36:15.382506+00,74931,Jamal Duff
3075cbb5-025c-4f0f-9374-643a7b862db0,2026-01-17 23:02:24.065288+00,1371541,Benjamin Rigby
3075e1d5-3169-42ac-a72a-154dc1d791f4,2026-01-19 20:53:43.767452+00,156227,Morgan Hunter
3076a2c2-2f20-47f3-9dc4-11fbf1fb2650,2026-01-17 20:56:17.679862+00,1317686,Bryan Woods
30a27025-91e5-4f40-b522-47b32c739435,2026-01-19 20:50:27.706889+00,1643257,Fuschia!
30b800a4-af9b-4192-a08b-e9a028564ff9,2026-01-17 22:52:22.775658+00,7469,Jim Uhls
30d9930b-5be3-46d5-a8f2-173483a1cc66,2026-02-03 06:53:39.184287+00,1116,Alan Ford
30e8a075-db8d-4ae2-8823-5740603d686d,2026-01-17 23:05:08.032093+00,32592,Ron Vawter
30ed65d8-fef0-4887-98ed-092a70e7dfa1,2026-01-17 21:01:34.335863+00,8318,Brian Blessed
30efb3bf-f864-425a-9c8f-43a827a0679c,2026-01-19 20:52:47.996974+00,55709,Darcy Donavan
31141ec2-5376-4307-893b-e44fb235a8ea,2026-01-19 20:59:03.126627+00,9599,Cloris Leachman
3128952f-7fcd-4732-9cc7-d2b0f298a654,2026-01-19 20:08:50.340044+00,12834,Barry Pepper
31506d1d-ffdc-4909-abfb-2d2a59694445,2026-01-17 22:56:45.081716+00,70851,Jack Black
315bf19b-7cf8-42a2-b3af-16f1820172c8,2026-01-17 22:36:15.382506+00,1294,Missi Pyle
318ce8bb-3bee-4610-aac9-4e77af0e2ba3,2026-01-17 22:44:09.652092+00,79086,Kent Shocknek
3191a2d1-3a5e-474b-b126-564489137be4,2026-01-17 23:00:21.741698+00,553954,Akio Suyama
31a769f3-1e8c-40ed-98db-88c856618c70,2026-02-03 06:56:26.157503+00,16180,Robert Picardo
31abe133-05fe-41cc-abfd-3b94a48f9f27,2026-01-19 20:14:48.378859+00,4445,Chris Bauer
31ba8c12-d2c4-41e4-9351-5dadc38b02f0,2026-01-18 00:39:56.661624+00,66193,Chris Sanders
31c1d55d-ccbf-4f43-bcce-3283a8a1a364,2026-01-17 21:01:34.335863+00,6,Anthony Daniels
31c94359-554f-472f-ae09-9db9880f884b,2026-01-17 22:36:15.382506+00,15286,Christine Taylor
31d4e71a-4e00-4c47-afdb-93f3dc0f362b,2026-01-17 23:00:21.741698+00,65424,Rica Matsumoto
31e66b08-11af-4bb4-a23a-ac3ee3f30464,2026-01-17 22:28:40.767608+00,1023139,Adam Driver
31ea7269-0df9-42f2-a2eb-99a8fe5fadf8,2026-01-19 19:50:48.244222+00,8783,Eric Bana
31ef3593-75ce-44a5-bd92-a50e5b92b0cc,2026-02-03 07:02:57.923828+00,5345,Bennett Miller
3203aef2-ce3d-46c5-863b-dc4fe2942547,2026-01-17 23:13:02.785122+00,34131,George Robotham
326364f5-94f4-4486-ab51-19a7f36be0a0,2026-01-31 19:56:20.767461+00,1292493,Tenaj L. Jackson
32915a65-6503-4e89-b78e-c03b052eb577,2026-01-19 19:49:26.162197+00,34546,Mark Gatiss
32920a4d-3091-43f0-8514-0d92dcef7fa9,2026-01-19 20:09:33.245912+00,94791,Jake McDorman
3292fb87-3931-414f-aa0a-d10a92f80122,2026-01-17 23:01:33.438696+00,1477143,Joseph Balderrama
3298e3dd-2ef5-4871-af70-9fc3305d6893,2026-01-19 20:48:33.234012+00,2589,Terry George
32a2925e-b69f-4a90-a6d6-7195571f7b5d,2026-01-17 23:11:08.000867+00,28847,Rafe Spall
32b2ae3d-432e-412c-ab37-602bc553a7fa,2026-01-17 23:11:08.000867+00,2093764,Kevin Layne
32c6f764-0fbf-45d0-b3c5-b423357b56ac,2026-01-17 22:46:25.239342+00,85828,Peter Stark
32c6fc2d-ba69-40d3-b3cb-c7a02d4a4a13,2026-01-19 20:47:50.65056+00,1011019,Jared Abrahamson
32e44a4e-226f-404a-af11-e85068d52662,2026-01-19 20:48:33.234012+00,2482,David O'Hara
32e52a95-6307-4636-b4db-17c251436add,2026-02-03 07:00:10.287557+00,4120,Leonid Kinskey
33104015-092c-4dcb-9667-6f6970575ae1,2026-01-19 21:01:24.060969+00,59691,Richard Bekins
338e7d95-14b4-44fb-bb6e-fc57efb59ecc,2026-01-17 22:26:16.957396+00,10734,Kenneth Colley
33f0cc47-f80d-48aa-89f6-4a2c4eee9231,2026-01-19 20:51:49.257029+00,747,Alex Hyde-White
33f2bd95-fa10-415c-ac3c-cde0363ddd04,2026-01-19 20:39:28.61908+00,148012,Jorma Tommila
33f2d60d-7f2b-4719-8f42-dc2949bf58a4,2026-01-17 23:20:45.418369+00,6432,Sean Gullette
34167d2e-9c6d-4e93-824b-655170f0e692,2026-01-17 23:17:23.981754+00,3197,Tom Sizemore
34281c88-789f-4413-a4cb-bf2a1a4436dc,2026-01-19 20:49:42.186009+00,4294870,Charline Su
343a6473-4ecf-43c0-b627-7e58c2636f54,2026-01-17 23:19:57.950471+00,1757755,Ronny Mathew
34426858-9196-47d1-9937-3ccdeffcde5b,2026-01-22 05:17:53.061178+00,1066284,Sarah Desjardins
3442d37d-b460-40f1-b7f7-e5469e2d387c,2026-01-19 20:44:32.104937+00,101015,Ng Chin Han
34495088-a7f0-4fdf-8d55-6ce291779608,2026-01-19 20:04:27.862377+00,1424554,Stephanie Simon
346f7be9-229c-4c2e-9650-553f86ea86a2,2026-01-18 03:05:04.679854+00,154153,Sean Anthony Moran
347e2add-46f5-4f40-a0df-8890b6656298,2026-01-17 23:21:23.844244+00,3103477,Claire Friesen
348538fb-3967-489b-8e9a-8a42c5997526,2026-01-19 19:50:48.244222+00,5365,Clifton Collins Jr.
34b81a60-b6c1-430c-acb8-06252c029dd4,2026-02-03 07:03:14.925674+00,1216579,Samantha Robinson
34dea22b-334d-4efb-ac89-83c7293f65a3,2026-01-25 21:05:20.600853+00,20191,Jose Pablo Cantillo
34e950e2-411d-4a5f-ae7c-5eca0e490b0d,2026-01-19 20:58:13.667013+00,17179,Gregg Edelman
350599bf-a6e8-4bfe-863d-6bdeff8665e6,2026-02-03 01:23:53.163956+00,1503077,Andy Apollo
351de07d-b83b-436c-ab03-0340629a9663,2026-01-17 23:19:57.950471+00,2634434,Luke Speakman
35448a08-93f0-4ac9-80bb-8ac27fe975a9,2026-01-17 23:00:21.741698+00,65441,Sadayuki Murai
354d2034-0117-4c5e-b8ed-57c37ec753c2,2026-01-19 19:47:09.453096+00,2441,Tom Hollander
3562976b-65d7-4274-97f6-241fc013d8fb,2026-02-03 06:55:23.857556+00,943481,John Edward Allen
3563a800-f5fd-4513-8dd2-87429cfd6cc6,2026-01-18 01:13:49.934221+00,2039,Brendan Gleeson
357b001e-b983-47a6-8145-3aa78d35722b,2026-01-19 20:48:33.234012+00,20648,Andrea Guerra
357e722e-7900-436f-befb-05fce1eb4af5,2026-02-03 07:02:46.175859+00,49271,Brian Geraghty
3587a718-2ca2-4e80-a819-df4b92aee7ac,2026-02-03 06:58:34.533714+00,3773508,Mika Sekita
358b278e-fd01-4bd5-adda-c66a0cdc9f8b,2026-02-03 07:02:02.406531+00,2130205,Stanislav Callas
35905d66-fb01-4bf5-a05e-fd5555b99bff,2026-01-17 23:10:23.514105+00,78423,Omar Sy
35f068ff-e638-4900-84b5-a73a48d55af8,2026-01-28 04:23:33.561869+00,129314,Al Mulock
360ebe99-2052-4bec-b47e-fc341352d014,2026-01-17 22:40:30.733784+00,146333,Christy Summerhays
36162211-7aaf-440a-b044-3de70decbb09,2026-01-17 23:13:02.785122+00,1664272,Charles McDaniel
361ae613-8b1f-4610-b732-6d50e47a1347,2026-01-19 20:44:32.104937+00,128386,Colin McFarlane
365a7ed9-9fec-41de-b7f4-dff4e85e9477,2026-01-17 23:09:35.21473+00,30082,Benedict Wong
366a9ef6-1494-4143-b000-8bed41164aef,2026-01-17 23:26:43.350319+00,2422123,Ralph Colucci
3691a549-5ca7-4e97-8896-91096193e352,2026-01-17 20:50:09.746171+00,23286,Omar Doom
369c5881-2365-4fd6-b7a6-2d212e8ba375,2026-02-03 07:00:33.374034+00,2756190,Johnny Cheek
36b41104-c648-4472-bc3a-01c080d5d29d,2026-01-19 20:41:20.99353+00,1712,Damian O'Hare
36b91b9d-f371-4d8d-8213-567e8f3c20a2,2026-01-18 01:01:14.104724+00,84495,Jess Harnell
36b91d4f-5b3a-4f28-a064-c7f52438ca32,2026-01-19 20:57:24.797871+00,17051,James Franco
36e609d8-e2d9-4ced-ac70-46e73bf200ea,2026-01-19 20:12:17.102861+00,3535459,Mohamed Ali
36eccbc2-309d-46a4-8524-c0aacba40c42,2026-01-21 05:50:48.309775+00,1173984,Olivia Cooke
36f515c5-39a7-46dd-9e62-0ed11ecee01b,2026-01-17 23:22:06.593835+00,4538305,Mary Joe Fernández
371850e2-9f52-4827-abec-4e5c4b59eca6,2026-01-19 20:09:33.245912+00,83859,Leonard Roberts
371dd219-302c-4b40-970c-445c0ff6420f,2026-01-17 20:59:32.13461+00,14598,Thomas Bangalter
371fb6f0-d8c4-42a7-a576-059b804192c5,2026-01-19 20:27:15.774259+00,1070749,Darwin Shaw
3721817a-285c-4f74-972f-1af476ae1a5e,2026-01-17 22:33:34.122707+00,41247,Len Cariou
373478c1-719e-4109-9daa-92d247a0fb48,2026-01-31 19:56:20.767461+00,1327175,David Maldonado
37478eab-afc2-419a-a338-2bebd0110c36,2026-01-17 21:16:52.611237+00,27752,Bruce Spence
374fb9c1-73b9-4c33-ae96-27baa42fc89b,2026-01-17 23:06:38.627612+00,1599,Jazzie Mahannah
37505b68-8215-4baa-a5f7-de66e205ca24,2026-01-17 23:08:10.282741+00,658,Alfred Molina
375426dd-78ed-4a56-ba5e-ef9dd89fa3f8,2026-01-19 21:07:51.9608+00,77949,John Paesano
376a7da8-2625-40e6-b930-e6aeea334888,2026-01-17 20:50:09.746171+00,16847,Eli Roth
3774b7ba-acf7-4d4b-a94c-2a7f79db6f3f,2026-01-17 22:41:47.888868+00,54486,Carly Owen
377a8db3-f5d3-4fbb-941a-819858ef9ff6,2026-01-17 21:15:08.292248+00,12536,Jack Thompson
377fd103-f0a9-4a69-9cc9-946efe9977b6,2026-01-19 21:00:39.344128+00,17688,Raoul Max Trujillo
37e15b81-c4da-49f2-a39a-74f33afa5f5f,2026-01-19 20:24:49.750006+00,2408002,Tatiana Piper
381ed673-b3c7-401d-9586-a133557760a6,2026-01-19 20:53:43.767452+00,9039,John Ottman
3824c077-ee6d-4ff1-9951-ac70c868ca97,2026-01-17 23:22:06.593835+00,1206334,Josh O'Connor
38326772-cb13-4f60-b7e0-e0e19917bac7,2026-01-17 23:22:06.593835+00,4643870,Shane T Harris
38382e15-a1a4-4613-8c35-fcd70d0149cf,2026-01-28 04:23:33.561869+00,37512,Sergio Mendizábal
3838a2e9-ccfa-4735-90f0-12d391367f0a,2026-01-19 20:57:24.797871+00,205,Kirsten Dunst
3844660d-d117-417d-b05c-37c0e1cd9ba6,2026-01-17 22:53:05.33733+00,93491,Will Poulter
3847a58d-3dae-4f67-8747-3e185efafad8,2026-01-17 22:45:45.716092+00,230060,Amy Ferguson
384961de-497e-4555-80ac-df0b7380615d,2026-02-03 01:23:53.163956+00,1656685,Chris Walley
384d6a67-af44-4603-8a1e-c6311955f302,2026-02-03 07:03:27.330761+00,1232,David Huddleston
385b5207-1031-4202-b10c-c2d0c5b091c9,2026-01-17 23:19:23.274632+00,2949,Alexandre Desplat
386f1399-7461-4e6e-8092-277a9160bb3c,2026-02-03 07:02:46.175859+00,1201512,Carter Cabassa
3874063c-4ffa-4b5f-913d-7a6c77e030fe,2026-01-19 20:22:25.68211+00,23447,Jane Goldman
38782013-acb0-48c5-9147-8f195e305d9f,2026-01-19 20:07:54.108456+00,738,Sean Connery
3889bde5-ed9e-4159-bd4c-0e350af4054e,2026-01-18 00:41:25.966535+00,8767,Jim Caviezel
388ad223-de54-49c8-9c1e-5dbde22af140,2026-01-17 22:53:05.33733+00,2908062,Jake Lampert
388bce3e-9850-4c4d-bcd8-c9763ad016d5,2026-01-19 20:58:13.667013+00,2368,Ilya Baskin
388e1f32-de15-4822-a9a1-46a4d64ed8c5,2026-01-17 23:12:17.50611+00,2817558,Caleb Hearon
389dd350-cbb2-4353-a6bf-e6496084329a,2026-01-17 23:22:06.593835+00,1427716,Kevin Collins
38ab8f0f-d44e-4766-96f1-644428239fa6,2026-01-17 23:26:09.781518+00,484359,Kid Cudi
38ade07f-385f-4ec0-a841-e8a107e70f7c,2026-01-17 22:57:30.935943+00,228,Ed Harris
38dc50e4-f31e-4d4c-bef9-5f3f272c0a7d,2026-01-28 04:23:04.431072+00,168323,Neil Giuntoli
38fb23dc-d68e-4045-8fa4-7746eb7e2b51,2026-01-19 19:47:09.453096+00,1529474,William Roberts
39189165-7fc6-4d1e-b795-a0749a8d0434,2026-01-25 22:57:22.603952+00,1935874,Joe Grossi
391d1a4d-fe93-4321-bf30-2577f3f08df8,2026-01-19 20:07:07.510359+00,41043,Tim McInnerny
393d4d13-3a0e-469e-94e4-8c1058c6c1d4,2026-02-06 06:34:32.707167+00,1661269,Cory Chapman
393ee26a-a916-4c6e-aab2-f3f785bf77f9,2026-02-06 06:34:32.707167+00,50767,Craig Gillespie
395b865c-9aa4-45f3-bbbd-0311b460741f,2026-01-17 23:24:46.157888+00,108920,Brea Bee
39606279-843e-4f52-aa0f-7580c1a8078c,2026-02-03 07:00:33.374034+00,368,Reese Witherspoon
39610478-36a9-423e-8bb6-257afe55c3ad,2026-01-18 01:16:50.605495+00,8289,Billy Crudup
3969ef9a-d437-497d-b5f2-dc6cdfe3925b,2026-02-03 06:59:54.97064+00,588132,Mario Zorrilla
3976b3a6-7e28-4920-9423-56ce7421ad80,2026-01-19 20:07:54.108456+00,1280,Don Harvey
39a19042-cc6e-4c97-b41d-6babfd6422d9,2026-01-19 20:30:21.715385+00,62892,Anatole Taubman
39af54a3-43a4-4a29-a5b8-34ffbc5ca4e4,2026-01-19 20:59:03.126627+00,6856,Kurt Russell
39b24849-ceaf-404d-a710-540dc40bcf2e,2026-01-17 20:58:40.883175+00,1847948,Eliane Umuhire
39b8ac46-36ae-4f0f-af9f-68806bfd3267,2026-02-03 06:55:23.857556+00,7191,David Webb Peoples
39bc62a5-5406-4385-ae97-9afd8768c913,2026-01-17 22:58:32.765261+00,1887,Jack Golden Russell
39c302cc-d1ed-4a91-a774-9a652afa9a4e,2026-01-19 07:55:07.374835+00,3083,Mario Puzo
39dd6efd-419f-43c3-94f1-28a1eae88888,2026-01-18 00:41:25.966535+00,122545,Gregg Bello
39e619e1-c82c-4edf-a569-bd30452edfb2,2026-01-19 19:47:09.453096+00,1196960,Alec Utgoff
39e7c323-01c5-4af1-98dc-6c4327787afb,2026-01-17 20:50:09.746171+00,2539,Julie Dreyfus
39ef03d4-80e9-4b5a-97ae-b8fd8f46cb75,2026-01-19 20:59:03.126627+00,64151,Mike Mitchell
39fc107d-f8a3-4056-8268-c6384d36ecc2,2026-01-19 20:48:33.234012+00,2602,Desmond Dube
39feb673-8057-442e-a63a-774ef9f0c49c,2026-01-17 23:19:23.274632+00,1248,Brian Cox
3a08964e-b3a2-447f-aec6-200acd684ef8,2026-02-03 06:58:49.243874+00,39827,Lesley Barber
3a141928-d52b-42c3-8734-6dc134b225da,2026-02-04 06:28:36.488135+00,59841,Matt Walsh
3a57e652-e19d-4014-9f3d-8042679dd132,2026-01-17 23:01:33.438696+00,5531675,Poppy Smith
3a596079-967a-4b6e-8283-a05ebc6cce7f,2026-01-19 20:35:27.581284+00,17490,Isiah Whitlock Jr.
3a701bb6-2151-43a7-b2a4-d53853000f1d,2026-02-03 07:02:20.808231+00,2207,Lois Smith
3aa60ae4-4153-4c61-b52b-69318243c31d,2026-01-17 20:57:19.493617+00,1967018,Silas Pereira-Olson
3aaeb745-b2ab-4989-9777-29d39080312e,2026-01-19 20:48:33.234012+00,2607,Fana Mokoena
3ab636b9-2e0b-49b1-a7b2-34a2a8c693ce,2026-01-19 21:07:04.37528+00,15739,Alex Jennings
3ade6b73-913a-40cc-9adc-8d313d959fd9,2026-01-19 20:04:27.862377+00,100653,Vanessa Bell Calloway
3af71213-ea1a-4c71-8dcc-641246555dad,2026-01-19 20:34:35.85263+00,1164,F. Murray Abraham
3b0ea012-e305-4dd1-858b-b8d7249cbdcf,2026-01-17 23:01:33.438696+00,3398,Kim Bodnia
3b1952e1-f75e-4f6c-a6b3-ff33a00fcd9f,2026-01-17 20:50:09.746171+00,1844,Til Schweiger
3b38d160-2ce5-4892-ad39-3519b7c6d1e7,2026-02-03 06:57:39.669237+00,1520954,Shaun Clarke
3b4fd8d5-8340-4180-aad1-18cd90eed359,2026-01-17 23:18:39.447854+00,1535,Brian Doyle-Murray
3b8d0303-b7bd-41b0-9ad8-9182787c0f2f,2026-01-19 20:33:50.495522+00,8435,Stephen Dillane
3bc20749-05e7-483a-8083-6437c4468e29,2026-01-17 22:36:15.382506+00,23532,Jason Bateman
3bcb4881-5575-4c1e-ae52-c6a86b161e22,2026-01-19 02:24:59.225425+00,11011,Zak Penn
3bdb394d-46bf-4e6a-8d29-c9d73aa4ec60,2026-01-17 22:42:40.386287+00,11218,Alfonso Cuarón
3be7e916-a803-4e2c-a54e-9e875cad1773,2026-01-19 19:50:48.244222+00,17306,Zachary Quinto
3beeeba8-aa0a-4385-8b1c-4f26fd7f2c1e,2026-01-19 20:14:48.378859+00,3227013,Charlotte Ann Tucker
3bf14bb6-da65-4a28-b28b-707d9a1dcdf5,2026-01-25 21:09:24.781349+00,2326615,Jeong Ik-han
3bf4c931-1929-43d3-9ee7-df1d11541067,2026-01-17 23:22:06.593835+00,2747361,Burgess Byrd
3bfb9184-8851-44ae-ae3f-40e7efb18b52,2026-01-17 23:26:09.781518+00,3076572,David Sirota
3bff71fd-79b6-425f-b247-9c9db801edd3,2026-01-19 20:40:32.669862+00,1272968,Samantha Win
3bff9a79-ae76-4f80-867f-2eec1b75a893,2026-01-19 21:10:09.395074+00,9452,Daniel Bernhardt
3c0ee2f0-6280-4a1f-ba6a-05a1d0a214be,2026-01-19 20:01:35.925296+00,61186,Nicola Peltz Beckham
3c1e9dc7-594a-4b77-9fd3-19cb1efe3eda,2026-01-19 20:34:35.85263+00,1037,Harvey Keitel
3c2899ad-3ecb-4fd6-ab98-246ea0205a54,2026-01-19 20:41:20.99353+00,1704,Gore Verbinski
3c564701-a58a-4c1a-8bf2-fda44d0dfa66,2026-01-19 20:14:48.378859+00,3996386,Stefano Carannante
3c81bac2-c187-471f-8978-431dec08044b,2026-01-28 04:23:33.561869+00,3265,Eli Wallach
3ca1b739-3880-4d2d-8fab-82729f6a16b4,2026-01-19 20:42:24.616538+00,1791599,Moray Treadwell
3ca50025-1347-42d3-945e-67aa540cc985,2026-01-17 22:50:50.122456+00,538,Harriet Sansom Harris
3cbe8b4e-2b5b-4052-8500-49803bad5d52,2026-01-18 01:16:50.605495+00,2677,Bahar Soomekh
3ccc14ca-2c05-423f-9d53-e67d48f40ebf,2026-02-03 06:55:34.988874+00,175829,Brian d'Arcy James
3cccccbe-4a9e-4e94-8af0-ccabddaf1deb,2026-01-17 22:45:45.716092+00,17838,Rami Malek
3cf1f730-1013-43c3-80e9-1c8060ef1512,2026-02-03 06:56:59.749831+00,131947,Jason Fuchs
3cf3e8cc-6430-436d-9dd9-3f3fd37d9115,2026-01-19 20:59:03.126627+00,68699,Mark McCorkle
3d15ef24-c022-4e82-9eed-268f7a95173e,2026-01-19 20:06:14.816718+00,20761,Sven-Ole Thorsen
3d17a539-b372-44d5-bab8-15887ed83f9f,2026-02-03 07:02:02.406531+00,2089892,Archie Yates
3d2c005a-3dcc-493d-8c93-7b8db50d8ec3,2026-01-17 22:32:33.613381+00,27632,Ben Daniels
3d4504c5-e451-4709-8b89-d5a966896a84,2026-01-19 20:46:24.087546+00,4766,Melora Walters
3d4be002-d7e3-408e-b394-a3598e1371c8,2026-02-03 07:02:46.175859+00,1046685,Conor O'Neill
3d50ef1e-33af-4ebb-ba5a-abec982cd28c,2026-02-13 05:51:24.87582+00,52564,Dillon Freasier
3d527963-a3e8-44a8-b65a-b21308f54bd0,2026-01-19 20:15:31.141157+00,81877,Mark Hadlow
3d5c8299-6617-4d72-b647-bf71feed70a2,2026-01-19 21:00:39.344128+00,206919,Daniel Kaluuya
3d782775-1cc5-4cdb-a691-862872ae4d1f,2026-02-03 06:54:23.759182+00,36059,Joanna Pacula
3d7aad25-7822-4494-a055-e8711614c6b9,2026-01-18 01:13:49.934221+00,1451740,Christian Manon
3d7df408-2e07-4ecd-b465-c0891ac09723,2026-01-18 00:39:56.661624+00,69797,Dean DeBlois
3d84424d-2d8f-4cba-85f4-e0c87b1e0b2b,2026-02-03 07:03:14.925674+00,130323,Costa Ronin
3d853cf9-9e26-42be-bfcb-d0f943f4e429,2026-01-18 01:13:49.934221+00,2385,Ronald D. Moore
3d939ab2-861a-461e-93f4-c91fa0751068,2026-01-17 22:56:45.081716+00,52803,Etan Cohen
3d97b897-08a6-42a2-86bf-664e88b1f614,2026-01-17 23:08:53.869289+00,58549,Bill Irwin
3d9cf75e-2d5a-4aec-983c-0df1af93cfce,2026-01-19 20:02:24.1983+00,97576,Gemma Chan
3dcf369e-bacf-41d9-85b8-6547a0920ffd,2026-01-19 20:58:13.667013+00,20645,Mageina Tovah
3dd37c76-5be3-4546-8fb5-ef06a3f648b6,2026-02-03 06:59:06.475854+00,1129647,Escalante Lundy
3dd5f1a9-9dbb-4e8f-8b6e-a3f4bec8ea2c,2026-01-21 05:45:56.025826+00,99788,Amerigo Tot
3dda3c3f-cf29-423c-b7fb-d450c026ea21,2026-01-17 20:52:07.23447+00,1241330,Bashir Salahuddin
3dee79c4-61f6-4fe5-bd5b-9874c15555d3,2026-01-19 20:36:11.709119+00,1993166,Monty Granito
3dface79-76c7-43ae-aae1-ad3c841830b5,2026-01-19 20:52:47.996974+00,154630,Charles Walker
3dfc8121-849b-46c3-8586-8ef07e900bbd,2026-02-03 06:57:09.900217+00,3317088,Aneesa Folds
3dfca2d8-afa3-4046-bd6d-23f85d611dca,2026-01-28 04:23:33.561869+00,5817,Livio Lorenzon
3dfee3f2-82e3-453c-8470-5edb12377510,2026-01-19 20:03:20.643674+00,2627590,Cristo Fernández
3e0d62e9-3b98-4416-8407-46df2bbb0978,2026-01-17 21:00:24.465906+00,1804132,Dylan Keith Adams
3e1b7644-dac6-45c8-a91c-3226e1f25af5,2026-01-17 23:24:46.157888+00,1271783,Anthony Lawton
3e1e9eea-09c5-42c2-b451-cbee1a70746d,2026-01-17 20:57:19.493617+00,1288766,Blake DeLong
3e438dd9-0954-4464-bd6e-a08fbee7c596,2026-01-17 22:50:50.122456+00,543,Marianne Muellerleile
3e5f3892-86d6-46bc-b6e9-410dcd16b160,2026-01-18 01:16:50.605495+00,54708,Carla Gallo
3e8c25a3-eb18-4108-b1aa-f76b2f4353bc,2026-01-17 22:50:50.122456+00,536,Jorja Fox
3e98fdc1-5b03-40e0-89da-0c91471b329f,2026-01-18 01:03:45.515954+00,10182,Ving Rhames
3ea76d2a-24f9-41e2-a214-acdf40c29fb8,2026-01-19 20:04:27.862377+00,23628,Eriq La Salle
3eaed1ea-6909-4aad-bbfc-144941313670,2026-02-12 07:07:55.251269+00,1022053,Bill Baucom
3ec0b04b-114f-4b64-be12-09c12eb04528,2026-01-17 22:45:45.716092+00,18916,Kevin J. O'Connor
3ed2dc4f-6551-4a5b-9544-7bf75349be00,2026-01-17 22:36:15.382506+00,17401,Stephen Root
3ee33dfe-b91a-422a-8ae7-3c80b666d7d3,2026-01-19 20:14:48.378859+00,986808,Wyatt Russell
3ee4c1c6-78ec-4433-a056-efbd1d436a53,2026-01-19 20:45:22.505512+00,54698,Marcella Lentz-Pope
3ee98ebc-f294-4f23-9c8c-7449f4d2e7f4,2026-02-06 06:34:32.707167+00,145320,Cara Mantella
3f29a815-540a-4f96-9943-b06e06c688af,2026-01-21 05:50:48.309775+00,1981093,Joel MacCormack
3f2cb3bf-968d-4161-a585-42035ad759b8,2026-01-19 21:03:35.600447+00,9282,Guy Thauvette
3f311d13-4e4c-453f-8cbf-1defd4d6c97d,2026-01-17 21:00:24.465906+00,136427,Efthymis Filippou
3f462775-2f9a-4bbe-b68f-11c8b87d3242,2026-01-17 22:58:32.765261+00,4358,Charles Lederer
3f5491c4-657c-4b09-8b14-b340cc5e8e3b,2026-01-17 23:22:52.280198+00,3051936,Mark Eydelshteyn
3f6a6b13-7b9f-46f6-8e09-44763f2896ea,2026-01-19 20:59:03.126627+00,17628,Mary Elizabeth Winstead
3f87eebc-a39e-4320-bd37-e9c3e8bfa232,2026-01-17 22:30:37.956531+00,1537686,Naomi Ackie
3f99f8b1-2d50-4c42-8a95-b2fca5530f98,2026-01-19 20:13:49.671069+00,327,Mekhi Phifer
3faab48b-87f3-4b88-a7cf-706b564324e0,2026-01-19 19:57:52.038557+00,17341,Amaury Nolasco
3fb2ab71-c0af-4adb-9fe9-1865c8e1b3bc,2026-01-17 22:37:28.53073+00,3598140,Dora Kiss
3fbb348e-d416-4311-9111-f57bb7b014ab,2026-01-19 20:14:48.378859+00,35029,David Harbour
3fc17797-a44c-4128-b9ac-0580c16215c6,2026-01-19 20:27:15.774259+00,10916,Caterina Murino
3fc891ba-dd19-40e3-89a9-80e9b0846aa4,2026-01-19 20:15:31.141157+00,7060,Martin Freeman
3fcbb162-1d75-442b-9bed-e850451569cb,2026-02-03 07:02:46.175859+00,1705792,John Crow
3fe3fca4-f0e0-4be5-90b0-a76eaf8242eb,2026-01-17 22:36:15.382506+00,57633,Rawson Marshall Thurber
3fe8eda5-7077-484e-a3af-73c517836d64,2026-02-03 07:01:08.804847+00,77996,Asa Butterfield
3ffbb0f4-38f2-4ffd-9125-963aa88944f7,2026-01-19 20:09:33.245912+00,208406,Brando Eaton
4000980a-5190-411b-8d5a-3daad6039361,2026-01-19 20:10:28.342928+00,1752149,Lucy Van Oldenbarneveld
4005c46d-7657-48e7-b3af-ef77f920e49f,2026-01-17 22:50:05.222332+00,56871,Blair Underwood
4012a582-8756-4d56-85f5-f099bd0758f8,2026-01-19 20:03:20.643674+00,2069637,Frank Marrs
401e6fe0-9be5-4adc-83c0-d188855b014f,2026-01-19 21:07:04.37528+00,36669,Rupert Friend
403caa63-143b-4b6e-a4e3-d3281af81de0,2026-01-17 22:24:38.382171+00,69249,Eddie Byrne
404d22ee-a5ba-49bd-91fe-893b0f6038b5,2026-01-19 20:41:20.99353+00,59056,Paula J. Newman
405fd0d4-2fc0-41a2-b2c8-d75803ff7f4f,2026-01-17 23:22:52.280198+00,3964262,Paul Weissman
4064d613-cc7d-4266-a0e8-e6f6a2fe7117,2026-01-19 20:57:24.797871+00,11769,Ted Raimi
406c9fe1-7e81-42f7-9c1a-bbe49a0a12bc,2026-01-18 01:03:45.515954+00,4885,Emmanuelle Béart
407bb12e-8b81-4d43-879c-08ebe407e39a,2026-02-03 07:00:44.192947+00,1062878,Daniyah Ysrayl
407bcc83-b1c4-470d-ace3-c6f0f036cbb8,2026-01-17 23:12:17.50611+00,2315555,Ahir Shah
40ce3fa0-d421-4d21-8a82-a8a298a705be,2026-01-18 00:39:56.661624+00,54691,Christopher Mintz-Plasse
40dbc9c6-f7b7-4918-afd7-75a964868277,2026-01-19 19:52:34.945104+00,27811,Peter Weller
40fa57bf-e737-41e4-8f80-9db9842ffc51,2026-01-17 22:33:34.122707+00,1088938,Anthony Reynolds
40ff6343-7517-4ab8-9949-8695628b0e58,2026-01-19 21:01:59.862385+00,4029,Bob Gunton
414948fe-fa90-4379-a8b1-c72522cd642f,2026-01-21 05:45:56.025826+00,3279,Francesca De Sapio
414c08e0-4150-4fe5-ba05-73479f31dc88,2026-01-17 23:19:57.950471+00,168658,Melissa Ponzio
41590a13-3351-4636-adbe-15bf55a7aad7,2026-01-17 20:58:40.883175+00,1318461,Alexis Grapsas
4159bb04-f1a7-4969-92a4-b4f03eb87346,2026-01-18 00:41:25.966535+00,110,Viggo Mortensen
415a73c8-679a-4983-831c-38ffa066bb5c,2026-01-17 23:08:10.282741+00,653,Ronald Lacey
415f5ca3-00c3-4d56-8ecb-4036622d7331,2026-01-17 22:33:34.122707+00,17142,Paul Dano
4172246d-4c45-4135-9382-b90141fffa42,2026-01-19 20:20:03.323792+00,1371,David Wenham
418039c1-9d65-4bc2-9cad-8b55afc123ff,2026-01-19 20:26:22.060362+00,226366,Brian Tyree Henry
418f99d2-845b-4de3-9005-43ac099d496b,2026-01-19 20:51:49.257029+00,2659319,Patrick Miller
41a4bd79-b4ab-437e-be30-3a1f51c7a77a,2026-01-28 06:09:46.680089+00,6616,Rachel Majorowski
41a9e271-dd10-4180-9e7c-c39be9251477,2026-01-17 20:50:09.746171+00,6091,August Diehl
41b300d5-b5fe-4b9e-9b98-7b7d2a7f959c,2026-02-03 07:02:02.406531+00,6807,Sam Rockwell
41d34edc-269e-44e5-8f75-975176f7bb62,2026-01-17 23:24:13.433653+00,8540,Danny Nucci
41f92a1c-e68e-4fa4-9147-5adcfd8bc1c6,2026-01-19 20:59:03.126627+00,135786,Will Harris
42215711-7249-4cf9-ba8e-9237dc6cbd2c,2026-01-19 21:01:59.862385+00,1478977,Joshuah Bearman
422b3833-fbdc-4f4f-92f3-3d8106279a8b,2026-01-18 01:03:45.515954+00,2622857,David Shaeffer
42417b1b-1b77-476f-864d-575376154922,2026-01-19 20:47:50.65056+00,215913,Jacob Tomuri
424c2f58-62f6-428a-9bbe-5f6bed6ca404,2026-01-19 20:45:22.505512+00,87822,Damon Wayans Jr.
42720caa-759b-4515-96d8-49a9cf6ad754,2026-01-17 22:59:29.352628+00,1805892,Madlen Sopadzhiyan
42781199-d92d-4047-8370-a3627b31d0b3,2026-01-17 20:59:32.13461+00,9828,Garrett Hedlund
4278b6b9-b813-4c58-8d96-5540b7c7df3b,2026-02-03 07:00:33.374034+00,937895,David Wingo
428ac6ba-f4d9-4d1c-8bb0-66d8625301b3,2026-02-03 07:02:02.406531+00,2550505,Sam Haygarth
429c3abd-c515-42a2-9ce5-ecdb972c5aae,2026-01-17 22:42:40.386287+00,11213,Pam Ferris
42aadfaf-c96a-478f-b817-8f18038613f3,2026-01-28 04:23:04.431072+00,6574,Clancy Brown
42c0f51c-cc28-4b20-a2d7-3a1a8783f5de,2026-01-17 22:57:30.935943+00,16828,Chris Evans
42c9c950-a42d-4337-bd4f-f8f45900fa93,2026-01-19 20:59:03.126627+00,69509,Paul Hernandez
42ed064e-0543-4f5c-9045-0aa398f77010,2026-02-03 07:03:27.330761+00,1237,Flea
42ffc6bb-5531-4298-b31b-d334a35e86ef,2026-01-17 23:05:08.032093+00,31118,Don Brockett
430108f2-fb35-4f1f-85a7-3d74d249ebde,2026-02-03 07:03:14.925674+00,20186,Damian Lewis
43164240-b21a-4c9c-9e18-d2ba133e1637,2026-01-17 22:37:28.53073+00,212766,Gillian Zinser
431a733a-c7ac-4c00-af59-08841ff57c73,2026-01-17 22:45:45.716092+00,81096,Joshua Close
431ea166-7ef3-488f-8263-fb1a4d005de8,2026-02-03 06:59:36.275135+00,167367,Scott Colomby
432aa713-6737-4488-a81b-1cfb78817a06,2026-01-17 22:53:05.33733+00,1363054,Cosmo Jarvis
432f6cfe-a3e2-4b5a-9238-fc433997856e,2026-01-19 21:01:24.060969+00,164242,Darren Goldstein
433793d3-2cf9-4d63-a603-3082d574292d,2026-01-17 23:08:10.282741+00,660,Anthony Higgins
4337a5ed-5aa2-42db-a9c7-ab0658987c31,2026-01-19 20:44:32.104937+00,198034,Bill Finger
435ccd64-4493-47bc-990f-6a2f777c48d5,2026-02-13 05:52:58.243454+00,96841,Matthew Lewis
436ca5d3-7372-425c-a409-8d490ff06844,2026-02-03 07:00:33.374034+00,71872,Jeff Nichols
438dcd6c-cfcd-4f9d-8e5b-0d829db9d330,2026-01-18 01:03:45.515954+00,559766,John McLaughlin
43c1db69-0ded-4e54-9636-242d4508b451,2026-01-17 22:36:15.382506+00,15033,Justin Long
43c73c67-7795-4bb0-851d-2943b31e0487,2026-01-19 20:13:49.671069+00,326,Kim Basinger
44024915-0d16-438e-bcaf-5acf1bc1cab4,2026-01-18 00:39:56.661624+00,21075,William Davies
4403322a-0c12-4954-9a29-b7a625029ee4,2026-02-03 07:00:10.287557+00,2313,Curt Bois
440ce73d-d273-4071-9054-2bbb9492042b,2026-01-17 22:44:09.652092+00,73132,Marco Rodríguez
440d17ff-219a-4e18-ada8-40cca00b9854,2026-01-19 20:03:20.643674+00,112947,Erich Hoeber
4421d607-d6ba-4b81-a26d-73a179360b36,2026-01-17 23:25:25.787696+00,1474332,Charles Randolph
4445ded3-f501-48ad-a131-9a4070980d09,2026-01-19 19:57:52.038557+00,18264,Steve Jablonsky
444e3834-0cf5-478f-a1a4-5b4066e01a3b,2026-01-18 03:05:04.679854+00,1207227,James Patrick Pitt
44519904-d981-4408-a077-f64e2b10678b,2026-01-17 22:42:40.386287+00,1232712,Philippa Urquhart
445247f1-06e9-41b2-a820-cc1cebe40725,2026-01-17 23:02:24.065288+00,75923,Christopher Darga
445f71e4-cab1-44fa-86e4-fcde3000fd34,2026-01-19 21:01:59.862385+00,61659,Chris Messina
44694f63-76c0-4d7b-a60e-36ad2f8525bb,2026-01-17 21:00:24.465906+00,1055230,Raffey Cassidy
4473607f-2127-4cfd-8bc3-19f047f89809,2026-01-19 20:07:54.108456+00,1272,Richard Bradford
448eab1d-90cc-4be4-b507-e2ab12023353,2026-01-17 23:22:06.593835+00,4643888,James Sylva
449d9ffa-74c4-41b4-8b72-e327b34461d9,2026-01-28 04:23:33.561869+00,1077277,Claudio Scarchilli
44a6c327-65de-42e6-92a0-aefb6e39ee51,2026-01-19 20:22:25.68211+00,5472,Colin Firth
44b4a4e7-3355-46c5-a0e1-7551a2d2d912,2026-01-17 23:16:27.745856+00,47933,Adam James
44bda40d-2318-4cba-8144-cdb6d8e32df6,2026-01-19 20:42:24.616538+00,2451,Alex Norton
44c48482-ad9f-4ce0-a26e-283aec88220b,2026-01-19 19:49:26.162197+00,1729881,Mariela Garriga
44e81322-9232-496f-80f8-e5a7a359786f,2026-01-19 21:01:24.060969+00,137529,Ned Eisenberg
44eb8129-b1b0-486d-a0a4-1e55121e23b6,2026-01-17 22:31:43.771631+00,1023483,Phoebe Waller-Bridge
44ee93ac-c231-4769-ab8e-7e40722233e5,2026-01-17 23:24:46.157888+00,239111,Matthew Russell
44eeaf08-aa42-4494-9c8d-0742ae186dee,2026-01-19 07:55:07.374835+00,3084,Marlon Brando
44f453d1-a435-4786-ab86-ba50d4be5808,2026-02-03 07:01:08.804847+00,1252551,Charlie Baker
450153e2-5f37-4d25-a41c-c9c946982cea,2026-01-17 23:14:38.348517+00,249,Leonard Rossiter
4501ecd0-1e80-4169-ab7a-b7385a9d0335,2026-01-17 23:22:06.593835+00,3186,Trent Reznor
4515c9de-0f8e-44a5-8226-199eb78c8c69,2026-01-17 23:19:23.274632+00,486,Wallace Wolodarsky
4527ef12-efcb-492e-b768-900891db165d,2026-01-19 21:10:09.395074+00,2199,Scott Frank
45366b73-43d5-4e25-ad77-00898b377c09,2026-01-19 20:26:22.060362+00,2601912,Zak Olkewicz
455390f3-565d-44b7-8e7e-074207cf6d58,2026-02-03 06:59:54.97064+00,16972,Sergi López
455a004b-bdeb-4b66-a1d7-acfa8d803317,2026-01-19 20:48:33.234012+00,134766,Mabutho 'Kid' Sithole
45663f93-8ffb-4b08-91f9-696ad50c6fcb,2026-01-17 22:42:40.386287+00,58850,John Tavener
45699f7b-7788-4c83-ad81-542b2c90c87e,2026-01-17 22:31:43.771631+00,57755,Woody Harrelson
45704307-8981-4531-b8da-f9cfd306bf9c,2026-01-17 20:50:09.746171+00,32823,Gedeon Burkhard
4587ee65-b0e8-439d-ba5c-cce4679c477c,2026-01-17 22:35:19.14754+00,5539,Dawn French
458c73e5-e190-4012-9416-46bfe84b00da,2026-01-19 21:07:04.37528+00,15250,Hope Davis
45a1aa09-4d78-4a6a-90ab-a196ba11ba1f,2026-01-17 23:18:39.447854+00,1534,Chris Elliott
45bd43bd-b3fa-4d52-b2c2-c6e40276abf6,2026-01-19 20:07:07.510359+00,1391937,Yann Gael
45c414f2-32c7-4af2-9d91-5ce1f0060380,2026-01-17 22:43:24.48727+00,1579255,Misha Highstead
45ccf004-27ae-4697-92aa-0861eccbb0ba,2026-01-18 00:41:25.966535+00,28043,Ted Sutton
45ce6ed6-a3c0-476a-b354-91eaa368e038,2026-01-17 22:50:50.122456+00,537,Stephen Tobolowsky
45d1f6b6-0270-4c6a-98a3-235dc333c439,2026-01-17 23:14:38.348517+00,251,Robert Beatty
45d76223-6224-4b1d-b59d-0c30489d23e2,2026-01-17 22:44:09.652092+00,20582,Michael Papajohn
45dda0d9-e28c-4fd4-b148-7c3e437398ba,2026-01-28 04:23:33.561869+00,5818,Antonio Casale
45ef52e6-309a-4c5a-b04b-9189bd7fbd8e,2026-01-17 23:25:25.787696+00,17485,Oliver Platt
46355099-46e6-4387-8527-ad402bd33211,2026-02-03 06:56:59.749831+00,1486488,Callie Hernandez
4646921b-2b51-4f60-89f7-deb39e50b1ca,2026-01-19 20:56:41.401173+00,11807,Laura Lovelace
467213d0-762b-4e4b-a508-f0987a3f46bc,2026-01-17 22:58:32.765261+00,62713,Tim Perez
4678ec8d-81d9-4aeb-aa37-b989a37d6eaf,2026-01-19 20:12:17.102861+00,142870,Terence Anderson
46c703a5-e75f-4e2b-b55a-6140047cfef8,2026-01-28 04:23:33.561869+00,16318,Mario Brega
46f98363-f3f4-4028-a953-a23466887b84,2026-01-17 22:50:05.222332+00,1392937,Carmel Amit
472f16b9-87ad-446e-b45d-f3c962c5da82,2026-01-19 19:54:23.60346+00,2557851,Wayne Powers
473ee190-afd3-4a47-ad8d-cd47413ce6f4,2026-01-19 21:07:04.37528+00,4273,Charlotte Gainsbourg
473f704c-71e9-4409-b7e4-a6f104c0d785,2026-01-17 23:06:38.627612+00,1585,Patience Cleveland
4759a001-1eaa-4001-a40d-632cc7aa92a8,2026-01-17 20:57:19.493617+00,4103999,Stefania Warwick
476170b0-332b-4180-8c50-0e5ea94ed767,2026-01-19 20:37:45.151048+00,41249,Tess Harper
4766bb94-0466-404b-987e-b1618e60b332,2026-01-22 05:17:53.061178+00,1260481,Greta Lee
476b7ce7-ec8c-43d8-874e-60bf3f7a46b7,2026-01-19 19:49:26.162197+00,65344,Esai Morales
477ff6f0-752c-422d-a05d-ee5fd53fccf0,2026-01-17 23:05:08.032093+00,3801,Tracey Walter
4781a60c-b255-4c39-9802-a23fd4a425af,2026-01-17 23:09:35.21473+00,454,Michael Peña
47b948e0-90e8-45c7-80d9-8861b771d946,2026-02-03 07:00:44.192947+00,23533,Zach Mills
47d847bf-a848-498c-8225-6bf0655cb321,2026-01-19 20:26:22.060362+00,1545693,Zazie Beetz
47db1a2e-7d7c-491a-9e80-f0d1507a3021,2026-01-17 22:56:45.081716+00,22075,Reggie Lee
47deea08-62e6-4735-be1d-818753564a9f,2026-01-17 21:00:24.465906+00,2084081,Herb Caillouet
48333f9e-8916-4edd-85b0-b76f85485416,2026-01-19 21:03:35.600447+00,9278,Jennifer Garner
48673802-b2cf-4a24-a5b4-46a4743b28d1,2026-01-19 20:53:43.767452+00,4935,Pete Postlethwaite
487edf9c-7131-4e66-b015-0614997deeb3,2026-01-17 22:58:32.765261+00,4357,Harry Brown
4886a424-eab3-422c-8008-2509da540cea,2026-01-17 20:52:07.23447+00,83271,Glen Powell
4887c665-69fd-4bd4-9b1b-61666a4b2544,2026-01-17 23:08:53.869289+00,100650,Francis X. McCarthy
48896d8d-4f2e-45fa-a97a-b7e51029e387,2026-02-03 06:58:34.533714+00,3773496,Hajime Maki
488d9061-2541-4fa2-b8f0-805ab781d6d9,2026-02-03 06:56:12.237051+00,218589,Joel Robinson
4896f141-d9a9-41c4-a63c-0856f5e10262,2026-01-19 19:54:23.60346+00,58349,Fabio Scarpa
489d345a-f02f-45c9-b863-7aa5bcb1cc7e,2026-01-19 21:11:22.959573+00,1285806,Ian Hultquist
48c3bf67-4ccf-4547-adc1-461d7563c171,2026-01-17 23:02:24.065288+00,133287,Jason Keller
48d66c8f-b0d5-4f1d-81ea-a3920c1116e7,2026-01-19 20:12:17.102861+00,1266859,Barkhad Abdirahman
48ec2d82-c933-4e75-806e-9ab825c9d1cc,2026-01-17 22:45:04.743233+00,1412068,Beth Ditto
48f01fcd-7b09-40bd-aaa4-f09ac92fe8e0,2026-01-17 23:14:38.348517+00,117540,Edwina Carroll
48f26388-02ca-41b6-8893-3d7e57d96084,2026-01-17 22:43:24.48727+00,984513,Saunder Jurriaans
48f44218-1e47-466a-9b05-d397473df9e3,2026-02-03 06:55:09.790833+00,74584,Scott Thomas
48f67bfb-791c-4fab-aa9b-a76035fae05f,2026-01-19 20:26:22.060362+00,125025,Joey King
48f7a9f0-f7ac-47f6-9cc8-6147ad57d7ac,2026-02-03 06:56:26.157503+00,26978,Dana Olsen
4925715a-f8a7-4cc9-9fdc-7ebb024cf763,2026-01-19 20:39:28.61908+00,1207810,Wilhelm Enckell
492c88eb-c68e-4ede-a9e2-a7582a37a2f9,2026-01-19 20:13:49.671069+00,342,Eugene Byrd
4957b0a0-25d4-4b08-a6c6-9b589d023d1b,2026-02-03 06:59:54.97064+00,17006,Ariadna Gil
495886cc-ce76-4f73-8cf4-d8ae85cf9dd2,2026-01-17 23:20:45.418369+00,4443,Christopher McDonald
495b6bbb-3793-4351-af5e-1b182d568c1d,2026-01-17 22:33:34.122707+00,131,Jake Gyllenhaal
49972c01-b25d-427d-8d50-c63b02b2ea3d,2026-01-19 20:39:28.61908+00,2329587,Aamu Milonoff
49a0d3eb-2b61-4e96-b772-a8cea40e51d9,2026-01-19 19:58:49.575969+00,12793,Matthew Marsden
49a878ba-a2b5-4b5d-8368-bc0363a04999,2026-01-19 19:53:23.12908+00,568657,Sofia Boutella
49b596e8-6def-43be-86ff-16ebf19aad36,2026-02-03 07:00:10.287557+00,121320,Ed Agresti
49b87bbe-3692-453a-8357-515e77304e0d,2026-02-03 06:56:59.749831+00,168877,Finn Wittrock
49c8c78d-e9b0-4ab3-9195-5d50f5e3bff0,2026-01-17 23:08:53.869289+00,167720,Andrew Borba
49cd8e22-2c54-4eaf-862d-74c33c0d8962,2026-02-03 06:57:18.430254+00,166658,Katie Couric
49d623d3-2065-42d9-8dba-03db6b697c74,2026-01-19 21:10:09.395074+00,21215,Elise Neal
4a02d07c-022c-44a6-a301-6766e9c34b67,2026-01-17 22:37:28.53073+00,2089988,Jared Johnston
4a073435-571b-448c-bbb6-19155ba6f7f2,2026-01-19 20:07:07.510359+00,26209,Matt Lucas
4a102bd4-298a-47fd-ab84-cc3f9f706a6e,2026-02-03 06:55:23.857556+00,107074,Hy Pyke
4a185e8c-f8a6-4afb-bc01-8a741bbefd8e,2026-01-19 21:01:59.862385+00,15455,Tate Donovan
4a2ba975-441d-4cc0-8824-31dd0feb1d47,2026-02-03 06:58:49.243874+00,30711,Kenneth Lonergan
4a34e7e4-3ea9-4c71-8edd-b952811eac1c,2026-01-17 23:14:38.348517+00,248,Daniel Richter
4a3c3874-c300-4823-8461-0df2bb41bedb,2026-01-17 22:52:22.775658+00,1283,Helena Bonham Carter
4a3dccc1-16e2-4587-a011-7c2b3ef9cb08,2026-01-19 20:44:32.104937+00,1810,Heath Ledger
4a4bfe92-3907-4616-889e-e1eccf86ef59,2026-01-17 23:25:25.787696+00,143256,Natalie Gold
4a6723e3-5f93-4204-a640-0868c6e5f929,2026-01-19 19:47:09.453096+00,7447,Alec Baldwin
4a78aa8a-4ca8-4b43-a009-7e1ec8c45973,2026-01-19 20:14:48.378859+00,18182,Olga Kurylenko
4a84e82e-aff4-46ad-9c69-b49aa336ac8c,2026-01-18 01:22:42.065357+00,508582,Miraj Grbić
4a99ea67-4130-47e0-a283-bdc18b4ca2de,2026-01-17 20:57:19.493617+00,4104007,Domonic Taggart
4af08ede-a0a0-47ad-a5e4-f351a6da836d,2026-01-17 22:57:30.935943+00,21684,Bong Joon Ho
4af123df-372a-4cce-b2c0-3dce82cd7f82,2026-01-19 21:00:00.229847+00,191937,Michael Green
4b0bb371-76c5-4a6c-a2c8-05a341ad7393,2026-01-17 23:16:27.745856+00,77269,John Crowley
4b1ea453-f2bb-4b33-9438-873611bcf923,2026-01-19 20:38:31.276443+00,57448,Eric Schweig
4b1f45a3-75c8-4311-b4e0-284a189eb8d2,2026-01-17 22:50:05.222332+00,2675284,Shafin Karim
4b47495b-e1a9-4a0b-9d1b-466d21c28a2f,2026-01-25 09:07:02.591375+00,3911,John Carroll Lynch
4b4905c1-2e53-4d97-9399-7e95a307ee67,2026-01-19 20:27:15.774259+00,10912,Eva Green
4b70f6d7-e9cc-4194-ba89-fcec2aa3df29,2026-01-17 23:18:39.447854+00,36093,Peggy Roeder
4b9c8f6e-ddd8-48b5-90ba-3e32f25b7b00,2026-01-28 04:23:04.431072+00,6575,Gil Bellows
4baab565-566d-431b-8740-06cffa2b6b1d,2026-01-31 19:56:20.767461+00,3495960,Yao
4bb682d9-beb2-423d-b820-d2af922a1bb0,2026-01-25 21:05:20.600853+00,5942990,Rani Balsamo
4bea3512-9705-4290-a5b0-288d3a3c491f,2026-01-19 20:59:03.126627+00,11164,Kelly Preston
4bf11fbe-4e8a-42a5-9e67-96faf3a48bbb,2026-01-19 20:51:49.257029+00,1184283,Ian Springer
4c0946a7-c51e-46e9-b720-9a6037bbd3c8,2026-01-18 00:39:56.661624+00,130081,Robin Atkin Downes
4c1994fc-e16a-4599-844f-a03fb236055b,2026-02-03 06:59:06.475854+00,19300,Sammi Rotibi
4c2088b3-d859-4a62-a92b-fadb7faccc64,2026-01-17 22:42:40.386287+00,2296,Clive Owen
4c289510-bd56-493e-8cc0-f9e969f2f62d,2026-01-28 04:23:04.431072+00,12645,Jeffrey DeMunn
4c35d473-0889-4a75-9e17-0dd0799e4a4d,2026-01-19 20:09:33.245912+00,188311,Eric Ladin
4c3fc2b2-3aeb-4fa8-b416-855e4644da4f,2026-01-17 22:37:28.53073+00,198847,Jessie T. Usher
4c48207d-b53a-40a0-8faf-ade5c6a7f69e,2026-01-19 20:39:28.61908+00,1037333,Max Ovaska
4c4ee6f7-d888-47a8-a9ed-214697927e82,2026-01-17 22:40:30.733784+00,2338997,David Stanley
4c5c167f-b46e-4476-8826-9d830b4a3836,2026-01-17 20:59:32.13461+00,1214367,Adam Horowitz
4c650912-dbdc-4e3c-8eae-226bdee87a27,2026-01-17 23:08:53.869289+00,21416,William Devane
4c7ab3c7-f214-44ab-a2a4-e6c00f010ac5,2026-01-19 20:04:27.862377+00,57327,David Sheffield
4c7d60a2-1d1f-4619-8a7c-51a2d0df2a74,2026-01-19 20:27:15.774259+00,29930,Ivana Miličević
4c891d61-def8-4fe4-afa1-4330f35dee12,2026-01-19 19:47:09.453096+00,1502366,Martin Cochrane
4c90d7c8-f539-4b68-a9d7-b19275cec679,2026-02-04 03:42:18.031503+00,109708,Bill Burr
4ca2fe3e-83ef-46be-ad0b-fcabb78693b6,2026-02-03 06:56:12.237051+00,12133,Laurie Metcalf
4ccefd38-3814-4c75-9088-72fc98ace7d1,2026-01-17 23:22:06.593835+00,78160,Luca Guadagnino
4cd76272-9455-4bf8-b6ec-97bd081926f0,2026-01-19 20:13:49.671069+00,337,Proof
4cdc4ecb-61fe-427c-93d3-2d26df7b7d64,2026-01-17 22:58:32.765261+00,149638,Mark Gantt
4ce8f982-5b65-414b-a084-34ab48dfa92e,2026-01-19 20:38:31.276443+00,5707916,Sachi Diserafino
4cf24f89-736e-46de-83a8-0e598f190b37,2026-02-03 06:58:49.243874+00,15370,Gretchen Mol
4cf63631-503d-4c05-8012-279112ffecf1,2026-01-19 20:59:03.126627+00,69507,Dee Jay Daniels
4d56c1c0-d1f0-43a3-a532-311ccca89b3b,2026-01-17 22:40:30.733784+00,1945702,Milly Shapiro
4d590eac-4b68-4330-a357-7c2097214f7b,2026-01-19 20:08:50.340044+00,218321,Gary Sefton
4d5a43d9-3066-4bd8-a0ec-7538e9812f91,2026-02-03 07:00:33.374034+00,1967662,Kristy Barrington
4d814e57-6934-4aa4-899f-8997b4667650,2026-01-17 23:18:02.01673+00,41019,Wilbur Fitzgerald
4da04226-bd89-42fd-9601-a5168c8bed89,2026-01-19 21:00:00.229847+00,587,Edward James Olmos
4db5936d-0b94-4681-951c-b3b89767adf6,2026-01-19 21:11:22.959573+00,1039011,Natalia Dyer
4dbb95bc-daaa-409d-8d94-baf4f5923927,2026-01-17 20:58:40.883175+00,195450,Choy-Ling Man
4dc5a9ff-c418-4f9b-8a02-ee92afff37ed,2026-01-19 20:53:43.767452+00,56166,Carl Bressler
4dd290e4-7266-411b-9a8d-8844abdafaff,2026-01-19 20:42:24.616538+00,1380903,Jimmy Roussounis
4ddfb411-f7b1-48ec-a8d7-09a60ef96e0f,2026-01-17 23:08:53.869289+00,32202,Leah Cairns
4e0bff7f-e87e-4f48-b095-7908953373c5,2026-01-19 19:54:23.60346+00,58350,Cristiano Bonora
4e2427be-8fca-4848-ad87-eea4ec5f5cbb,2026-01-17 22:41:47.888868+00,3522797,Devon Wood
4e26c282-76fd-4c36-9506-075544352a09,2026-01-18 01:16:50.605495+00,1665,Eddie Marsan
4e2dc6f7-2cb1-44e4-9e74-013ff8df5518,2026-01-19 20:35:27.581284+00,5287,Terence Blanchard
4e3ee67b-cf7b-4b7f-901c-79f33696c261,2026-01-25 21:05:20.600853+00,52850,Lina Esco
4e642fa5-1c8f-40e1-bbdf-42627bd81cea,2026-01-19 21:07:51.9608+00,115150,Kaya Scodelario
4e9aa9d6-6393-4adc-910f-5150319c8961,2026-02-03 06:59:54.97064+00,106707,Eusebio Lázaro
4e9fffaf-d67d-4bef-b844-6b58419f4984,2026-02-03 06:53:39.184287+00,973,Jason Flemyng
4eb82b9d-1497-4b5f-9d7a-4644131a841f,2026-01-17 20:52:07.23447+00,1279644,Eric Warren Singer
4ebed938-ecfe-4060-95ef-7fc6bc9533bc,2026-01-19 20:59:03.126627+00,56251,Kevin Heffernan
4ec7ce90-5337-4e23-8c5b-c507aa387cfa,2026-01-31 19:56:20.767461+00,1650191,Andrene Ward-Hammond
4ecf9f76-b92c-448f-8313-d4a4870d8b5d,2026-01-19 20:50:27.706889+00,1995178,John Ripa
4ed3103d-dcae-4441-a845-a5de953394f1,2026-02-03 07:01:08.804847+00,1728070,Domonkos Németh
4ed8f41d-9c90-49ed-a5de-43e65a781050,2026-01-22 05:17:53.061178+00,12214,Gillian Anderson
4edb2444-2c88-43f7-a95b-d111ea4a4580,2026-01-19 20:45:22.505512+00,287341,Billy Bush
4edf44ee-b504-43e6-b786-ab921d392e84,2026-01-19 20:47:10.545294+00,3255760,Rob Bowen
4f2c601d-1819-4d97-9310-7fa157ab0df2,2026-01-19 20:01:35.925296+00,2283,Stanley Tucci
4f32bd36-94eb-46cb-90fc-86c18e9bce6c,2026-01-19 20:13:49.671069+00,334,Omar Benson Miller
4f418199-c5bc-47b0-b039-72815431abb1,2026-01-21 05:50:48.309775+00,2008211,Antonio Mattera
4f75b55a-cdb2-4ca2-b44b-1d7db5bfd74d,2026-01-25 22:57:22.603952+00,87257,Cary Joji Fukunaga
4f80e715-324a-4875-8619-4c9fb1f22832,2026-01-17 23:11:08.000867+00,25600,Patrick Crowley
4fcf4a4c-84d0-4099-8ff8-1119af4d3837,2026-01-19 20:01:35.925296+00,15831,Frank Welker
4fec58bd-bad2-4211-8ee7-98184a7e5858,2026-01-17 23:00:21.741698+00,550662,Koichi Tochika
4ff8fc4a-0f6c-40e4-9f2c-512d31a57ed1,2026-01-18 01:03:45.515954+00,508,David Koepp
4ffad95a-013a-49ac-b431-24651a9630e0,2026-01-19 20:23:17.356136+00,1770735,Calvin Demba
501982de-37bf-4a38-8450-71c9ba2cf371,2026-02-03 06:56:59.749831+00,1697098,Thom Shelton
5032bdda-45d7-47cc-ab84-9d0018cf6225,2026-01-17 23:18:02.01673+00,20212,Dermot Mulroney
50441d45-9568-4bef-bf6b-5ebc3e5e49e1,2026-01-17 23:13:02.785122+00,49944,Anne Ramsey
505cc3d8-7e13-41dc-ba7e-f08707eab61b,2026-01-19 07:55:07.374835+00,3088,Sterling Hayden
50644cc0-b784-4f9c-8d57-f80793324477,2026-01-21 05:50:48.309775+00,74624,Ernest Cline
506988c9-2c9d-42cb-b26f-2e875bedc4de,2026-01-17 23:19:57.950471+00,3143736,Anny Jules
506c54c1-304d-4dd6-82db-5fa8daf5eca6,2026-02-03 07:00:10.287557+00,4119,John Qualen
507c6e59-4ad2-432c-819f-a2ac23c5fbbc,2026-01-22 05:17:53.061178+00,552252,Hasan Minhaj
50b381b8-d7c0-4b41-83ca-f82acabf6c61,2026-01-19 19:53:23.12908+00,119758,Anita Brown
50e173d6-84e5-4247-855d-8b022936dbf8,2026-01-17 23:08:10.282741+00,1402695,Fred Sorenson
50e7caa7-46a8-4467-aefd-2249cf57be1e,2026-01-17 23:08:10.282741+00,2247,George Harris
50f9ce06-9aa1-4d5a-aa44-4ea99a64a32d,2026-01-17 22:32:33.613381+00,43138,Ian McElhinney
50feb501-a3f6-4ba8-9f55-e293b22fa887,2026-01-17 20:58:40.883175+00,3839399,Benjamin Wong
51018aba-2a4c-445f-bb73-8ea447cceb46,2026-01-19 20:06:14.816718+00,2220,Tony Curran
5117e9dd-e6b6-4e5e-b88b-5109fc73894c,2026-01-18 01:01:14.104724+00,167295,John Cygan
511d0f5c-e1b2-4040-afee-23da18ea1d5e,2026-01-17 22:52:22.775658+00,819,Edward Norton
513f95fa-6520-4b12-9bca-f16989c3cc29,2026-01-17 23:11:08.000867+00,4785,Jeff Goldblum
514c9a90-c55e-4d3c-8652-71f11903ef1c,2026-01-19 19:48:15.066607+00,1651413,Raphael Desprez
514f8951-6030-46fe-aa9a-c45efd9ca999,2026-01-17 23:18:02.01673+00,20975,Nada Despotovich
519a06fb-3a82-4f71-a949-5bd85213b78a,2026-02-04 03:42:18.031503+00,20907,Antoine Fuqua
51e267da-73c0-43bd-9157-7dd0f76e0e5e,2026-01-17 22:53:05.33733+00,1900369,Michael Gandolfini
51f56d90-a936-48d9-a7f0-8e21b6925f58,2026-01-17 22:24:38.382171+00,17356,Garrick Hagon
523d776e-1a11-4def-8951-61196802594f,2026-01-28 04:23:04.431072+00,4027,Frank Darabont
5246c81b-b033-443b-a203-68effa235ff5,2026-01-17 22:57:30.935943+00,17486,Alison Pill
52a340aa-98dd-4984-918b-067196bede22,2026-01-17 23:16:27.745856+00,37625,Andrew Garfield
52a7e1f8-577d-4035-a135-99996746d7f9,2026-01-17 23:26:43.350319+00,227565,Ronald Bronstein
52ac1093-6b55-4b35-98da-8a56aec27acb,2026-01-17 23:00:21.741698+00,65438,Shinpachi Tsuji
52b56a92-ea47-4802-9124-1d188994c9e8,2026-01-19 20:50:27.706889+00,1610446,Della Saba
52dae3c3-e71d-446a-bb51-7497149682a2,2026-01-17 22:52:22.775658+00,7470,Meat Loaf
52eb2c32-4c0b-49db-8a28-3f5af7c6fb7c,2026-01-17 22:31:43.771631+00,205406,John Tui
52f1f8f8-3c67-45ff-873b-b8e48eade869,2026-01-17 22:47:11.909102+00,1190668,Timothée Chalamet
53177991-15d4-4047-a264-8be517fc6e19,2026-02-03 06:57:39.669237+00,1583204,Pierre Richard
531da91e-13c1-47d5-b594-b79d9288253e,2026-01-19 20:06:14.816718+00,933,William Nicholson
5326673c-baff-46e0-9c77-09b641a5cbef,2026-01-18 01:13:49.934221+00,12206,Richard Roxburgh
53361e46-bdf4-49c7-96d3-217ae44eb0bd,2026-01-17 22:36:15.382506+00,21163,Gary Cole
5352df1a-c9dc-41cd-afa1-5631918413e9,2026-01-17 22:50:50.122456+00,532,Joe Pantoliano
537a57a5-d2eb-4317-8e72-ea6b9bd44615,2026-02-03 07:00:10.287557+00,4116,Madeleine Lebeau
5388cbb4-4b6a-42c4-a06d-84cb8f58b37a,2026-01-19 19:54:23.60346+00,58354,Mary Portser
538e10b0-65e7-49a4-91cf-98bd5b644aaf,2026-01-19 20:10:28.342928+00,1646469,Ted Chiang
53967df1-f974-434b-b5de-be1797c62a48,2026-01-17 20:56:17.679862+00,5081,Emily Blunt
53a13588-183c-4d48-bc14-8484a471c68f,2026-01-17 23:14:38.348517+00,241,Arthur C. Clarke
53a1ea37-63d9-4d15-9985-5ddcd94ba6df,2026-01-17 22:29:42.013994+00,1329041,Brian Herring
53a2450e-eaca-45ac-bd33-b4ed47b9377d,2026-01-17 21:01:34.335863+00,130,Kenny Baker
53ace8fc-b3ab-4f72-853a-2e7ee7ec6236,2026-01-17 23:02:24.065288+00,19498,Jon Bernthal
53b8cc5b-5263-4e24-a931-644da9756328,2026-01-19 21:10:09.395074+00,83367,Krzysztof Soszynski
53bb737c-a9ae-4bcc-8d0d-89371e4bcc74,2026-02-03 07:03:27.330761+00,4416320,Terrence Burton
53c1cb9d-5d44-40e7-bf25-6dcda8ac9f1f,2026-01-17 23:26:09.781518+00,3359748,Jack Alberts
53c420f0-4368-4511-b52d-c1f104cee6b2,2026-01-19 21:03:35.600447+00,121019,Kitty Carlisle
53cbcd48-c427-44f8-b56e-1364d57c3581,2026-02-03 06:54:08.464148+00,52939,Max Kasch
53ec74a1-b2bd-45f8-97b0-b5147be9696a,2026-02-03 06:56:12.237051+00,12939,Ira Newborn
5419e5a4-a135-401a-a0da-e7b147ac87ad,2026-01-19 19:48:15.066607+00,1692241,Jean Baptiste Fillon
541e0b1e-b887-4994-b40a-140fec4d5896,2026-01-17 23:13:02.785122+00,17495,Martha Plimpton
543b7b39-bcdd-417e-9c01-56424b81cd69,2026-01-19 21:03:35.600447+00,2689,Jeff Nathanson
544bde5c-f5dd-44a4-b9cc-f40b6a0e8475,2026-01-17 21:15:08.292248+00,19802,Jonathan Hales
547bbe27-7b64-4d24-8086-8bec1088f494,2026-01-28 04:23:33.561869+00,5810,Luciano Vincenzoni
5481a9df-18c3-4ba4-8233-27e39956030f,2026-01-19 20:53:43.767452+00,9045,Stephen Baldwin
54932e89-e911-49a9-a201-bec14e02abd2,2026-01-19 21:07:51.9608+00,527393,Dylan O'Brien
549bb851-8153-42f0-a5fe-ef15772b1544,2026-01-19 20:59:03.126627+00,11665,Michael Angarano
54c90a81-274c-40d2-99b6-42f063f1ab6e,2026-01-19 20:39:28.61908+00,148353,Arttu Kapulainen
54e8f793-6c97-4069-abfe-7474ae7ad185,2026-01-17 23:17:23.981754+00,103011,John Philbin
551e6287-cd39-4afb-a4f8-f25b52c18e46,2026-02-03 07:00:10.287557+00,1331750,Enrique Acosta
5524f239-a0f6-4440-89ae-461a415da860,2026-01-22 05:17:53.061178+00,1695989,Jodie Turner-Smith
55275bf9-6a75-451f-ae6d-c35e8de07e09,2026-01-19 02:24:59.225425+00,51303,Jeff Wolfe
55324a78-4abf-44fa-8a9e-00b20413c029,2026-01-19 21:01:24.060969+00,2815725,Ann Marie Green
554624e7-41ee-4864-80fa-f138574ca32e,2026-01-17 23:08:10.282741+00,655,John Rhys-Davies
55645699-92ab-4ad7-b221-61e08b252169,2026-01-19 20:13:49.671069+00,344,Larry Hudson
55932435-0fd4-450d-b78d-9cfdca58c3a9,2026-02-04 03:42:18.031503+00,1923202,Gustav Möller
5597df31-798b-42a4-9deb-da2b38aa26c9,2026-01-29 05:37:22.221296+00,3028,Bruce A. Evans
559e7354-a276-4872-9a46-8ec642aabd43,2026-01-17 22:52:22.775658+00,59285,Ezra Buzzington
559f6964-8b86-4941-82f6-aa85b25962c2,2026-01-17 22:46:25.239342+00,15440,Jared Harris
55a952b4-d7de-44f5-b600-60337846fa2f,2026-02-03 06:57:39.669237+00,2309944,Valeriia Karaman
56091ee8-4c36-4774-a62e-3cda627802ab,2026-01-17 22:41:47.888868+00,36697,Gábor Csupó
561b38a6-24fb-46ea-a882-ba5213deae1a,2026-01-19 20:36:11.709119+00,1859934,Tati Gabrielle
562c46d8-227d-4376-b2ef-b39da0e4ead5,2026-02-03 06:58:34.533714+00,72413,Tsutomu Tatsumi
56333fa4-dd71-4a93-935c-204c8bc49520,2026-01-19 20:36:11.709119+00,2230184,Peter Seaton-Clark
564534c6-f608-479f-87a5-7db7c93be125,2026-01-17 22:37:28.53073+00,79087,Robin Weigert
56638442-03e6-4ec8-8a18-bae376a8079e,2026-01-19 20:36:11.709119+00,10851,Ramin Djawadi
568005c7-a744-45ee-97c2-cf343b793fc2,2026-01-19 19:58:49.575969+00,11678,Rainn Wilson
56828653-84e2-4e0d-b73a-0f2e754978da,2026-01-17 23:10:23.514105+00,14592,BD Wong
56ab2f8c-0eb3-460d-9a66-a4cd225898b9,2026-01-19 20:46:24.087546+00,1642892,Ariadne Joseph
56b9287b-bbd9-45f8-9b78-de8e1d23187a,2026-01-17 20:56:17.679862+00,169920,Leon Russom
57001273-b8c0-4ce7-9c8e-f4420a8cb216,2026-02-03 06:53:39.184287+00,1119,Robbie Gee
571f3d9f-d3fa-4289-9953-168ca1ea88b1,2026-01-18 03:05:04.679854+00,91443,Kevin Dorman
57300994-e79d-4933-b6e0-8080003b8dcb,2026-01-19 20:27:15.774259+00,10917,Simon Abkarian
5755c074-3206-4dc1-8588-3c6d4677d576,2026-01-19 20:12:17.102861+00,1266858,Faysal  Ahmed
5764d880-c01e-4dfd-89a2-e47b487aaf57,2026-01-19 21:01:59.862385+00,61510,Christopher Denham
5769a110-254d-40b1-9172-d5f20718a46c,2026-01-19 19:52:34.945104+00,1051473,Jeremy Raymond
578113de-af1d-41f8-988e-7d6657a4bf1c,2026-01-19 20:07:54.108456+00,1802887,Greg Noonan
5787a0d1-dbc6-4da1-a5b6-d00f66769735,2026-01-17 23:12:17.50611+00,94797,Dichen Lachman
57936bfb-a3a8-4b81-a059-0fca700f6bde,2026-02-04 03:42:18.031503+00,1648880,Aileen Burdock
57a59732-397e-4c8b-8803-20acdbeb277d,2026-01-25 22:57:22.603952+00,151344,Hugh Dennis
57abdd61-881a-4fee-80d7-a6e973591e14,2026-02-13 05:51:24.87582+00,53668,David Willis
57b9b79b-06a7-41df-abeb-611b22f0246b,2026-01-19 20:30:21.715385+00,1234388,Simon Kassianides
57bcafdb-c969-42c0-b8d2-74680ed3026d,2026-01-17 22:45:04.743233+00,53807,Armie Hammer
57c1b3ce-485c-4839-9d44-c74481686c8e,2026-02-03 01:23:53.163956+00,1643383,Krysty Wilson-Cairns
57dd5af5-b677-4025-acd8-f1263a1601a6,2026-01-17 22:58:32.765261+00,1892,Matt Damon
57e9ffcc-b446-4c2b-84ba-97f2f956895e,2026-01-19 21:07:51.9608+00,1257144,T.S. Nowlin
57f3a5a5-5e94-4ede-8354-1cfa87e2e253,2026-02-03 06:56:26.157503+00,102441,Dick Miller
580b2d44-5e8a-4e68-b321-df5854a6b6bb,2026-02-03 06:59:36.275135+00,51310,Henry Wilcoxon
581500c4-6011-4106-a4e1-415b6800ea22,2026-01-19 20:45:22.505512+00,36821,Nicholas Guest
58266181-48ea-4a0f-befa-904963d7d3d5,2026-01-17 20:50:09.746171+00,12073,Mike Myers
5841342a-af77-42f1-8057-ccad95115631,2026-01-19 20:02:24.1983+00,12783,Ken Nolan
5847d697-e4a7-41d8-bd94-c9888cf48ac5,2026-01-19 20:32:23.380717+00,125660,Andrew Scott
5855d389-e26c-4f2c-a35c-467685cc1b01,2026-01-19 20:03:20.643674+00,237,Aidan Devine
586c7398-244c-465a-bd3c-42352eef005d,2026-01-17 22:32:33.613381+00,77335,Ben Mendelsohn
58834fbe-4651-4e0b-bf8a-52bfc5fe9004,2026-02-03 06:59:54.97064+00,1077944,Juanjo Cucalón
58917409-cb5a-45e6-9fa4-8f8bfba90e62,2026-01-17 23:21:23.844244+00,1281629,Cassandra Ebner
58922cad-e934-4742-a330-7cd72808cb92,2026-01-19 20:49:42.186009+00,4207972,Jimmy Dale Hartsell
58b13670-b4a1-42ed-9b45-3ea1b798bb0d,2026-01-17 20:56:17.679862+00,1815539,Millicent Simmonds
58ef514a-12b0-468b-adb0-2a7a84b8e7b4,2026-01-17 22:48:49.098952+00,121529,Léa Seydoux
58f740ec-4ba9-44d2-9aef-4b102a10e5a7,2026-01-17 23:26:43.350319+00,2097856,John Catsimatidis
590696eb-05da-4f18-8017-ca2f7fc5a417,2026-01-19 20:12:17.102861+00,21807,Billy Ray
5939c529-8d33-44d4-96f3-b98c51b19524,2026-01-19 20:01:35.925296+00,1230,John Goodman
593fa140-8ea7-4cde-921f-ef05196d7b41,2026-01-29 05:37:22.221296+00,3040,Jason Oliver
596f1620-f13d-4079-a964-927f4265e22f,2026-01-19 07:55:07.374835+00,3095,Gianni Russo
597cf5b2-7cfd-422f-b959-cbac8cea44f5,2026-02-13 05:51:24.87582+00,1505845,Erica Sullivan
598039cf-5dd4-49b6-9bc8-3dead0251322,2026-01-17 20:52:07.23447+00,5576,Val Kilmer
59d25994-d281-4432-a52f-b027ee0ce55b,2026-01-19 20:38:31.276443+00,65829,Wood Harris
59dd2cef-27e0-4655-8a70-5eb383946a48,2026-01-19 20:27:15.774259+00,1088,Ludger Pistor
59df82fb-8911-45a2-9b4a-39ca016a9dc4,2026-01-17 23:12:17.50611+00,206425,DeWanda Wise
5a07d956-518a-4387-8723-0d53b55c6c60,2026-01-19 19:57:52.038557+00,2520389,Luis Echagarruga
5a384060-e94e-4ce4-b14a-4bd0a8168799,2026-01-19 19:49:26.162197+00,2130,Cary Elwes
5a3c591a-13bf-4fb6-b557-194b374beea6,2026-01-19 20:11:19.287269+00,222051,Ingrid Oliver
5a483489-1136-4a1d-a75d-e039e6a1d46a,2026-01-25 22:57:22.603952+00,3226897,Lisa-Dorah Sonnet
5a488e6e-b103-4db2-8454-4d91c3c972a9,2026-02-03 06:55:23.857556+00,589,Daryl Hannah
5a9a3122-69e8-48ff-9b6b-20115df9a9e0,2026-01-19 20:57:24.797871+00,19153,Cliff Robertson
5ab6dc0c-db71-4853-b326-d9a0188ea9d3,2026-02-03 06:56:12.237051+00,11510,Macaulay Culkin
5ad17055-36f4-4f1f-b6da-666d57b42fd2,2026-01-17 22:57:30.935943+00,1304278,Jacques Lob
5ada44f9-8360-49c7-b56b-20ffb327294c,2026-01-19 20:02:24.1983+00,1400880,Jerrod Carmichael
5b08f01e-b2f8-4187-80ea-0938b903ec27,2026-01-17 23:22:52.280198+00,4937030,Vlad Mamai
5b1b5fa3-e21e-47c4-9769-fedb6b9e5419,2026-01-19 19:57:52.038557+00,19537,Megan Fox
5b303e5a-28bd-4a40-b8d5-58969c29dee2,2026-01-19 20:38:31.276443+00,10691,April Grace
5b5e1354-3930-4c92-98e5-084c26d6b700,2026-01-17 23:26:09.781518+00,6193,Leonardo DiCaprio
5b6091cf-60af-477f-bd53-7b9d1aa374ab,2026-01-21 05:50:48.309775+00,1059572,Lena Waithe
5b60d721-2eee-40dd-9182-bcb796dfb457,2026-01-17 22:50:50.122456+00,529,Guy Pearce
5b8841ea-89c6-438f-9f9a-6d5bf48cc2b5,2026-01-19 21:00:00.229847+00,224513,Ana de Armas
5b98f9ea-5201-42fd-ae00-8c553a328111,2026-02-03 07:02:46.175859+00,42694,Tamara Tunie
5ba37ddb-6e4a-4119-ab90-6e741d31a8bb,2026-01-17 23:18:02.01673+00,4734,Jenny O'Hara
5bb44530-fdb7-446a-aee2-1f0fa23b9d73,2026-01-19 20:35:27.581284+00,1294982,Paul Walter Hauser
5c1867d9-c031-4886-b050-5065420d1a3f,2026-01-17 23:06:38.627612+00,69597,Drew Barrymore
5c61f88a-0c88-4de1-af87-80370b9e8177,2026-01-17 20:59:32.13461+00,929917,Lee Sternthal
5c64458a-b280-4f09-b9ba-5c759bfae36f,2026-01-17 22:41:47.888868+00,54492,James Gaylyn
5c65d2ef-0db2-4455-939d-ee77c215b6df,2026-01-17 22:45:04.743233+00,1508785,Ellie Bamber
5c684fad-4d3d-4280-a0fe-587471dc287b,2026-01-17 22:50:05.222332+00,1781693,Scott Nicholson
5c780ea5-a84b-48a1-9a3f-0a4b1a0afe86,2026-01-19 20:06:14.816718+00,4012,Spencer Treat Clark
5cb068e9-793b-4a7d-ab19-ed5135c19bd6,2026-01-18 03:05:04.679854+00,32747,Stephen Lang
5cb78781-53bc-4774-8074-d51ec590a249,2026-01-25 21:05:20.600853+00,2258527,Jayson Merrill
5cd76341-17e7-437f-8823-3b0e32955e14,2026-01-19 20:18:30.486515+00,1590835,Brent McIntyre
5cdcfa10-5661-4dc6-aa42-a4d594d47c41,2026-02-03 06:57:18.430254+00,1318907,Blake Jones
5cfb2174-8c6d-4b0f-b854-2bd9ae2cccce,2026-01-17 22:44:09.652092+00,1237502,James Huang
5d0a4f6f-3ba5-40f4-852f-7ee6af89ff64,2026-01-17 21:00:24.465906+00,2227,Nicole Kidman
5d111cfa-5114-4601-b265-ad683cc472e8,2026-01-17 20:52:07.23447+00,124112,Charles Parnell
5d1af71a-d8bb-480b-8bcd-608b0753ca45,2026-01-19 19:54:23.60346+00,53573,Olek Krupa
5d21ea2e-3348-475b-9234-7005023be921,2026-01-17 22:47:11.909102+00,2411333,Seun Shote
5d3e9664-c55b-447f-b937-7884e2a9fd64,2026-01-17 22:58:32.765261+00,1885,George Clayton Johnson
5d4955f4-e380-42a7-a49b-cd6371234c89,2026-01-17 22:33:34.122707+00,587036,Zoë Soul
5d4caa68-1844-484a-962a-965f3a09d00c,2026-02-03 07:02:46.175859+00,53176,John Gatins
5d67fc90-9e30-402d-8c55-80da84bb6601,2026-01-17 21:01:34.335863+00,3896,Liam Neeson
5d6b0546-1f27-47b2-8293-8b93b2ac5080,2026-02-03 07:02:57.923828+00,1324651,Stan Chervin
5d8257a1-8f65-432b-bf4f-ec1db3dddbe9,2026-02-03 07:03:27.330761+00,1242,James G. Hoosier
5db34dac-0c7d-4aa3-892c-c6d5ebaa9bcc,2026-01-17 23:26:09.781518+00,19654,Michael Chiklis
5db54d28-d243-42df-8e5f-e9b34911a136,2026-01-17 23:19:23.274632+00,5655,Wes Anderson
5dc20cde-9a96-4c19-a49e-f8ac7d1a7c28,2026-01-19 20:12:17.102861+00,75604,Yul Vazquez
5dc61b60-54df-486f-9933-c096feca3627,2026-01-17 22:35:19.14754+00,5529,Anna Popplewell
5dc733d8-5bac-45c0-bc24-73917d860037,2026-02-06 06:34:32.707167+00,21127,Bobby Cannavale
5dcfa5c2-c087-4c52-a5ec-f202cf02f2e1,2026-01-19 20:12:17.102861+00,17199,Corey Johnson
5de5bed7-a599-4aff-96a1-f01361f61fbc,2026-02-03 06:56:59.749831+00,1427680,Jessica Rothe
5de5d8e2-752a-403d-bce8-211690754cc7,2026-01-17 23:22:52.280198+00,4937031,Maria Tichinskaya
5dec7353-9b47-4260-b6ec-e1a1521b4422,2026-02-03 06:54:23.759182+00,12646,Terry O'Quinn
5df85358-1df0-41f0-954d-f8543d53dbcb,2026-01-18 01:01:14.104724+00,84493,Mickie McGowan
5dfeaf91-2f35-48ba-ae0c-519fd301212f,2026-01-19 20:15:31.141157+00,22,Barry Humphries
5e060a57-8c33-4348-a1cd-30a2a43d0776,2026-01-17 23:19:23.274632+00,992097,Hugo Guinness
5e21b8ab-3eb6-4e3c-92cd-0bbb7d842f58,2026-01-19 19:47:09.453096+00,1361888,Fernando Abadie
5e25856a-5a21-4412-a696-b2bc9b708c94,2026-01-17 22:32:33.613381+00,15347,Michael Giacchino
5e2d56ca-9a92-4cdb-a4ae-1e6802e2a8eb,2026-01-17 22:37:28.53073+00,2218465,Parker Finn
5e3add36-4394-422a-bb44-43b2190ce27f,2026-02-12 07:07:55.251269+00,1944,Alan Reed
5e3fdf96-b974-4ad1-9c23-c28a4bb96711,2026-01-17 22:47:11.909102+00,1856875,Golda Rosheuvel
5e4c38f7-16d5-40ed-9d84-f2dc18356466,2026-02-06 06:34:32.707167+00,19,Allison Janney
5e500c66-eb20-4965-b7a8-ea11d94ce801,2026-01-17 22:36:15.382506+00,59231,Joel David Moore
5e51ba64-a231-4da3-bded-d022fcf15acf,2026-01-19 20:23:17.356136+00,70517,Thomas Turgoose
5e5da68d-2344-423f-b642-8f887bbca15d,2026-01-18 01:01:14.104724+00,12890,Pete Docter
5e6895e3-efd2-495e-8ad9-b354c79db12c,2026-02-03 07:00:44.192947+00,1077857,Samantha Harvey
5e6aec45-587e-4b41-a093-399fbb8ff4c7,2026-01-28 06:09:46.680089+00,6615,John Mighton
5e8e22de-4252-4a4b-93c8-66a08156154e,2026-02-03 06:54:08.464148+00,1419631,Justin Hurwitz
5ea1e413-9957-491e-8f72-9132912093d7,2026-01-19 20:46:24.087546+00,101065,Michelle Lee
5ea5eec5-771a-48f4-afe1-e9a9d45b8f6b,2026-01-17 22:35:19.14754+00,2467,James Cosmo
5eb047a8-7e1d-4d0c-a944-fa5398524b50,2026-02-04 03:42:18.031503+00,130777,Maurice Webster
5eb38571-8f0a-446a-9435-d7b639b6e731,2026-01-19 20:52:47.996974+00,61110,Fred Armisen
5ec7c619-0eb3-42b4-999b-01bc751bd3f1,2026-01-19 20:47:10.545294+00,3255761,Beau Sargent
5ed84d24-a016-4f7a-95d4-da1ba1c44239,2026-01-26 05:46:50.763324+00,107800,Alex Honnold
5ef1ff6f-e3d5-4bc0-b156-0ea6b1b8ce43,2026-01-19 21:01:59.862385+00,6752,Zeljko Ivanek
5eff53a7-cbcf-4029-8279-37c751430e53,2026-01-19 20:22:25.68211+00,1013048,Theo Barklem-Biggs
5f0305c0-fbc3-4ce4-80d6-fa87abaf1eb5,2026-01-17 22:50:05.222332+00,1852252,Elvis Perkins
5f1144fc-36e7-4c08-8b84-ab969e4dc350,2026-01-18 01:03:45.515954+00,15323,Nathan Osgood
5f2c75d0-72ec-4170-88d3-39de71034bd4,2026-01-19 20:36:11.709119+00,1330044,Diarmaid Murtagh
5f4002cd-2d23-4d03-9c68-dd53b69d30ce,2026-01-19 20:22:25.68211+00,1364003,Tobi Bakare
5f4a4dd3-2574-46ce-bae8-8ac2e0a7dbe1,2026-02-13 05:52:58.243454+00,1923,Robbie Coltrane
5f585a51-292c-42c3-a0b9-8b253f1c88b6,2026-01-19 20:37:45.151048+00,1225,Carter Burwell
5f59dd58-778d-407d-8fbd-c6d7e1be7792,2026-01-19 20:17:13.909263+00,65,Ian Holm
5f5d727c-c472-4712-834d-00a430ff6cb4,2026-01-19 20:22:25.68211+00,1504792,Adrian Quinton
5f618418-9bf9-46e4-87ce-2236ffb2fe22,2026-02-03 06:54:08.464148+00,1451542,Charlie Ian
5f8bc0a5-dc14-417b-97b1-3f85c8779745,2026-01-17 22:45:04.743233+00,1667787,Imogen Waterhouse
5f99b60f-694c-452c-8992-6326c0a0280c,2026-01-17 22:57:30.935943+00,21689,Ko A-sung
5fa0877c-d124-4352-81ba-1df3026812e3,2026-01-17 23:05:08.032093+00,102429,Roger Corman
5fa6d81e-2d3c-48f8-802d-a8b7f7fedd7a,2026-02-03 06:54:56.708103+00,1808040,Steve Gagliastro
5fc34db7-8e62-4ade-8198-85c5523a3494,2026-02-03 06:56:26.157503+00,37600,Wendy Schaal
5fc727a7-f0b4-4f45-95ae-326641f534ff,2026-02-13 05:51:24.87582+00,164652,Randall Carver
5fd8863c-cefa-4537-bdf5-37c23d38dc36,2026-01-25 21:05:20.600853+00,5942992,John P. Brady
6020f318-e3ca-4b8f-bb5d-467ba43043fb,2026-02-08 09:39:00.152385+00,530025,Willow Shields
6040dd7d-77b8-4bec-b5ed-cdb9e105a5c2,2026-01-17 22:27:32.161838+00,37442,Caroline Blakiston
60600e8f-cd16-4bd9-bf26-b6edb7280fc1,2026-01-19 21:07:51.9608+00,1415403,Michael Bow
6070dd28-8723-4f87-a9ef-10071675a925,2026-01-21 05:50:48.309775+00,1816288,Ronkẹ Adékoluẹjo
6084f551-ca59-4182-ba31-32b6b52a94ae,2026-01-19 20:46:24.087546+00,1765806,Malcolm C. Murray
60877524-e646-4246-ae27-d2b018ed393a,2026-01-17 22:46:25.239342+00,1133349,Elizabeth Debicki
60894c50-2725-48bc-8619-761efb53386a,2026-01-17 23:00:21.741698+00,62318,Shin-ichiro Miki
60902551-967e-4fb6-b045-3c93e14daf9c,2026-01-19 20:04:27.862377+00,31839,Ruben Santiago-Hudson
609bb0aa-1647-46fa-b751-4db1836a11e4,2026-01-18 01:13:49.934221+00,15343,Kim Fleming
60c4c01b-e382-471c-82d8-b1b1eae3a9d0,2026-01-21 05:45:56.025826+00,1213795,Tom Rosqui
60d255d4-acb2-4050-afcc-fa978a91290e,2026-01-17 23:00:21.741698+00,553955,Osamu Hosoi
60d63756-ddc0-45a6-a005-40472d06cc02,2026-02-03 07:00:44.192947+00,23536,David Rendall
60edf8bf-5ea0-49f2-8dab-820129cf29e9,2026-01-28 04:23:04.431072+00,8693,Jude Ciccolella
60f8f089-3bf2-4057-bbda-a1c1a784e882,2026-01-17 22:48:49.098952+00,86654,Austin Butler
6123afe6-8fd4-40ca-a1db-4095e744f590,2026-02-03 06:58:34.533714+00,72414,Ayano Shiraishi
612af41e-3bfc-4f76-b8ee-d715fcb7c55e,2026-01-19 20:12:17.102861+00,203541,San Shella
61375a26-2c69-4566-a34f-c1a8ea47d845,2026-01-17 22:45:04.743233+00,558016,Abel Korzeniowski
613d23a5-b1d6-421c-91fe-9ffad8f381ef,2026-01-19 19:56:28.252593+00,86525,Paul Tamasy
613fd3ac-784a-4625-bbb4-ea1867f7880c,2026-01-17 22:41:47.888868+00,54480,Grace Brannigan
61440dd0-9766-421e-8e44-c58ade75a5f9,2026-01-19 20:41:20.99353+00,1715,David Bailie
614c2208-5f38-4d6a-bd90-45ced7f72c4e,2026-01-19 20:02:24.1983+00,1378695,Erik Aadahl
615ed27b-4b42-4bf5-9809-d5ece1700efb,2026-01-28 06:09:46.680089+00,2157,Robin Williams
6170529a-30a5-4e51-9085-cae84fe3fe71,2026-02-03 06:55:23.857556+00,53760,Kevin Thompson
61709e28-593d-4577-b5f2-4738bee41c74,2026-01-18 00:39:56.661624+00,24264,Craig Ferguson
617e573f-96d4-4a20-bc51-5404540cac8d,2026-02-03 06:57:09.900217+00,1437547,Joshua Henry
61917803-471a-48f5-a599-0872d33262ab,2026-02-03 06:56:59.749831+00,16857,Tom Everett Scott
619f5e91-3a2c-47df-9a6d-0381724b6f78,2026-01-17 23:06:38.627612+00,1589,Michael Andrews
61a99e7d-f40d-488f-9dcb-29c3b1f0fb4c,2026-02-04 03:42:18.031503+00,1450392,David Castañeda
61bafbe9-8a3a-4341-8cfa-f7c2cbe5745e,2026-01-17 23:22:06.593835+00,4643894,Hudson Rivera
61bc7728-4178-4a99-a94e-fdebee4360fd,2026-01-18 01:01:14.104724+00,84494,Donald Fullilove
61c161ee-8f94-4653-a110-6cfaf402dae8,2026-01-19 20:24:49.750006+00,960,John Murphy
61ce36d7-94df-4031-8c66-ef5c43ce73c9,2026-01-19 20:01:35.925296+00,1007683,Jack Reynor
62040fc9-5824-414a-bb9e-06f07687e730,2026-02-03 06:59:54.97064+00,17005,Doug Jones
621488e8-6dbb-4cd0-b1ca-25120702cc61,2026-01-19 19:47:09.453096+00,16702,Sean Harris
6257687d-f6cc-4156-a992-12a708ae8557,2026-01-17 22:43:24.48727+00,961828,Loretta Yu
625ccf03-4cde-4f69-817d-7827265af93a,2026-01-19 20:35:27.581284+00,4890,Brian Tarantina
62628c38-1a99-4673-b2b3-5514f76de6ad,2026-01-19 20:07:07.510359+00,2672815,Yuval Gonen
6276d15a-857d-41ad-a530-7b86fdcad1a3,2026-01-19 20:07:54.108456+00,1278,Steven Goldstein
62773d2a-eacb-4447-bbde-3c5862285a90,2026-01-17 23:26:43.350319+00,1255,David Mamet
6290c48f-ed53-496d-9f27-c180bd862d13,2026-02-13 05:52:58.243454+00,10983,Richard Griffiths
629ddeb2-9ea4-4200-9ad5-330844b5442f,2026-01-17 22:47:11.909102+00,117642,Jason Momoa
62b3693e-881a-4e3e-9405-c7f9d08187e0,2026-01-19 20:27:15.774259+00,6489,David Arnold
62b843eb-4a74-40ed-ad98-5cce01cae121,2026-01-19 19:49:26.162197+00,1513012,Marcello Walton
62c385d9-ac8d-41ba-9860-2a6da386c307,2026-01-19 20:45:22.505512+00,60272,Cam Clarke
62eada86-c1c3-49a1-a09a-8707989020bf,2026-02-03 06:56:59.749831+00,928532,Josh Pence
62ed1ec4-8e8f-4983-a3cf-cdf37480d500,2026-01-19 21:03:35.600447+00,136761,Nathalie Baye
62f55b4a-9537-4ded-ac64-fa56df37e219,2026-01-17 22:58:32.765261+00,1895,Carl Reiner
6305da1a-d084-4353-b768-4c0af1259bf4,2026-01-17 22:48:49.098952+00,4033288,Alison Halstead
632aee85-3b59-425e-8b1f-4613e6238342,2026-01-29 05:37:22.221296+00,2628,Kiefer Sutherland
632c544d-40db-4acb-914c-e766934fe2d4,2026-01-19 19:54:23.60346+00,237370,Boris Lee Krutonog
63465301-67d8-43a6-adff-29af814ab058,2026-01-19 21:01:59.862385+00,1903,Alan Arkin
635569c2-8a6d-4c74-8873-2a4dcfe0238e,2026-01-28 04:23:33.561869+00,100930,Lorenzo Robledo
63590ad4-6c0b-4984-8a5c-1f801eadd1ba,2026-02-03 06:55:23.857556+00,58495,Morgan Paull
636d68b4-7762-4c77-8a27-cb1e49594fbf,2026-02-03 06:59:36.275135+00,1238616,Lois Kibbee
639784a9-122d-4bf4-85f1-f7ec161b9b84,2026-01-19 20:58:13.667013+00,19154,Daniel Gillies
63a2e409-281a-492d-adc6-38d9fd4092a7,2026-01-17 23:14:38.348517+00,4461547,Frank W. Miller
63aae2aa-beb4-4a9a-a5a1-7824a9ff4327,2026-01-17 23:26:09.781518+00,80602,Tyler Perry
63adce57-420a-410f-8a2e-b5511963554a,2026-01-17 22:33:34.122707+00,19492,Viola Davis
63bfca57-f2cd-4344-9211-e5ead2aec316,2026-01-17 22:42:40.386287+00,5294,Chiwetel Ejiofor
63c33a97-81e5-40aa-a352-3c55630e7975,2026-02-12 07:07:55.251269+00,11429,Hamilton Luske
63c71c36-9f09-4eea-b44d-b9e42a6a9884,2026-01-18 00:41:25.966535+00,5148,Lucinda Jenney
63c79448-9fa1-4da9-8caf-388a57490671,2026-01-17 23:02:24.065288+00,2581814,Alex Gurney
63dba2a5-11e2-43c6-9bcb-843a1108f3d0,2026-01-19 20:48:33.234012+00,2606,Tony Kgoroge
63f9c8ac-15a0-4b19-96f5-9e4668c1d99e,2026-02-03 06:59:54.97064+00,1077948,Mila Espiga
6403b447-35ef-485d-996a-f3c8c262e91d,2026-02-03 06:59:54.97064+00,116071,Gonzalo Uriarte
641509c4-d029-4dd2-9b8b-e4af0c4666e1,2026-01-19 20:30:21.715385+00,12995,Marc Forster
643ea383-e93d-4cf4-822a-40fc251e85ba,2026-01-17 23:25:25.787696+00,59697,Kate Jennings Grant
6459aa6f-d715-4b0c-bfa6-2899f137ac2d,2026-01-19 20:14:48.378859+00,1803287,Geraldine Viswanathan
6478739f-7832-426d-a418-dc5788fd7056,2026-02-03 06:57:09.900217+00,2088449,Micaela Diamond
647e8ada-6a47-4484-84b6-62a9cb6db58e,2026-01-17 23:24:46.157888+00,6217,Anupam Kher
6489ca22-618d-45a5-aba1-b7f0b6524354,2026-01-17 22:47:11.909102+00,3185383,Benjamin Clementine
648b3703-5af1-4ff5-8514-6e54999a92b9,2026-01-28 04:23:18.309315+00,5246,Reginald Rose
64a3136f-05cc-465d-aa03-26b56a709abf,2026-01-17 23:14:38.348517+00,948173,Glenn Beck
64bb48c4-50c2-4d56-816b-3fc56d538888,2026-01-19 20:52:47.996974+00,2666262,Renee Weldon
64bdf4fd-c570-4f66-afcb-b21b66293331,2026-01-19 20:10:28.342928+00,90467,Andrew Shaver
64cc1b20-15fb-4eed-accf-3db1711a891b,2026-01-19 21:11:22.959573+00,1688664,Francesca Reale
64dd33bc-c4b1-494a-a3f0-e8ec90a5d924,2026-02-03 07:00:44.192947+00,40386,Ted Ludzik
651254ad-0acf-4289-bd8e-4caf5154d510,2026-01-17 22:42:40.386287+00,79209,Hawk Ostby
653b3ccc-ad17-4e42-9e05-d039b97b620a,2026-01-17 23:19:57.950471+00,148992,Austin Abrams
6548e251-da2b-4641-b40e-0a14372e8fcd,2026-01-19 20:07:54.108456+00,1269,Kevin Costner
654aed56-8078-4602-b4b1-4d2e6d553294,2026-01-19 20:10:28.342928+00,1195722,Sonia Vigneault
657573ea-922b-4f15-86df-83bb1133bb51,2026-01-17 22:46:25.239342+00,1473937,Harry Taurasi
65780f99-b4a3-43d8-9733-bde7c33e100b,2026-01-17 23:24:13.433653+00,158812,Michael Woolson
65816a6c-c8a0-4641-87fb-ad86734aaacf,2026-01-17 23:19:57.950471+00,936970,Julia Garner
659f5fd1-cf50-4569-b32e-5fc5b2d34049,2026-01-17 22:50:05.222332+00,3177922,Rryla McIntosh
65a7b4f6-0b25-445c-96af-46b48469758a,2026-01-17 23:02:24.065288+00,41527,Remo Girone
65d094bf-13d5-459d-8d74-c708ff6814b8,2026-01-17 22:26:16.957396+00,132539,Des Webb
65d0dfb5-fde9-478d-bb13-ee42e7abff60,2026-01-19 20:20:03.323792+00,502,Miranda Otto
65f0c59c-d222-4fef-a04a-88c7707bd8d2,2026-01-17 22:52:22.775658+00,1705289,Dierdre Downing-Jackson
65f407f7-5b08-4e41-ae44-70f441c580d2,2026-01-17 23:24:46.157888+00,6066,Dash Mihok
65fb052d-aef3-4565-9c2c-4054ad674aec,2026-02-03 07:02:57.923828+00,84685,Brent Jennings
660f9f8b-a720-4f8e-b93b-d59684287e8c,2026-01-18 01:22:42.065357+00,52851,Paula Patton
662dd9bc-8165-49d0-ba5c-9fcd983a344a,2026-02-03 07:03:27.330761+00,16662,Richard Gant
6650a547-0818-4198-8b1c-a7aadd8df0e5,2026-01-19 20:27:15.774259+00,5309,Judi Dench
6652bd74-ce4b-4661-aeab-1393c5528217,2026-01-19 20:07:07.510359+00,21527,David Scarpa
6663188a-d56d-4db5-a16f-e5983311172e,2026-01-19 20:56:41.401173+00,884,Steve Buscemi
6669a748-d204-46bc-ab96-e173c995a1dc,2026-02-03 07:00:33.374034+00,71884,Douglas Ligon
6680a337-3c2a-49e2-b9d4-e73bfff0f275,2026-02-06 06:34:32.707167+00,1493882,Lynne Ashe
66845d46-a46f-4968-ada7-37ed3fec2855,2026-01-19 20:49:42.186009+00,31533,Allan Kolman
6691c5e8-3aa5-4dd1-a7ac-a9eadcf2e5ba,2026-01-17 22:28:40.767608+00,542336,Sasha Frost
669494fe-f58e-40cf-abb7-fb4b0f696c2b,2026-01-17 23:16:27.745856+00,4984032,Grace Delaney
66a1e0b1-5814-42df-a7b5-610c9d50b778,2026-02-04 03:42:18.031503+00,1180099,Da'Vine Joy Randolph
66a7cecd-cf37-4803-b898-e5c3356d832c,2026-01-19 19:56:28.252593+00,155595,Jenna Lamia
66ab7f51-65c6-47fb-a04f-716740586b56,2026-01-17 22:33:34.122707+00,6968,Hugh Jackman
66b31526-4b35-4da3-a558-ca52db8ca075,2026-01-19 20:41:20.99353+00,1717,"Isaac C. Singleton, Jr."
66b74186-371b-4ef1-b41e-ff3c8d9c16c4,2026-01-19 19:52:34.945104+00,28974,Damon Lindelof
66dd14ba-7d8d-4d83-9bc6-59cc8845fd52,2026-01-19 20:57:24.797871+00,1269497,Steve Montal
66def905-e698-4560-9e2f-38a71ee63e98,2026-01-19 20:06:14.816718+00,929,David Franzoni
66e78d0c-b907-44b0-86f2-46d6c44b6c3f,2026-01-17 22:50:05.222332+00,3128,Alicia Witt
67161d87-145f-4b2b-9aca-3dd7cdfd8242,2026-01-17 23:17:23.981754+00,63934,Vincent Klyn
67190b27-dc7c-4f19-88f1-e7bc3cdb32d8,2026-01-17 23:19:23.274632+00,1332418,Juman Malouf
671e6447-6403-414a-9f9e-581627242988,2026-02-03 06:56:26.157503+00,22250,Rance Howard
67319438-4ad2-4a9a-835c-0b4d0ede757a,2026-01-17 22:41:47.888868+00,54493,Jen Wolfe
6733e04b-8560-43d8-9687-be49ae60a9e6,2026-01-19 20:45:22.505512+00,7931,Robert L. Baird
673835d2-313e-4b89-ba27-4c5278e886bc,2026-01-17 22:46:25.239342+00,1278426,Marianna Di Martino
6757a722-e123-4732-b585-a03c2ebedcae,2026-01-19 20:03:20.643674+00,2940842,Dean Scott Vazquez
676fe794-a6ef-49b5-8ab9-c1a3c618ea72,2026-01-17 23:26:43.350319+00,1972166,Odessa A'zion
677752ef-deb0-4ef7-95c2-5212b1b9a890,2026-01-19 20:02:24.1983+00,2031597,Benjamin Maurice Webb
679e40ce-cc7e-4b4a-9ebb-3b37a37c8167,2026-02-03 06:56:38.758462+00,1741368,Danielle Haim
67cad920-2e44-44dc-9e10-2f47b7c86d4c,2026-01-18 01:01:14.104724+00,117081,Teresa Ganzel
67ec850d-7783-489f-af5a-451b2db7b8c0,2026-01-18 01:13:49.934221+00,1118,Rade Šerbedžija
681fc494-00b2-49cd-b5cd-be261bc47418,2026-01-17 23:22:52.280198+00,118415,Sean Baker
682e054a-6717-4dd8-b6ac-af6b0e685675,2026-02-04 06:28:36.488135+00,570785,Alec Sulkin
683a6b5f-0b0e-4e5f-be25-6d697c417a53,2026-01-19 21:01:59.862385+00,21125,Richard Kind
6842e761-eeac-43bc-a5b6-c4dc12d5cb3f,2026-01-28 04:23:04.431072+00,194459,Gordon Greene
684c7bc8-48fe-4ebf-a741-9ada09315f3d,2026-01-19 19:54:23.60346+00,5897681,Terrelle Jones
6865aa90-3530-4616-a630-bc165626c4c9,2026-02-03 07:02:46.175859+00,2103760,Will Sherrod
686c23b8-a2ea-4807-8bbb-b73c143ed570,2026-01-29 05:37:22.221296+00,3033,Wil Wheaton
68766ded-64b2-4483-9fe9-ac8d8651ec35,2026-01-19 19:57:52.038557+00,19536,Josh Duhamel
6886588f-fc53-48e4-b066-39ca34f771d4,2026-01-19 20:10:28.342928+00,21629,Tzi Ma
688fafd5-a31c-4ca4-a67d-3664c0faadb5,2026-02-03 06:59:06.475854+00,25129,Don Johnson
68b32b64-e911-4450-ba61-807572f29a79,2026-01-17 23:14:38.348517+00,246,Gary Lockwood
68b36d21-c502-4e78-9567-15fe203bb731,2026-01-19 20:14:48.378859+00,836732,Jake Schreier
68b45394-fb18-4fb5-a4fc-216e96b0f3f2,2026-01-26 05:46:50.763324+00,1283186,Mikey Schaefer
68b82d1e-e69b-44a1-98f0-a0eb3e13afb8,2026-01-17 23:24:46.157888+00,72129,Jennifer Lawrence
68d0a341-93e9-4885-821e-3de0411e1577,2026-01-19 20:50:27.706889+00,76595,Byron Howard
68ee67da-195c-46e4-b9f6-ba9897e2a70a,2026-01-17 23:25:25.787696+00,54246,Peter Friedman
68f375c5-9dce-4bd6-8504-8530e7ce94e4,2026-01-17 23:19:57.950471+00,2379291,Hays Holladay
68f529ed-2bd6-47f3-a69c-2fd914f8ba64,2026-02-03 06:54:08.464148+00,136495,Damien Chazelle
690767c3-0371-4f60-933b-50248d6a9260,2026-01-19 20:44:32.104937+00,57597,Ron Dean
69247bc2-b5f4-492b-9e76-2c683989381a,2026-01-19 19:57:52.038557+00,1241,John Turturro
692f06c6-b654-4e0b-93cd-4c474ebbe424,2026-01-18 01:16:50.605495+00,15345,Alex Kurtzman
6949b7b4-2d9c-4f4c-92ce-adb6e27055cf,2026-01-17 22:26:16.957396+00,117714,Marjorie Eaton
696c0b43-0135-4880-b7a7-b485f97eea34,2026-02-03 06:59:06.475854+00,785,James Russo
697ba5b3-a244-470f-8f1d-49f479c66a44,2026-01-19 20:37:45.151048+00,109098,Eduardo Antonio Garcia
697f54af-8e86-4f85-a714-c74184a4eacb,2026-01-18 01:03:45.515954+00,15319,Henry Czerny
69840495-0b3b-4556-9388-87efe1a5a6d7,2026-01-17 22:40:30.733784+00,1906738,Heidi Mendez
69c0dc1c-99d9-49ea-8235-2b5e04e41c72,2026-01-17 23:20:45.418369+00,1081123,Charlotte Aronofsky
69c36c1c-0681-4afc-8f6b-8f29786abcdf,2026-01-17 21:00:24.465906+00,5588,Alicia Silverstone
69d44f01-36f7-4453-b96a-ebc2c8539c11,2026-01-19 20:47:10.545294+00,1073870,Brian Copeland
69f14886-5e12-464c-868d-032f892f83d2,2026-01-17 20:57:19.493617+00,2037,Cillian Murphy
69fdeacf-ccd0-4171-9632-96061047ceea,2026-01-17 22:45:04.743233+00,335,Michael Shannon
6a03bc59-c426-4c99-b0c8-75810c7294f7,2026-02-03 06:55:09.790833+00,2955,Chris Cooper
6a063f69-1565-4f7b-ad82-fe759f8e226a,2026-01-28 04:23:33.561869+00,1077278,Sandro Scarchilli
6a1038a1-3d33-49a6-a748-c81b799af2cf,2026-02-03 07:02:57.923828+00,220064,Kerris Dorsey
6a185110-a197-4a70-a59e-fb92307fb7b0,2026-01-19 20:38:31.276443+00,1188193,John Hoogenakker
6a23d93c-7cc3-4efd-b3bf-82d766aeb9be,2026-02-06 06:34:32.707167+00,81682,Bojana Novaković
6a2d37c3-0bf4-4d60-9bef-38015b625028,2026-01-19 21:02:49.094684+00,17039,Nick Offerman
6a859d4c-5eed-410f-97d6-876f30714208,2026-01-19 20:36:11.709119+00,2966121,Jon Hanley Rosenberg
6a8f5d86-a7e0-462f-b755-ea875eafdaea,2026-02-03 06:55:09.790833+00,74587,Terry Loughlin
6ab0134a-fc43-450f-a55c-e1a9d378c3cd,2026-01-19 20:31:33.93137+00,1024234,Tonia Sotiropoulou
6ab0fde9-5824-4104-a0d7-1e5b84f590b0,2026-01-17 22:42:40.386287+00,58586,Maria McErlane
6ab3f6a6-b8db-4908-827d-7bf67bc909cd,2026-02-03 06:55:23.857556+00,20904,James Hong
6b01993e-94df-47a9-82d0-3f8edb01c134,2026-01-17 23:12:17.50611+00,1488081,Alexander Owen
6b0b82c9-bc3b-42b4-8f19-dff7e5e41e54,2026-01-17 20:52:07.23447+00,1773397,Danny Ramirez
6b3a9339-afb4-40e7-91c2-c4a176b8bf79,2026-01-19 20:30:21.715385+00,149307,Fernando Guillén Cuervo
6b48830f-d424-4c5a-94b9-4124c61a4ead,2026-02-03 06:55:09.790833+00,21084,David Dwyer
6b4d1cca-5e33-48e6-b120-2933ea1b94af,2026-01-17 20:59:32.13461+00,20403,Beau Garrett
6b57b346-8fd9-4e82-a917-7a13c8ea3fbe,2026-01-19 20:56:41.401173+00,8891,John Travolta
6b6d0c7b-b9cf-43d3-85e3-e2f3a4af5bad,2026-01-17 22:44:09.652092+00,1563891,Rick Chambers
6b705593-796a-47fb-87bd-5871efbfdfda,2026-01-17 23:02:24.065288+00,588333,Joe Williamson
6b7b98bb-d66a-4550-b1c7-380dbaab1612,2026-01-17 22:32:33.613381+00,72855,Felicity Jones
6b853c47-050f-4dda-85d3-6317a47f8a40,2026-02-03 07:02:02.406531+00,55934,Taika Waititi
6b85d1f1-321f-4f1c-b37b-35dba538b390,2026-01-17 23:17:23.981754+00,15310,Anthony Kiedis
6b8f88b5-ebe8-452f-8963-17f8a86c5e23,2026-01-17 23:18:02.01673+00,7180,John Candy
6b9b8515-859f-47f0-b18f-7db7c754b47c,2026-01-19 20:59:03.126627+00,69508,Kelly Vitz
6ba2170b-e57d-42d5-83f8-b7c2be485a81,2026-01-17 22:28:40.767608+00,16961,Michael Arndt
6bb08d90-646b-4578-92a4-67443c859870,2026-02-03 07:00:10.287557+00,4110,Humphrey Bogart
6bce9096-63ec-4b54-ab45-69c9e9c05d65,2026-02-03 06:54:08.464148+00,1398714,Tyler Kimball
6be39587-05a1-488b-8e76-534591e7788e,2026-01-19 20:14:48.378859+00,3555893,Rafiq Bhatia
6bed3ca5-c11b-465b-be32-7976451fc74b,2026-01-19 20:48:33.234012+00,2603,Hakeem Kae-Kazim
6bf03827-3a86-435a-a483-444ebd632b7a,2026-01-19 20:37:45.151048+00,39520,Garret Dillahunt
6c03a653-5e38-41e6-8774-a3bd9d58fdc6,2026-02-03 06:54:08.464148+00,159366,Kavita Patil
6c0cd2c9-63b8-4f67-9347-4c9ceb2f678c,2026-01-19 20:17:13.909263+00,60349,Ryan Gage
6c795bcb-c781-49a7-8508-b898a0d97a3e,2026-01-19 20:53:43.767452+00,9047,Christine Estabrook
6c7d1fe7-d62d-48e1-8ebe-7bf42baacf3a,2026-01-28 04:23:18.309315+00,5255,Robert Webber
6c8e40b4-1fb5-4718-b220-2871dc26c84c,2026-01-17 22:45:04.743233+00,220056,Franco Vega
6cb44dbc-01d8-43e6-99e7-00fa3523cc1f,2026-01-17 22:50:05.222332+00,4686681,Lauren Acala
6cebd062-fc99-4e88-8a2d-a9771927c052,2026-01-17 23:22:06.593835+00,1544787,Christine Dye
6cf43102-abe5-499f-a258-b5d955f1c7aa,2026-01-29 05:37:22.221296+00,3037,Richard Dreyfuss
6d047cb9-6c7b-4bbd-875a-421afb6024b5,2026-01-28 04:23:18.309315+00,5248,Lee J. Cobb
6d068fe9-efda-4840-a6c4-77e914b2fe21,2026-01-28 04:23:04.431072+00,92119,Larry Brandenburg
6d082a30-32e6-4b65-b8eb-4e288687f15b,2026-01-19 20:04:27.862377+00,167736,Allison Dean
6d314b27-b484-4af0-a363-6f6f3bbf1928,2026-01-17 22:43:24.48727+00,1299081,Alexis Uiga
6d4fc18e-f30c-4fe7-b829-bf4effe38dc9,2026-01-19 19:57:52.038557+00,12714,Zack Ward
6d55730d-2c3c-4594-8811-fcc6bd3f1357,2026-01-19 07:55:07.374835+00,1195877,Salvatore Corsitto
6d570871-80ed-4a30-bb3a-8c3f2d7360ae,2026-01-19 20:03:20.643674+00,90461,Leni Parker
6d6d4228-5716-404f-a0c5-b5409289e94f,2026-01-19 20:07:07.510359+00,115737,Alexander Karim
6d808c89-665c-4f2c-a3bf-afe35915a030,2026-01-17 23:05:08.032093+00,16293,Anthony Heald
6d946cd7-d1c5-42e8-b9f7-cbde35fa5444,2026-01-18 03:05:04.679854+00,30485,CCH Pounder
6d9cc007-d912-4edc-ae0a-3f845bb2bdef,2026-01-19 20:46:24.087546+00,2141510,Deen Brooksher
6da92343-9c25-4b32-b7e7-a073b63c9242,2026-02-13 05:51:24.87582+00,52565,Hope Elizabeth Reeves
6dc9c856-0c64-4b53-8fd2-7701c0ac3fb7,2026-01-19 21:05:06.171801+00,8534,Kathy Bates
6dcf62e3-e3a4-456a-aeeb-24d0a275c68c,2026-01-28 06:09:46.680089+00,1281441,Rob Lyons
6dd09ef9-4b64-452f-83f1-26b8df1548af,2026-01-18 01:13:49.934221+00,11401,John Woo
6ddad0eb-a5bb-446f-bc52-a19bc21fb180,2026-01-17 22:46:25.239342+00,1255887,Misha Kuznetsov
6de1e47c-0629-4fd9-9388-50a03b8a1ecd,2026-01-19 20:06:14.816718+00,80368,Nicholas McGaughey
6e0a00f1-5518-4884-bf3b-b89603ee64d0,2026-01-19 20:04:27.862377+00,44795,Louie Anderson
6e440d2a-4aaf-443b-bbfb-12e8f41be8c5,2026-01-19 19:56:28.252593+00,19016,Michael Brook
6e574078-9d71-40c6-a853-857367479b47,2026-01-19 07:55:07.374835+00,3086,Richard S. Castellano
6e76726a-d486-4c28-99d0-db0e6eb31b6b,2026-01-17 20:52:07.23447+00,151680,Jay Ellis
6e93def5-6f82-47ef-bf4b-4699ca9bdc7b,2026-01-19 20:23:17.356136+00,20056,Keith Allen
6ebb9ddf-e4b5-4c44-991b-01e30b93dc15,2026-01-19 21:01:24.060969+00,38944,T.V. Carpio
6ef32214-cc3e-46ab-a4d9-6426bac538fd,2026-01-17 20:52:07.23447+00,1368795,Manny Jacinto
6ef80ffe-e585-4736-9c16-62854d3b07f8,2026-01-17 23:02:24.065288+00,1357063,Darrin Prescott
6ef8b0de-a49f-4c90-bf9e-82e86f312c80,2026-02-03 06:57:09.900217+00,1179651,Lin-Manuel Miranda
6efc1141-64ab-4297-b16b-1df42856986d,2026-01-19 20:26:22.060362+00,33235,Logan Lerman
6f055f8e-b864-419c-8b69-b90b0e3b96aa,2026-01-17 20:58:40.883175+00,1700997,Elijah Ungvary
6f154916-063b-400b-a61f-483213cd85ad,2026-01-17 23:17:23.981754+00,14392,Kathryn Bigelow
6f1af362-4397-478a-b8bf-39df25c53db2,2026-02-03 06:56:59.749831+00,1475215,D.A. Wallach
6f24f4cd-f469-4faf-b40c-695caec23daa,2026-01-17 23:20:45.418369+00,15415,Peter Maloney
6f25b65e-0991-4693-ba81-d4935176ddc3,2026-01-19 20:14:48.378859+00,116514,Eric Lange
6f465855-7a1b-4565-9a79-46ca8c02b3b2,2026-01-17 20:59:32.13461+00,3968,Michael Sheen
6f502ae3-62f4-43ac-a527-de76f757887a,2026-01-17 22:41:47.888868+00,54481,Emma Fenton
6f603b63-9792-417c-9255-353bf7639ec0,2026-02-03 06:56:59.749831+00,54693,Emma Stone
6f60503f-8cbb-49c1-9f4d-5feba067d49a,2026-01-17 22:52:22.775658+00,7219,David Andrews
6f755f0e-d0fd-4d4e-ab7b-c380f89e7b10,2026-01-19 20:04:27.862377+00,2067,Calvin Lockhart
6f8d2c73-5cf3-437d-bf90-1e4ec469c82c,2026-01-19 20:41:20.99353+00,2449,Kevin McNally
6f979879-8828-422b-ba63-1c6e0cf3dd6a,2026-01-17 23:05:08.032093+00,6930,Diane Baker
6fba8f8f-c2a0-4bde-98d8-858f2c38a4bb,2026-02-04 03:42:18.031503+00,61904,Christina Vidal Mitchell
6fc207a5-48be-4a6f-9fea-6ab6d9c80904,2026-01-17 22:41:47.888868+00,54494,Ian Harcourt
6fc68df0-2468-4c83-b708-12c34c90e88b,2026-01-18 01:16:50.605495+00,156531,Jane Daly
6fd42e1a-74da-495b-9ca2-7d931db53370,2026-01-28 04:23:33.561869+00,5815,Rada Rassimov
6fdda397-2b15-457a-a434-3d491c5516c8,2026-01-17 21:15:08.292248+00,33188,Ron Falk
6ff17c38-87c6-434c-aea1-128b89b8c901,2026-01-19 21:10:09.395074+00,1203114,Jef Groff
702662f5-36db-424b-b353-09b78e391b86,2026-02-03 07:03:27.330761+00,1238,Torsten Voges
70303c49-3c21-4790-ae14-f8be08565e4e,2026-01-19 02:24:59.225425+00,91606,Tom Hiddleston
70564cb1-6cfa-46a0-995d-da8964ee7c0d,2026-01-25 21:09:24.781349+00,2320121,Han Jin-won
705ce437-fb07-4b8f-b3fa-7db3a32c3da7,2026-01-25 21:09:24.781349+00,2158882,Chang Hyae-jin
70733933-6a0b-45a4-bb8d-2fc9fe42cc97,2026-01-19 20:00:54.469233+00,58925,Lester Speight
707c7ae8-7e2c-42ac-a76f-4f4966b543dd,2026-01-17 22:47:11.909102+00,16851,Josh Brolin
707cc1a6-0eb1-4f1a-b546-e3b306d51253,2026-02-03 07:02:57.923828+00,3229,Arliss Howard
7086058e-3a8a-4c01-8cb1-c7974a1eabdc,2026-01-19 19:48:15.066607+00,9780,Angela Bassett
708898e9-5ec1-4840-a3ca-d9e5bafc2232,2026-01-29 05:37:22.221296+00,1954116,Geanette Bobst
70acdec7-496c-48e3-bf3b-2aa7558140a7,2026-01-17 23:14:38.348517+00,245,Keir Dullea
70f24090-c655-4c2b-8b42-d05442e272f6,2026-01-19 20:57:24.797871+00,20581,Jack Betts
70f2bca5-b2d7-4324-8394-de9cf1d1e22c,2026-01-17 23:16:27.745856+00,224365,Sam Kennard
70f7a63b-819e-411a-8221-0bbe59ad3384,2026-01-17 22:30:37.956531+00,20766,Richard E. Grant
71020cde-b17d-4692-9253-206233cb6469,2026-01-22 05:17:53.061178+00,5354,Kwesi Ameyaw
71138a68-e655-4a93-814a-4ca43ec9e88e,2026-01-21 05:50:48.309775+00,1561997,Win Morisaki
71253b52-f6ea-41b9-95e7-9ae83fae73ae,2026-01-19 21:00:39.344128+00,1554977,Jesus Nevarez-Castillo
7133bbb9-53ea-414a-add9-21b380d9d5ab,2026-01-30 01:41:18.336287+00,82104,Danai Gurira
71349465-64cb-4d6b-b08a-4c7d9b2294a3,2026-01-17 22:57:30.935943+00,1087079,Emma Levie
71536c8c-60e3-495f-882b-f510e3c952bc,2026-01-17 22:35:19.14754+00,5524,Andrew Adamson
7170c87d-d4a7-4903-9e59-a2c70bb1d979,2026-01-17 23:06:38.627612+00,5151,Beth Grant
717e8cd8-700f-4733-b722-9f8f3f0185b0,2026-01-30 01:41:18.336287+00,172069,Chadwick Boseman
718e606c-7fd9-4274-9440-e2c07c1f9f95,2026-01-19 21:00:39.344128+00,167145,Hank Rogerson
719e4bb8-773b-4e22-9479-7cd7afd22042,2026-01-17 23:10:23.514105+00,67802,Rick Jaffa
71a2ec9e-2ff1-4416-a0fb-c588d16a15f4,2026-02-06 06:34:32.707167+00,63979,Peter Nashel
71a33559-96cb-4661-8239-8dcfe0c03047,2026-02-03 07:03:14.925674+00,501,Dakota Fanning
71a5f083-c533-4685-bc87-328ba8ae0dd3,2026-01-17 23:26:43.350319+00,53122,Fran Drescher
71bc115d-d139-49c2-8b5a-2d56f1672ed1,2026-01-17 20:52:07.23447+00,1456280,Jake Picking
71c0bb69-88d8-4cd8-bde0-9fa2003d9373,2026-02-03 06:57:09.900217+00,1178529,Jonathan Marc Sherman
72081a26-ec89-440d-a1e1-696a5f9c11c2,2026-01-17 22:50:50.122456+00,544,Larry Holden
721e578b-64cc-4119-8cd2-711ad1c44acb,2026-01-19 20:01:35.925296+00,971234,Erika Fong
72290cfd-12a1-49ad-bd95-5c2d648610d6,2026-01-19 21:01:24.060969+00,73589,Johnny Whitworth
725fb8b4-d7da-4501-99a3-5f5789aaba65,2026-01-19 20:35:27.581284+00,1606394,Laura Harrier
72626ff7-c9f0-4a04-8f9e-abb3312c05bd,2026-01-19 19:47:09.453096+00,1502365,Mateo Rufino
7295ff09-8d46-42b4-8309-b2aa90e7b89a,2026-02-13 05:52:58.243454+00,140368,Oliver Phelps
72ac6b06-9399-4c4b-ac54-c42e3bfbf9ad,2026-01-17 22:28:40.767608+00,1399528,Pip Andersen
72aefe6c-e9c8-4f6b-b29c-5c3407688b8a,2026-01-17 22:36:15.382506+00,28238,David Hasselhoff
72d05f5a-09e1-448d-afad-972cb7aa2969,2026-01-25 21:09:24.781349+00,2538209,Jeon Eun-mi
72ee25ee-abef-4532-92aa-f1dcaf7e4cde,2026-01-17 22:58:32.765261+00,1889,David Holmes
7331abb5-b3fc-47a7-943d-e6376e213f86,2026-01-19 20:52:47.996974+00,2545502,Scot Robinson
73573803-71fd-427b-bdcc-1101121ae554,2026-01-19 20:53:43.767452+00,7166,Kevin Pollak
7364ed08-e47a-4219-b1ea-fcc6d14dfc04,2026-01-28 03:16:06.08029+00,1817,Linda Cardellini
7387eb65-ecef-4b72-b5ea-e0386bdb6f5b,2026-01-19 20:32:23.380717+00,1545546,Marco Zingaro
738ddf74-86cb-4684-8f4d-30a928e0a1b4,2026-01-19 21:04:21.834691+00,3391936,Aljaž Tepina
7392415c-c5c4-4810-aef7-5b35c27d4a57,2026-01-17 23:17:23.981754+00,11885,John C. McGinley
73b1e7b0-55a9-49fb-bd70-d48b652007e1,2026-01-19 20:52:47.996974+00,51382,Chris Parnell
73b753e3-30fc-401f-99d8-f1e50749a372,2026-02-12 07:07:55.251269+00,67290,Verna Felton
73bb61c4-1456-406b-96af-f05bc6569392,2026-01-17 22:57:30.935943+00,478,Jamie Bell
73d0b464-76c2-4ffc-b026-e62b2fc63045,2026-01-19 20:15:31.141157+00,1193832,Peter Hambleton
73e7c2d4-af7d-4c99-81a3-0880b0bed209,2026-01-19 02:24:59.225425+00,1214673,Alexis Denisof
73fd4be1-0728-4236-b18b-7bd189787245,2026-01-17 23:17:23.981754+00,170334,Julian Reyes
74081b1d-18f1-4819-92b3-5d421720f5f2,2026-01-19 20:27:15.774259+00,10702,Martin Campbell
741fec0b-4b87-4f2e-8b22-4102a760c45b,2026-01-17 23:22:06.593835+00,1658190,Justin Kuritzkes
74203c82-4511-40d7-bc41-02d23ddc47ae,2026-01-17 23:25:25.787696+00,1224105,Michael Benjamin Washington
744c5852-fad1-4bea-bfbb-546d007673d6,2026-02-03 06:55:09.790833+00,52035,Lewis Colick
745a83c2-66f7-4949-9f53-50a11741e2af,2026-02-13 05:52:58.243454+00,10990,Emma Watson
745b90e1-c6fc-4270-8700-3a41053941bf,2026-01-17 21:01:34.335863+00,31923,Oliver Ford Davies
745c8f59-c331-4f4d-bb1b-4382d4150477,2026-01-17 22:45:45.716092+00,1149894,Mike Howard
74649b54-5676-4b13-948c-a81243b172aa,2026-01-17 23:22:52.280198+00,3195084,Ivy Wolk
7470016b-a4d0-4774-94b1-d7a76e1901eb,2026-01-19 19:50:48.244222+00,21028,Anton Yelchin
7475136f-bc45-4883-a7dc-590078a7aa85,2026-01-17 20:58:40.883175+00,2044689,Michael Roberts
7475728e-0d89-40e1-8b5b-e6979cbe9483,2026-01-17 23:13:02.785122+00,1838342,Curt Hanson
74870131-ec40-4e7e-8709-c3bb8c2b4770,2026-01-17 22:43:24.48727+00,77125,Javier Gullón
7490d356-a994-4603-b17a-0ae325226a9f,2026-01-17 20:56:17.679862+00,17697,John Krasinski
74aaf9bb-af2e-47c0-b7aa-89f8745c7183,2026-02-03 07:03:14.925674+00,18082,Timothy Olyphant
74eccfb8-68fe-47e2-8081-7072e03266f8,2026-01-17 23:01:33.438696+00,2403825,Rosie Dwyer
74ff93d5-37e3-4b49-b61f-16d8f0fa40ea,2026-01-19 19:56:28.252593+00,999736,Bianca Hunter
75135fae-05fb-4155-ba7d-af4a5632986e,2026-01-17 23:18:39.447854+00,1528,George Fenton
7537c909-4033-40c5-973e-ae4a01d50251,2026-01-17 23:24:13.433653+00,569,Ethan Hawke
755a919b-0055-4e6c-96b4-8e3c8061145c,2026-01-18 01:01:14.104724+00,60074,Jeff Garlin
755db556-03fe-4307-9093-f0b9ff2156fc,2026-01-17 22:59:29.352628+00,1805891,Carrie Eklund
7572e8ee-36e5-4591-a182-995eeb43ad16,2026-01-17 23:17:23.981754+00,1445331,Dave Olson
757c7096-6d22-47c0-887c-b1a2c42d609f,2026-01-17 23:06:38.627612+00,1577,Richard Kelly
7593cc0a-8c02-4684-ac82-527dcfeab798,2026-01-19 20:23:59.992531+00,2216009,Shaun McKee
759808ab-c80d-42e7-884d-aaee79e0cc8f,2026-01-19 20:09:33.245912+00,39213,Keir O'Donnell
759beca8-a0d3-43a2-bd08-0146d3e21d98,2026-01-17 23:18:39.447854+00,1542,Willie Garson
75a3c042-ccf5-4779-b83d-8f14f85e6f2b,2026-02-13 05:51:24.87582+00,53670,Sydney McCallister
75b9d993-6b48-48e1-b3f0-b4353d554afc,2026-01-18 01:16:50.605495+00,1497944,Paul Keeley
75c10df8-8a3e-4818-9c0f-56e9020e964a,2026-01-19 02:24:59.225425+00,12891,Joss Whedon
75f00371-bf78-4575-945a-63973c9a31e7,2026-01-19 20:21:23.989129+00,1381,John Noble
75f8d748-2d02-4048-9ec0-cb702091a066,2026-02-03 06:57:18.430254+00,1073096,Christian Jacob
76087522-8f95-42d8-9ab5-b8b6148725d5,2026-01-19 21:03:35.600447+00,9275,Frank John Hughes
760e6fce-e1eb-4dcd-b264-fe8cefc2c6cb,2026-01-17 20:50:09.746171+00,9824,Diane Kruger
761e9f3b-4ff4-45a6-a7c8-156bfc8e20cc,2026-01-19 20:44:32.104937+00,21315,Eric Roberts
7648e569-2dcd-48c9-bda2-1d777de49214,2026-01-17 23:24:46.157888+00,1271780,Cheryl Williams
76591d85-13ed-460a-906f-efed6f24ac57,2026-01-17 22:46:25.239342+00,582922,Daniel Pemberton
765c32fd-86fe-4549-a9ce-ca8a8ffd3472,2026-02-03 07:00:10.287557+00,4111,Ingrid Bergman
765f49ed-0f13-4269-abb4-a438a9dc4cec,2026-01-19 20:33:50.495522+00,182287,John Barrowman
766ce9e9-fcbd-48f8-bc84-30507aba65de,2026-01-17 23:13:02.785122+00,42745,Steve Antin
766eb1a7-2b19-4690-abb5-583f7bcc4011,2026-01-18 01:01:14.104724+00,10205,Sigourney Weaver
76749da0-44f5-4648-b541-21491d553c29,2026-02-03 06:57:39.669237+00,2248893,Preston Hudson
7698200a-bb65-4c55-80e6-90086767d219,2026-01-17 20:59:32.13461+00,130108,Elizabeth Mathis
76a17ecc-845c-43c6-b922-76c3ef6a7944,2026-01-19 20:26:22.060362+00,9195,Hiroyuki Sanada
76ba91e3-7689-44c4-95d0-53721dcc1538,2026-02-03 07:02:02.406531+00,2550504,Billy Rayner
76e1aff1-5560-492b-b2d3-75c84268bed2,2026-01-19 21:07:51.9608+00,78062,Aml Ameen
772c7926-a770-4500-9834-93612d10fe0d,2026-01-17 23:13:02.785122+00,159013,Paul Tuerpe
7734c9fe-a5ef-4b23-afc1-ac744d687d74,2026-02-03 06:55:23.857556+00,591,Brion James
7736bb14-8d98-4d25-87ed-403daeb38405,2026-01-17 22:42:40.386287+00,587822,Tehmina Sunny
773914eb-83dd-40ce-bf30-099c4e9fd5b2,2026-01-19 07:55:07.374835+00,3094,Talia Shire
773b207b-dbb4-4995-b991-6ddcd48b3dad,2026-01-19 19:49:26.162197+00,39459,Hayley Atwell
773debaa-a425-40ea-a6e6-716369486116,2026-01-17 23:19:23.274632+00,5658,Michael Gambon
773f6825-582c-4f10-8aa4-8802d535f9fc,2026-01-17 20:59:32.13461+00,12859,Steven Lisberger
77466556-d807-4b8f-a372-bcc9674c8a1d,2026-01-19 20:33:50.495522+00,45407,Mark Duplass
77628d2f-6fb4-4bd1-8c18-20aeaf492552,2026-01-17 22:37:28.53073+00,2088489,Vanessa Cozart
778360a3-b2db-4c96-ae71-3016eecd49ef,2026-02-03 06:54:23.759182+00,58866,Dana Wheeler-Nicholson
77989625-4384-414d-9dc7-a90f4cfae300,2026-01-17 23:13:02.785122+00,2055,Robert Davi
77c0792d-afc9-4fc4-a563-74dd43f9fd3b,2026-02-03 07:02:20.808231+00,930288,Félix Moati
77ce0b97-5e9a-4992-8c18-1725889b4841,2026-01-25 22:57:22.603952+00,1940747,Dali Benssalah
77e65c74-8f64-4898-b462-daaf3d20d3dd,2026-01-17 23:14:38.348517+00,1102076,Heather Downham
77e93bbf-cc58-4211-a0c2-d2be2c2f3429,2026-01-19 21:10:09.395074+00,1372185,Al Coronel
780d166b-ba58-43a2-8b90-3ad72467f8a5,2026-01-19 20:04:27.862377+00,58074,Madge Sinclair
780d90f4-3678-4295-aecf-cedceedada5f,2026-01-17 22:29:42.013994+00,4784,Laura Dern
781bfd55-0494-47be-b4d0-9078ae5a71a0,2026-01-17 20:52:07.23447+00,225633,Peter Craig
781cc6ab-7bd5-4a2b-bc09-ac7122349ce6,2026-01-19 21:07:51.9608+00,1227160,Noah Oppenheim
78253b10-ab6e-4197-8475-114eac420716,2026-01-17 23:14:38.348517+00,93948,Alan Gifford
783994b2-54bf-4ad9-86ee-ab965ddd9f50,2026-01-19 20:15:31.141157+00,108,Peter Jackson
7848c6b0-f945-480c-b4c5-93471e35f1b8,2026-01-19 21:07:51.9608+00,1415406,Michael Deville
78989972-cff0-49ea-b07e-e68470facf85,2026-01-17 22:31:43.771631+00,1320746,Anna Francolini
78a8e014-853a-4be7-a65b-c6107921e3d1,2026-01-17 23:11:08.000867+00,2505,James Cromwell
78ac5986-02e2-464a-9055-d4a085e0ad62,2026-01-17 22:30:37.956531+00,1834,Shirley Henderson
78c8dc2d-3d30-4507-bd19-b20ee28e8d7b,2026-01-17 23:16:27.745856+00,4984038,Lee Braithwaite
78ce97d2-538e-425a-855b-2fe5fcebadc7,2026-01-19 20:36:11.709119+00,1503704,Eskindir Tesfay
78e672b6-92ae-4f64-8dab-8972532dce77,2026-01-17 23:11:08.000867+00,6916,Peter Jason
78edb437-717c-42fb-8d7b-f59ae244cd32,2026-01-17 21:00:24.465906+00,2906583,Drew Logan
78f9c07f-9783-422e-ace1-b6eb07f0a61e,2026-01-19 21:04:21.834691+00,8293,Marion Cotillard
78fb34cc-9165-4455-9606-64bcee6ca32f,2026-01-19 19:56:28.252593+00,1499803,Sean Malone
78fe2b9c-2b9d-4bb4-a914-13853b70cf59,2026-01-18 01:03:45.515954+00,1175162,Gaston Šubert
7910e14c-bbb0-46a6-97e3-8259ec8f89d9,2026-02-03 06:56:59.749831+00,113461,John Legend
791e6989-3017-4433-9e41-40376a7e9125,2026-01-17 23:22:52.280198+00,966306,Karren Karagulian
792c04f5-0069-48f2-a027-512a0ff99195,2026-01-19 20:57:24.797871+00,15253,Stanley Anderson
794f1001-0ff8-4f92-ae35-3b4fccc401b6,2026-01-17 23:09:35.21473+00,578,Ridley Scott
797d5e1e-bf2b-4b0b-ae0a-9e635ec9c90f,2026-01-17 22:35:19.14754+00,2502211,Cassie Cook
79ad05f2-56fd-4bd5-8dfe-07aad7f0b58c,2026-01-26 05:46:50.763324+00,1027910,Elizabeth Chai Vasarhelyi
79b380a9-2d0f-4ac3-982f-21304ec2b8ac,2026-02-12 07:07:55.251269+00,11434,Wilfred Jackson
79c6d245-c493-49c1-9d1a-47da885b9c55,2026-01-19 02:24:59.225425+00,1245,Scarlett Johansson
79d07cd0-ea4d-4353-9054-2c3985515f3e,2026-01-19 21:00:39.344128+00,36634,Julio Cesar Cedillo
79edf54f-689c-4737-be6e-426479e1332e,2026-01-18 01:22:42.065357+00,72118,Anil Kapoor
79f7afb9-8fe6-486c-ad40-0283c65b930f,2026-02-03 06:58:49.243874+00,205783,Susan Pourfar
79f9e23c-85fe-4406-87ac-4787b05b4524,2026-02-03 06:56:12.237051+00,3155749,Erik Whipple
7a273b6e-5dbc-414c-b448-c8b97834bc72,2026-01-19 20:06:14.816718+00,2478,Tommy Flanagan
7a28f065-6faf-44d7-9e0f-bac35f36cd30,2026-02-03 06:59:36.275135+00,12692,Albert Salmi
7a29f0e2-1a6e-4314-bab5-de11c849c866,2026-02-03 06:57:09.900217+00,131362,Ben Levi Ross
7a2e0ffd-3e34-4d67-a400-c1e8cfd6e8dc,2026-01-19 20:16:22.571739+00,114,Orlando Bloom
7a3aee8a-7967-4597-95ca-b89d6e1f34d5,2026-01-17 22:57:30.935943+00,171538,Clark Middleton
7a432794-442d-4bd8-8ec2-4acc23e1c591,2026-01-17 22:35:19.14754+00,2502212,Morris Lupton
7a43904c-0d1f-4d5d-86de-6ac297ce8e43,2026-01-19 20:48:33.234012+00,2593,Rupert Gregson-Williams
7a45daae-2ee8-4b35-8c41-25b97f390323,2026-01-19 20:14:48.378859+00,2065177,Georgui Kasaev
7a52bcb6-4738-42d7-aa47-d67ac02b7e85,2026-01-17 21:16:52.611237+00,33184,Rohan Nichol
7a561468-6ba7-4dbd-9fca-6800bf1b5819,2026-01-19 20:03:20.643674+00,1551545,Steven Caple Jr.
7a5a31a0-ed62-4bc1-9342-e2d1431ac036,2026-01-17 23:01:33.438696+00,58431,Abdul Salis
7a67b951-c26c-47c7-837b-27c2c3cdaf2d,2026-01-31 19:56:20.767461+00,1411644,Sam Malone
7a68bf91-9282-4089-84a8-7c62fa22b894,2026-01-19 20:41:20.99353+00,155955,Ralph P. Martin
7a6a9dfe-5ba1-4ad1-9882-a5ba5761ca1b,2026-02-03 06:56:12.237051+00,2234704,Wayne Kneeland
7a8641b4-495f-4d93-ad7f-482f26658b27,2026-01-17 23:26:43.350319+00,39104,Abel Ferrara
7a9a22b9-683e-423d-a845-633b66deed3c,2026-01-17 22:35:19.14754+00,5530,James McAvoy
7a9e992a-469f-4ed8-9bfe-f241eb29bd0d,2026-02-03 06:56:26.157503+00,1526802,Heather Haase
7aa2dfe5-4d6f-4c85-8810-44c7d90b76e5,2026-02-03 07:03:14.925674+00,8395,Luke Perry
7aa347af-4be7-442f-8dc6-973f25ac1954,2026-01-17 20:58:40.883175+00,4803251,Thea Butler
7aa47854-2cd1-48d8-b622-3675966f70f7,2026-01-18 01:16:50.605495+00,21045,Maggie Q
7acee7f3-ba09-4570-99ba-6a1896a7bc30,2026-01-19 20:08:50.340044+00,141358,Julian Spencer
7ae9e9fe-0087-4a92-bc28-ff5d5e0045af,2026-01-18 00:39:56.661624+00,55398,Ashley Jensen
7aea319e-0850-45a8-b3eb-f1fbcf750e90,2026-02-03 06:56:38.758462+00,2887,Tom Waits
7af0e390-e12d-470b-8a92-d15e2e4021cc,2026-01-19 20:35:27.581284+00,18287,Ken Garito
7af66e3d-42c5-486a-a9f9-f2d6e1e59260,2026-01-19 19:52:34.945104+00,1228940,Jonathan Dixon
7afe3ae7-fad8-42f9-a024-4a6a4bdadeb4,2026-02-03 06:56:59.749831+00,142263,Terry Walters
7b04cc50-d424-46b4-9ede-119a5340bd43,2026-02-03 06:58:34.533714+00,3773484,Masayo Sakai
7b14287c-1caa-43d4-ad9c-9c983b16fe84,2026-01-19 07:55:07.374835+00,3098,Nino Rota
7b35d310-1a4a-48a7-9288-47ca04a0c336,2026-01-17 23:13:02.785122+00,57371,Jeff Cohen
7b374210-102c-4c9c-986e-d29e5c169288,2026-01-19 20:13:49.671069+00,4209687,Mary Hannigan
7b59c232-23d2-45ae-8305-76e579f1c141,2026-01-19 20:38:31.276443+00,2228,Sean Penn
7b63cf43-b412-4cca-857c-91bd8734a275,2026-01-19 20:22:25.68211+00,2983,Mark Strong
7b721ca3-14a6-4062-9b15-c2efd0a6cd4c,2026-01-19 20:23:17.356136+00,563560,Gordon Alexander
7b7c4fbb-8be1-412b-876d-f65155227e12,2026-01-19 02:24:59.225425+00,43553,Jerzy Skolimowski
7b7e8eed-b4b0-4df1-bd29-43b64335b8ba,2026-01-17 23:08:10.282741+00,1402756,Malcolm Weaver
7b7fc6e1-bab3-4f8b-99d7-3283f5fd3980,2026-02-03 06:58:49.243874+00,1105079,Lucas Hedges
7b8948e5-9aa6-4b44-adb9-9a48e76316e9,2026-01-19 20:08:50.340044+00,1662377,John Greaves
7ba22ca7-b23c-43c5-a9a7-cf5ca6bea16b,2026-01-19 20:40:32.669862+00,213049,Jadin Gould
7bc7d549-ceab-42b2-a61c-741f7f356038,2026-01-19 20:15:31.141157+00,1193833,Adam Brown
7bcffb21-a7e6-413f-bfcf-c61d10f69376,2026-02-03 06:57:09.900217+00,19312,Jonathan Larson
7bd86a3c-ab15-4333-83c9-5a308fbeecdc,2026-01-18 01:03:45.515954+00,2622859,Rudolf Pechan
7bede851-30f7-4a99-95d6-15775bd7c245,2026-01-17 23:14:38.348517+00,240,Stanley Kubrick
7bf34b13-367f-442a-82e7-0985244e83c3,2026-01-17 23:01:33.438696+00,3580287,Luciano Bacheta
7bf5a31d-6f40-4101-9825-65616fd9ecef,2026-01-17 22:36:15.382506+00,5587,Hank Azaria
7c0553b4-a0bf-4dad-b55c-89999b102474,2026-01-19 20:13:49.671069+00,1543462,Nashawn 'Ox' Breedlove
7c187460-4445-4162-9c13-3b9d7b4dc962,2026-01-19 21:03:35.600447+00,9283,Candice Azzara
7c2cca2a-20cc-4b04-91f7-fca5bf08a2fb,2026-01-19 20:12:17.102861+00,1261694,Barkhad Abdi
7c472bc5-07e9-4cca-8938-ea0683f609f7,2026-01-19 20:24:49.750006+00,39391,Edi Gathegi
7c47c5b6-9adf-4ab1-90c8-40e84c0f4a51,2026-01-19 21:11:22.959573+00,1371097,Parker Wierling
7c50d43c-9613-4c7e-88b4-e9b09592d292,2026-01-17 23:01:33.438696+00,1969777,Callie Cooke
7c52e0f6-cf04-4051-bf19-8b81e3f8c914,2026-01-17 23:18:02.01673+00,53806,Kieran Mulroney
7c544070-5846-4ef3-86e3-8d0d93b9c257,2026-01-19 20:41:20.99353+00,85,Johnny Depp
7c5877f9-568d-42ff-90d6-5e4547a74868,2026-02-04 03:42:18.031503+00,1281190,Nic Pizzolatto
7c6aa16d-d7cb-4426-83ac-e0659008732a,2026-01-17 22:35:19.14754+00,25134,Shane Rangi
7c711310-3cb6-4ad1-9b56-e1046c5d1b9a,2026-01-17 23:17:23.981754+00,2048,Gary Busey
7c76540a-c2cc-4a5a-ab2e-5362934316c2,2026-01-18 01:13:49.934221+00,2623006,Dan Luxton
7c7fba7a-bd0e-446b-b256-ae0922b1cee8,2026-01-19 19:54:23.60346+00,1159717,Shawn Fanning
7c9143de-e828-4dbb-9394-ffe28d0edeed,2026-01-28 04:23:04.431072+00,32393,Paul McCrane
7c9299ab-45a3-4c76-8f44-49b643dc8146,2026-01-17 22:53:05.33733+00,1734935,Evan Holtzman
7c9f6628-1437-4492-8e1d-9495487c76b0,2026-01-29 05:37:22.221296+00,1953,Casey Siemaszko
7cb49bd0-fd2b-4028-9316-05d41cbf81b5,2026-01-17 23:06:38.627612+00,1579,Maggie Gyllenhaal
7cc5a9ea-3467-4d0f-a575-d02593df0d2c,2026-01-19 20:46:24.087546+00,2141479,Peggy Lu
7ce03602-d6e8-40dd-a559-5606d6e56d4b,2026-01-17 22:46:25.239342+00,186391,Pablo Scola
7cf1e4f0-e528-402f-af50-5d9ab9957f09,2026-02-03 07:00:10.287557+00,3001,Conrad Veidt
7cf9793f-7d06-4218-822c-26cf1278dac8,2026-01-17 23:01:33.438696+00,2177320,Ramona Von Pusch
7d0d9c96-6544-4304-8b23-02587eeb4230,2026-01-19 20:08:50.340044+00,31,Tom Hanks
7d0de27c-9370-47e0-ac7d-965c76586f7f,2026-02-03 06:57:09.900217+00,67599,Vanessa Hudgens
7d2d0d04-00aa-448d-94ad-42472c34a08e,2026-01-18 01:16:50.605495+00,87280,Bellamy Young
7d2e3ebb-5499-4301-8fd5-4ea9350a55a7,2026-02-03 06:57:09.900217+00,2430430,Robyn Goodman
7d3d4a5d-b12c-42f1-89f0-d7c891ef662d,2026-01-19 20:22:25.68211+00,1322314,Edward Holcroft
7d3e8586-1ee9-4f2e-9101-8411817c38e4,2026-01-19 20:52:47.996974+00,18979,Christina Applegate
7d4810de-a44a-4c5b-91d6-913776fdd9f5,2026-01-19 20:33:50.495522+00,255430,Martin Delaney
7d4ac2ce-3b64-41fd-bc0f-806614716dcb,2026-01-17 23:21:23.844244+00,53718,Erin Boyes
7d4af4fd-9841-4092-aba6-d6a636df02fb,2026-01-19 20:36:11.709119+00,1464090,Robert Maaser
7d5d3208-1e38-4823-bb6d-3f527556473c,2026-01-18 03:05:04.679854+00,1019578,Peter Dillon
7d7aba5f-1728-4a2c-88e9-f4e16b058bec,2026-01-17 22:36:15.382506+00,19279,Lance Armstrong
7d813994-1998-4817-9383-e669f4339929,2026-01-19 20:24:49.750006+00,1639821,David Fleming
7d935a53-5440-4189-8110-c07d217f6b06,2026-02-03 06:54:08.464148+00,53454,Damon Gupton
7d962821-cedc-414e-bc00-4ba52b331ea4,2026-01-19 20:47:10.545294+00,2464328,Little Simz
7d981ad8-847e-49ce-a021-d37a9088f660,2026-01-19 19:47:09.453096+00,92429,Jens Hultén
7d9aa9ca-d53f-41ad-9e07-f1fc75033299,2026-01-17 21:01:34.335863+00,20806,Silas Carson
7d9b6cc6-8c8f-424b-ab1f-a88193e7248e,2026-02-03 07:01:08.804847+00,224188,Jack Scanlon
7dccbe6a-83be-4a6c-99d7-d43ad0974eeb,2026-01-17 22:51:37.67324+00,2019444,Elle Young
7ddf2811-0156-44e9-a00b-f788aef052b3,2026-01-17 20:59:32.13461+00,59315,Olivia Wilde
7df3e4b7-8047-4047-9ec4-6320f258f9fb,2026-01-30 01:41:18.336287+00,543261,Karen Gillan
7e285f93-9e99-47e8-ae8a-461cb7b7d0c6,2026-01-19 02:24:59.225425+00,103,Mark Ruffalo
7e28d79e-c2c7-4cf2-bc13-5e46d9ae51e0,2026-01-19 19:56:28.252593+00,999737,Erica McDermott
7e2a74ec-fdcc-48b1-ba8c-f86828a50573,2026-02-03 07:02:57.923828+00,5359,Mychael Danna
7e2db7f0-021d-49b0-8c9f-7f44c2751be6,2026-01-19 20:15:31.141157+00,128,Philippa Boyens
7e3b8044-50b0-4ec7-8131-0db66036bde1,2026-01-17 22:32:33.613381+00,21088,Alan Tudyk
7e4afd06-531c-4b65-96c5-b897cb298ed3,2026-01-19 20:02:24.1983+00,209578,Laura Haddock
7e56525c-f593-4cb2-992c-4e6fd804893a,2026-01-17 22:51:37.67324+00,1512280,Chloe East
7e88b3b2-0143-47f5-b663-aa2602da30dd,2026-01-28 06:09:46.680089+00,6618,Matt Mercier
7e8df958-82c2-4cfe-b820-57bb2e122b0c,2026-01-22 05:17:53.061178+00,113930,Sandy Robson
7eacecab-cf01-4309-b4cb-eedefceea346,2026-01-17 23:10:23.514105+00,11669,Jimmy Fallon
7eb8d6ff-a3fc-41b1-adce-bc3a5a12c486,2026-01-17 23:10:23.514105+00,543505,Jake Johnson
7eca094a-05a3-4d67-b192-0844906483a1,2026-01-19 21:05:06.171801+00,204,Kate Winslet
7eddde53-6e6a-44ba-b3b4-c6e12d63397b,2026-01-19 07:55:07.374835+00,3144,Al Martino
7ee09d85-144b-41af-80b6-4a0749555f41,2026-01-17 21:00:24.465906+00,122423,Yorgos Lanthimos
7ee73046-c78b-4b5d-b489-9ee17d005212,2026-01-17 23:02:24.065288+00,120254,John-Henry Butterworth
7eeab802-6d25-4af7-a37f-8284fde41aff,2026-01-17 23:16:27.745856+00,1318894,Nick Payne
7ef8818b-2220-49cf-af58-919018a0d238,2026-01-19 20:36:11.709119+00,3036604,Tiernan Jones
7f00b290-62f8-4fec-8a2a-e9bfc129ac16,2026-01-17 23:21:23.844244+00,2347144,Ella Wejr
7f2e15e4-ed7f-4ce4-89ce-851e4b749490,2026-01-17 23:20:45.418369+00,14548,Marcia Jean Kurtz
7f394201-d9ac-4dfd-98ab-96165033d006,2026-01-19 20:12:17.102861+00,227440,Henry Jackman
7f39dc76-ae90-48d2-bc45-682e3610cd33,2026-01-17 20:58:40.883175+00,1267329,Lupita Nyong'o
7f3c28e1-66ca-4587-8b2f-974bd0776b6a,2026-01-17 21:15:08.292248+00,7242,Temuera Morrison
7f579913-6216-4f74-86aa-546e0c64e96e,2026-01-19 19:47:09.453096+00,1239407,Drew Pearce
7f58831e-5191-4b93-a49f-87e99c11927c,2026-01-19 19:53:23.12908+00,140182,Matthew MacCaull
7f607703-3a6e-4559-bb89-cf13c5b2ea20,2026-01-17 23:09:35.21473+00,41091,Kristen Wiig
7f61cc5a-11c2-4e5d-badc-d909f586349b,2026-01-19 20:03:20.643674+00,1663700,Jongnic Bontemps
7f7093be-7e2d-4cce-b04f-d3025324d303,2026-02-03 07:03:27.330761+00,1239,Jimmie Dale Gilmore
7f75a10e-d09f-4a99-9b30-2a27a0942d21,2026-01-19 19:50:48.244222+00,188796,Sean Gerace
7f7f0584-bb7a-4ae8-b118-17409447dc44,2026-01-19 20:12:17.102861+00,25598,Paul Greengrass
7f8ec866-ea08-4e94-968f-8d2bdee2db46,2026-01-17 23:13:02.785122+00,690,Ke Huy Quan
7f943a8d-db88-4e58-8157-22fe5c2b0a7d,2026-01-19 20:04:27.862377+00,44994,Arsenio Hall
7fa5f7a7-e311-4111-93b5-71e6cd7e6333,2026-01-17 23:00:21.741698+00,553950,Emiko Furukawa
7fcd749b-7993-447c-9ae0-14dadfe366bb,2026-01-19 19:57:52.038557+00,24305,Julie White
7fd25a0b-620d-428f-b588-f4d8ae5b4875,2026-01-19 20:14:48.378859+00,1407445,Joanna Calo
7fe12e49-976f-4bd6-ae9b-1031284e234a,2026-01-19 19:48:15.066607+00,2089913,Christophe de Choisy
7ff9a42f-82b1-43e9-b074-f535fe31dff8,2026-02-03 07:00:44.192947+00,1077855,Liam Powley-Webster
80028f90-c4bc-472f-beb2-83831747e5bd,2026-01-17 22:51:37.67324+00,4932826,Hanna Huffman
800bbb2e-553a-458e-8811-71e617578566,2026-01-19 21:07:51.9608+00,512316,Jacob Latimore
8013777f-db13-48bc-8edd-a5a9eacba2c2,2026-01-17 23:21:23.844244+00,126223,Dolores Drake
801925a6-813d-40f9-8a70-d1a3f6ae23d8,2026-01-17 23:00:21.741698+00,81851,Emi Shinohara
8035d8a2-1dfe-4e89-a43d-06a3d8fb28ba,2026-01-17 22:27:32.161838+00,114761,Tim Rose
805c7fe7-68db-461c-98b4-b79b766ba234,2026-02-04 06:28:36.488135+00,1204318,Aedin Mincks
80791182-27db-4288-ae13-47a78e5a2043,2026-01-19 19:54:23.60346+00,56258,Donna Powers
807ba938-b5e3-44ad-9bca-62d956892809,2026-01-19 20:52:47.996974+00,1186229,Shira Piven
807e46dc-3e1e-4358-9624-ccb427629105,2026-02-03 06:54:08.464148+00,223012,Jayson Blair
808e1814-cfd9-432a-bd9f-4e399cf1fbc7,2026-01-17 23:01:33.438696+00,1346535,Samson Kayo
80923443-d19c-48a4-82d2-37a865daccc0,2026-01-28 06:09:46.680089+00,6622,Derrick Bridgeman
80b3ec2c-baff-4a2e-942e-aa17c6e2b062,2026-02-03 06:56:59.749831+00,156985,Claudine Claudio
80de6334-622a-4e06-9ead-6a48856d371c,2026-01-19 20:52:47.996974+00,19274,Seth Rogen
80ebd63b-910c-4839-bb7f-de27f593c0ce,2026-01-17 23:19:23.274632+00,15737,Helen McCrory
80fb7665-542d-4097-b7dc-9ee091d32a7f,2026-01-17 22:50:50.122456+00,535,Russ Fega
8104cfab-63e2-42d1-ad3f-06bd5730920d,2026-02-13 05:52:58.243454+00,11180,David Bradley
8106d5df-e90b-4c89-927b-c0e07366de06,2026-02-08 09:39:00.152385+00,189111,Suzanne Collins
81099e51-f223-42e4-bea1-a81165a600f9,2026-01-17 22:44:09.652092+00,1152043,Carolyn Gilroy
812ab661-b73c-427e-8d3a-94c90de2e447,2026-01-19 20:08:50.340044+00,12833,Edward Burns
8138eb14-b5c6-4a1e-bc45-0b46b397b27c,2026-02-03 06:57:18.430254+00,971519,Onira Tarés
8151957c-c800-4fba-9bb9-278595ede986,2026-01-19 20:33:50.495522+00,6195,Harold Perrineau
8185ba2a-c589-4611-be20-aabf743f1df6,2026-01-19 20:39:28.61908+00,116265,Jack Doolan
819e8278-13da-405d-93d4-ed37085730ec,2026-02-03 07:02:20.808231+00,31903,Henry Winkler
81d46ef6-9f3a-4fde-bd37-1ec6d6070f35,2026-01-19 20:38:31.276443+00,3417,Tony Goldwyn
81d831ee-acac-48e9-b644-9302b5e2c734,2026-02-03 07:00:33.374034+00,2756183,John Ward Jr.
81db9f26-80a3-43d6-b4b5-14b3eaa18fad,2026-01-19 20:49:42.186009+00,12054,Daniel Zacapa
81dd3bd3-af7c-429a-bb46-ecf767abfb20,2026-01-19 19:56:28.252593+00,132983,Eric Johnson
81ed46a9-4ced-4cbd-a4cd-e3fc32a5da92,2026-01-19 20:23:17.356136+00,1639,Emily Watson
81f1f57b-da9a-48f9-a540-429a8f81bfb1,2026-02-06 06:34:32.707167+00,58733,Jason Davis
81fdc662-d6fd-4de7-858b-ea39c40de1fa,2026-01-19 07:55:07.374835+00,1158,Al Pacino
82064f7d-14b8-489c-acd6-670de283ba1c,2026-01-19 21:03:35.600447+00,9274,James Brolin
820aa21d-87ae-4867-8c20-5b31f97b411b,2026-01-17 23:11:08.000867+00,1257819,Daniella Pineda
82399ac3-8826-4840-a34e-b90f4ae79b5e,2026-01-17 22:43:24.48727+00,190895,Sarah Gadon
82406055-bf1d-4990-af3a-8de0dca5f86d,2026-02-03 06:55:34.988874+00,526,Lukas Haas
8255f5a2-99a1-49a2-9529-f0d3e5243d35,2026-02-03 06:57:09.900217+00,1473510,Gizel Jiménez
8277def0-6b6c-41f3-b31c-0dbaa430cb88,2026-01-17 23:10:23.514105+00,7132,Vincent D'Onofrio
828262dd-714f-4508-bb0b-f75385a4f153,2026-02-13 05:51:24.87582+00,1510796,Charles Thomas Doyle
82880f9a-6b78-4eec-875c-739c1fc95171,2026-01-17 23:22:06.593835+00,1227356,Chris Fowler
8288c0d5-f5bc-4b72-85da-192135e946d4,2026-01-19 21:00:39.344128+00,1018947,Maximiliano Hernández
829411d3-fe28-4093-89cf-d3f192880010,2026-01-19 20:58:13.667013+00,18923,Miles Millar
82a0acd0-8c75-456c-b41d-9527d1e05c96,2026-01-25 21:09:24.781349+00,2127965,Jung Jae-il
82a55f27-315c-488f-8869-7a8d071d2580,2026-02-03 06:55:09.790833+00,71886,Natalie Canerday
82ae72d2-584a-4d22-8640-71e33685d2dc,2026-01-19 02:24:59.225425+00,71189,Cobie Smulders
82bc6a8f-5491-41d7-9590-cc1c099b2b6a,2026-01-19 20:36:11.709119+00,1136406,Tom Holland
82d6fbfc-7f8d-4ef5-825e-8af562b51935,2026-01-19 20:48:33.234012+00,1896,Don Cheadle
82da4744-c741-442b-b18a-38be836ee9c0,2026-01-28 03:16:06.08029+00,6041,Brian Tyler
82f464f1-aab7-4387-a3c3-051dfe8678ea,2026-01-17 23:09:35.21473+00,47506,Drew Goddard
82f88573-943c-46ae-a66b-97a8263919d5,2026-01-17 22:45:04.743233+00,52848,Isla Fisher
83013156-0d86-40ca-994a-253155b55e1d,2026-01-19 20:07:07.510359+00,7025,Richard McCabe
830b24df-f09f-4475-9d08-7b6a4d15f073,2026-01-19 20:07:07.510359+00,2326151,Paul Mescal
830e831e-0425-4939-81fe-fbfe9ac39a78,2026-02-03 07:00:10.287557+00,2094,Peter Lorre
831c891a-9560-4fa7-8a52-4116fddc7b7a,2026-01-19 20:46:24.087546+00,2141521,Amelia Young
833de139-091e-4176-9bac-b00b44e7dd01,2026-01-19 20:36:11.709119+00,1401967,Alex Jaeger
8361de2f-c98c-4ef4-a131-88f4c24d6d6a,2026-01-17 23:22:06.593835+00,2437923,Doria Bramante
8363119f-5c89-4d4f-8847-35443b715b81,2026-01-17 23:18:39.447854+00,1538,Rick Ducommun
837191f9-e04d-456a-a2f7-6c5ac21200b3,2026-01-17 23:19:57.950471+00,23882,Amy Madigan
83936050-de65-49a0-8948-4d0abc90a5d4,2026-01-17 22:42:40.386287+00,58577,Rob Curling
83988bee-d276-4b0d-9c51-13952d36af23,2026-01-19 20:35:27.581284+00,28033,Arthur J. Nascarella
83a732d8-5cac-43c5-b58e-31647c7591a2,2026-01-17 20:50:09.746171+00,81125,Denis Ménochet
83b4ed79-2798-4b7b-9b95-4b032f143469,2026-01-17 23:18:02.01673+00,33269,Dan Albright
83b65e98-2a17-401a-b6b3-9d1f657836f4,2026-01-19 20:48:33.234012+00,2599,Ofentse Modiselle
83d09a94-6645-4164-a7d3-712def8f0a85,2026-01-25 22:57:22.603952+00,62968,Priyanga Burford
83e0a1d6-5d90-4593-a76f-ade716ce9076,2026-01-19 20:00:54.469233+00,6949,John Malkovich
84493850-32ba-44da-b3b3-22f8a5f95489,2026-01-19 21:02:49.094684+00,1278487,Hannah Waddingham
8451fe00-f465-427a-ac74-ca2e5209fbe3,2026-01-17 23:06:38.627612+00,20090,David Moreland
847691dd-8615-4afd-9886-5e53a2e1f42b,2026-01-19 20:41:20.99353+00,1710,Lee Arenberg
848e34aa-ecac-47e6-919c-8c524a997c31,2026-01-19 20:06:14.816718+00,936,Oliver Reed
849b1373-fe3d-4f78-a8b5-58e67ef1a653,2026-01-17 22:53:05.33733+00,5367087,Tom Dunne
84a1ed9a-2b6e-4621-9597-9888a7eb5aca,2026-01-17 23:00:21.741698+00,40333,Satoshi Kon
84bc2393-147d-4692-81f9-ef1f8903c0f4,2026-01-17 22:57:30.935943+00,37760,Kenny Doughty
84d4e0c8-64fd-49fa-b580-2d498d44439c,2026-01-17 20:59:32.13461+00,10874,Ron Selmour
84e511e7-d21a-4ecf-9488-e1a1c904e7db,2026-01-28 04:23:18.309315+00,5257,Billy Nelson
8500cd85-2a05-4dfb-9f38-4ca7f4a8356f,2026-01-17 22:48:49.098952+00,2037046,Souheila Yacoub
85026d23-e2f8-4ed1-809b-2ed6f169a3bd,2026-02-03 07:02:46.175859+00,1118730,Charlie E. Schmidt
85037045-9805-4faa-afd4-952a9b1c76bd,2026-01-19 20:56:41.401173+00,139,Uma Thurman
851feb3a-dc72-4ccd-82ba-6c4607047a41,2026-01-18 00:41:25.966535+00,7020,Trevor Jones
8522b8f3-8cb5-4fef-a0d1-aa2909de6121,2026-01-19 21:04:21.834691+00,39659,Burn Gorman
85294712-edaa-4a46-b6e2-a8180df930e3,2026-01-21 05:45:56.025826+00,11480,Frank Sivero
8530c184-c41d-4c39-a7b7-3a2f1ad392c2,2026-01-17 22:59:29.352628+00,1805889,Brandy Leary
8533ba03-19d9-4ae7-88e2-d5e70d217ef5,2026-02-13 05:51:24.87582+00,53669,Hans Howes
8534647d-6b31-4d17-a379-444ea05c8936,2026-01-17 23:02:24.065288+00,147056,Caitríona Balfe
8538ff01-b063-4f93-9bb5-d17cc0925a3c,2026-02-03 06:58:34.533714+00,3773504,Michio Denpo
8566e63d-de47-44c3-9668-a9813ec6e319,2026-02-03 06:55:34.988874+00,120932,Claire Foy
85875454-1072-410a-8ff7-3c5b1214c17f,2026-01-17 20:57:19.493617+00,938,Djimon Hounsou
8599a57e-0a51-4c8a-beb6-eeeb0b2f53de,2026-02-03 07:02:46.175859+00,24,Robert Zemeckis
859f51d6-c186-4680-b328-cef056d5c2d1,2026-01-19 20:48:33.234012+00,1567414,Neil McCarthy
85a6a064-5600-48c4-8d41-e00a55b8fa43,2026-01-18 01:01:14.104724+00,11074,Kathy Najimy
85ad57b3-cee6-41d8-b323-a2458c671986,2026-01-19 21:11:22.959573+00,1394656,Karen Maine
85d0d43e-b7e5-4164-9ab7-2e1a1dc79c0b,2026-02-03 07:03:14.925674+00,29095,Nicholas Hammond
85d92fbe-9a91-4ff2-9a02-a5d6fad819d5,2026-01-17 22:32:33.613381+00,56100,Alistair Petrie
85e29336-aceb-4a6e-ac0e-2e186ab17e9b,2026-01-17 22:37:28.53073+00,145245,Caitlin Stasey
85e5a852-d4b9-4cf2-8573-1493ae720c8a,2026-01-17 23:01:33.438696+00,1488078,Liz Kingsman
85fdc67d-2a48-4a1b-8ece-2dfda8399856,2026-01-19 20:45:22.505512+00,70238,Chris Williams
8609d8e5-20ba-4056-afdb-379d98fcf1b3,2026-01-19 20:02:24.1983+00,1474705,Daniel Adegboyega
86386c9b-0837-4a9a-b987-94079a0f467b,2026-02-03 07:00:33.374034+00,2756192,Kenneth Hill
865d7e16-70c6-45d6-9675-4bb6c77b6800,2026-01-17 22:50:05.222332+00,90609,Osgood Perkins
865dd49e-14e8-4003-b754-eb125dc6f194,2026-01-17 22:56:45.081716+00,10127,Jon Voight
86623bf0-0efe-4423-a9db-abec5e2b5b28,2026-01-19 20:03:20.643674+00,74569,Joby Harold
86732cda-bd5f-4b5e-819e-d622329eb645,2026-02-03 06:54:56.708103+00,2516,Anthony Zerbe
867415af-aaae-4cb7-91d6-24e1c269bdf0,2026-01-21 05:45:56.025826+00,68186,Dominic Chianese
868bf5d4-6c80-4a61-9870-70ba5fde733a,2026-02-03 06:58:34.533714+00,3773506,Shiro Tamaki
869b3424-7a11-4a26-b219-57ad8c4ed93a,2026-01-19 20:07:54.108456+00,1274,Brad Sullivan
86b93af8-139b-4b4e-a2d0-c34157fd3c5d,2026-01-25 21:05:20.600853+00,2542319,Sasha Calle
86bf124d-9872-4d59-865e-08903c05ca6c,2026-01-17 23:09:35.21473+00,8447,Jeff Daniels
87369882-2800-4a54-bb89-f9d16ddacc4f,2026-02-03 07:01:08.804847+00,961840,Cara Horgan
873ae4d3-78d3-44b6-a89a-591c97ce0816,2026-01-28 04:23:33.561869+00,5813,Aldo Giuffrè
873ff7f0-03e6-4d0e-ac08-0da13a1ff356,2026-01-17 21:00:24.465906+00,1290466,Barry Keoghan
87411ed4-7db6-439d-a80c-1112233fb583,2026-01-17 22:46:25.239342+00,1529445,Riccardo Calvanese
874bf7e6-5624-4cb2-961a-82ead1768400,2026-01-17 22:35:19.14754+00,5532,Judy McIntosh
874e30eb-6e40-40b4-adf6-f7529370f9c6,2026-01-17 22:47:11.909102+00,44079,Charlotte Rampling
875507da-cccf-4e2b-ab79-66bc1797de4d,2026-01-17 23:24:46.157888+00,58535,Paul Herman
876fe812-704d-4b9c-9bf9-fb8983f3739f,2026-01-19 20:46:24.087546+00,31528,Wayne Pére
878b5c91-34ef-4068-95bb-167959f28a38,2026-02-03 06:59:06.475854+00,134,Jamie Foxx
87919c00-430c-464b-8556-eb0ca33871ff,2026-01-19 20:53:43.767452+00,2179,Suzy Amis
8799a2af-fcc9-4838-bf56-df92d4f136b8,2026-01-17 21:15:08.292248+00,9827,Rose Byrne
87ab3bfb-9cda-484c-b76a-7516c68f2e3b,2026-01-17 23:24:46.157888+00,67837,Jacki Weaver
87b2714d-c0ab-4936-97e3-3878196aba68,2026-01-17 23:16:27.745856+00,174745,Niamh Cusack
87b7f7e0-2d41-4810-a5c9-1c4154374cbc,2026-01-19 21:07:51.9608+00,970561,Joe Adler
87bebec3-7557-4db1-bc8a-81b46a252919,2026-01-19 20:31:33.93137+00,2038,Naomie Harris
87cf920f-4c41-4763-87fc-7b6d838afde5,2026-01-17 23:26:09.781518+00,55710,Adam McKay
87efce73-7acd-4109-b62d-f6288e5b0151,2026-01-28 04:23:04.431072+00,6573,William Sadler
88090baf-b396-4017-8d8c-17bf748f41c8,2026-01-19 19:56:28.252593+00,999772,Chanty Sok
88348765-3aa4-44ce-bd58-17d9d630ee3c,2026-01-19 20:46:24.087546+00,53257,Emilio Rivera
88414186-f57f-4345-af36-10eaad93bc04,2026-01-17 23:26:09.781518+00,925,Paul Guilfoyle
884572fa-79cb-427a-836b-10e2c9260994,2026-01-17 22:53:05.33733+00,1907002,Charles Melton
885b6352-4d2c-48f2-867c-231abf95f7e0,2026-01-17 22:27:32.161838+00,199055,Michael Carter
886d3613-c13e-45ec-9b7a-4946d88f91f4,2026-01-19 21:07:51.9608+00,1179066,Wes Ball
8874af41-5e13-4dea-916a-8a6918becc89,2026-01-17 22:33:34.122707+00,112476,Dylan Minnette
887c2af5-8a84-4318-bcd7-4e6dc4a96420,2026-01-19 20:49:42.186009+00,43461,Endre Hules
88974f49-8e57-4ec3-a77e-c4b21cbd05a4,2026-01-19 21:00:39.344128+00,1240490,Kevin Wiggins
88a6e117-fc6b-4bf5-a2a9-79649b3ecf18,2026-01-18 01:22:42.065357+00,92428,Samuli Edelmann
88acdeef-625e-4017-b347-40c35c969a31,2026-01-17 22:33:34.122707+00,18288,Terrence Howard
88b37166-5581-4b76-9cc2-84d9cd580031,2026-01-17 22:32:33.613381+00,1213640,Stephen Stanton
88ba2bfd-a328-4336-9fc9-31455575abff,2026-01-17 22:45:04.743233+00,1105441,Bobbi Salvör Menuez
88cc7378-d122-4211-a2b8-b8115e132ae0,2026-01-18 01:03:45.515954+00,15322,Valentina Yakunina
88cd8474-f895-4719-b680-f8a271ca74d9,2026-01-17 22:47:11.909102+00,196179,Stephen McKinley Henderson
88d1c3a1-5b61-4e57-9817-d9675730e672,2026-01-17 23:05:08.032093+00,192268,Lawrence T. Wrentz
88f4305a-68ff-4a3a-aa27-28f27266a93f,2026-02-03 06:56:12.237051+00,12930,Gaby Hoffmann
88ff1857-c817-4ecc-ba8e-65dfb18689f2,2026-02-12 07:07:55.251269+00,64864,Clyde Geronimi
890d47c9-1998-458f-98b7-3a12d6005cfe,2026-01-25 21:09:24.781349+00,1709230,Park Keun-rok
89250974-ea66-453f-ba03-852c9256f180,2026-01-17 23:26:43.350319+00,1286311,George Gervin
892c3cfe-639f-438a-ad03-d582ee64f8d3,2026-01-19 20:36:11.709119+00,91268,Ruben Fleischer
894d35a0-9a17-4b52-b89d-7a66145a4ff3,2026-01-19 20:24:49.750006+00,993774,Rachel Brosnahan
8957af19-6ee4-447f-b128-ed5a950a4800,2026-01-17 23:11:08.000867+00,2058708,Isabella Sermon
8973e988-1752-48b4-834a-01e2039bdf82,2026-02-03 06:59:06.475854+00,1133063,Dana Gourrier
8988d0bf-12e1-4537-b205-299a34de5320,2026-01-17 22:37:28.53073+00,1891681,Shu Q
89958988-4441-4794-9931-f40ddc375194,2026-01-17 22:48:49.098952+00,1373737,Florence Pugh
89d2003f-77d3-4ab5-b8b7-74602059080e,2026-01-17 23:02:24.065288+00,72638,Tracy Letts
89e4c08b-d603-40b3-a5bf-151a17fd8ad4,2026-02-03 06:58:49.243874+00,1730743,Ellie Teves
89eabef2-74c2-4880-bb70-15369c646e7d,2026-02-03 06:55:34.988874+00,2035124,Lucy Stafford
8a002fcb-d5d0-4926-aad1-716cb2147080,2026-01-17 22:42:40.386287+00,3064,Peter Mullan
8a00d8c5-cf88-4892-8541-3aff6916fabf,2026-01-19 20:39:28.61908+00,124870,Onni Tommila
8a13bc88-af5d-44d5-bc33-d25a54186672,2026-01-19 20:37:45.151048+00,2043779,Narges Takesh
8a2f8473-3c6f-4547-b201-c1c750dc172a,2026-01-18 01:16:50.605495+00,15346,Roberto Orci
8a3531bd-ff6f-4046-9d53-6d5e81c43c45,2026-01-19 20:46:24.087546+00,81316,Reid Scott
8a65e4ee-efe8-4024-949b-afee37081be8,2026-01-19 20:15:31.141157+00,1327,Ian McKellen
8a6a7410-26cc-468a-985f-67e4dce4db8a,2026-01-26 05:46:50.763324+00,107798,Tommy Caldwell
8a704f97-b918-4aa4-ab10-e9ed97ddd41a,2026-01-17 22:52:22.775658+00,956719,Tim DeZarn
8ab58a14-5ff0-47a2-9731-b509d8f2be0e,2026-02-04 03:42:18.031503+00,55177,Marcelo Zarvos
8ab976c8-4a82-48df-97c0-d0d428c53325,2026-01-19 20:13:49.671069+00,323,Curtis Hanson
8ace7124-b111-4e47-a337-43dcbe8d9d3a,2026-01-18 01:01:14.104724+00,72754,Elissa Knight
8ad33650-e66d-4256-8fda-d892895e88de,2026-01-19 20:46:24.087546+00,940376,Kelly Marcel
8ada1147-13e0-48c0-837f-8f0349c543fa,2026-01-17 22:50:05.222332+00,1002369,Dakota Daulby
8aeb7259-d21a-4500-9c50-18b063b6636d,2026-01-17 22:40:30.733784+00,43366,Ann Dowd
8af5d45c-3b2f-4bc4-8c2b-371d7c3b354e,2026-01-19 20:39:28.61908+00,1630596,Severi Saarinen
8b0885a1-20d9-476c-911c-abd4e17e241e,2026-02-13 05:52:58.243454+00,10985,Ian Hart
8b420a3e-1b20-4b17-a200-176c3897198f,2026-01-28 04:23:18.309315+00,153394,Walter Stocker
8b7e82c3-a14c-42e2-995f-e0926e6f27c8,2026-01-19 20:45:22.505512+00,193254,David Shaughnessy
8b84d8f4-2df2-461d-9fa1-56d24f9364fa,2026-01-17 20:58:40.883175+00,2580328,Michael Sarnoski
8b94d267-be4a-4ba8-a0dc-efce6444b145,2026-02-03 06:55:23.857556+00,949610,Carolyn DeMirjian
8ba31b67-4f72-4fe1-b117-afd9cb4b6a3e,2026-02-03 06:55:09.790833+00,2912401,Donald Thorne
8bba6b5d-47a0-47d1-9f92-abebb89570bd,2026-01-19 19:50:48.244222+00,138324,Tony Elias
8bbc6959-4542-4239-a190-d29043b8e53f,2026-02-03 06:54:23.759182+00,7781,Kevin Jarre
8bc04c9d-eb63-4ec8-b0f0-5b71cebd16ff,2026-01-17 22:48:49.098952+00,1934576,Giusi Merli
8bc80a18-3ffe-44d8-856f-a1f4fc98c753,2026-02-03 07:00:44.192947+00,201732,Isaac Durnford
8bd0d152-aba6-495c-96cd-b396a1b28dc3,2026-01-19 20:33:50.495522+00,76512,Jason Clarke
8bdc409a-fd09-492c-8b2f-90d9fc540da8,2026-01-17 23:14:38.348517+00,1330785,Mike Lovell
8bea667c-a839-4451-8053-7c18830c6bfc,2026-01-17 23:12:17.50611+00,1188564,Emily Carmichael
8c3280f5-d0f6-4675-899e-20ad105b590c,2026-01-19 20:11:19.287269+00,1670,Daniel Mays
8c3809cf-aa5f-498b-baf5-1ea9abf19c89,2026-02-13 05:52:58.243454+00,96851,James Phelps
8c46ea26-6f81-42cf-a27d-b751e60946d0,2026-01-19 20:23:59.992531+00,1247,Matthew Goode
8c4c1c3c-3500-48cf-84ce-2005beee1bb7,2026-01-22 05:17:53.061178+00,1650595,Aaron Paul Stewart
8c5dea6d-c2ef-4d2b-b549-c1cc66fdd1e0,2026-01-17 23:16:27.745856+00,931140,Bryce Dessner
8c7802cf-762b-4c91-a477-0908c13a9a32,2026-01-17 20:59:32.13461+00,9602,Donnelly Rhodes
8cd6a8f0-de15-4eb0-b025-839f187e0a1e,2026-01-21 05:45:56.025826+00,3281,Gastone Moschin
8ce0173e-eeef-4d9f-8e46-ef3580ad3f22,2026-02-03 07:01:08.804847+00,1296078,Iván Verebély
8ce2f9aa-1716-4ccd-bf2a-4be438024a8e,2026-01-25 09:07:02.591375+00,13550,Elias Koteas
8d1342b5-f2a7-4cd7-ac3b-1c0a098f229b,2026-02-03 07:00:44.192947+00,40385,Marcia Bennett
8d14a8cd-a727-44a0-9b66-ddf33bc31521,2026-01-17 22:51:37.67324+00,1981044,Sophie Thatcher
8d1b41b5-dce9-4d21-b5c9-9a346689926e,2026-01-26 05:46:50.763324+00,2131832,Mark Synnott
8d2a0888-9507-4933-8a64-17d2f94f39cd,2026-01-19 20:45:22.505512+00,1995179,Marc Smith
8d439a01-7102-485f-8143-87b24dc2f75e,2026-01-19 20:09:33.245912+00,1530524,Luke Sunshine
8d7cd54e-8be4-4b06-9b98-17d69bc73683,2026-02-03 06:56:26.157503+00,44796,Franklyn Ajaye
8d7f532c-8b7e-44a3-a326-399440e3184e,2026-01-25 09:07:02.591375+00,17183,Jackie Earle Haley
8d897178-61a1-46d8-9820-bf9b25533fdb,2026-01-17 23:12:17.50611+00,55152,Campbell Scott
8dc15b4e-3d9c-4a87-9663-4b9d9da25550,2026-01-25 21:09:24.781349+00,1572354,Lee Jung-eun
8de4de9f-4c2a-4c9b-975a-881df2111785,2026-02-03 07:03:14.925674+00,62752,Damon Herriman
8de61e1b-7361-4540-941e-3b44ee4bf7f6,2026-01-17 23:18:02.01673+00,31005,Noble Willingham
8dfeca52-a157-4377-8213-f61a944202ab,2026-01-17 23:01:33.438696+00,62105,Kerry Condon
8e246f1f-24d6-4fb0-8e8b-d99bec1ff7a5,2026-01-28 04:23:33.561869+00,49895,Aldo Sambrell
8e24844b-eaa4-4a6b-a163-395e7441ed0e,2026-01-17 20:59:32.13461+00,1459145,Darren Dolynski
8e3cdf3f-286d-4081-9829-28145c8e1fd8,2026-01-19 20:57:24.797871+00,18998,Rosemary Harris
8e49619b-0a6d-4aba-a2f4-be18c39ad7fe,2026-01-17 23:08:53.869289+00,8210,Wes Bentley
8e4cc777-0d86-4773-96a8-1aa0778a9ef9,2026-01-17 23:06:38.627612+00,1583,Arthur Taxier
8e61f566-2ff2-45e3-b0ed-e5e9233721e7,2026-01-17 22:31:43.771631+00,1223786,Emilia Clarke
8e6e428d-8dfd-4886-abb0-e1bdb09f106b,2026-02-03 06:58:49.243874+00,26716,Heather Burns
8e7fd0b5-b005-41b2-8960-25ba7cfe8670,2026-01-19 20:45:22.505512+00,1077830,Joseph Mateo
8e95c961-c8a4-4c08-9845-be1f9ba6fcec,2026-01-19 20:03:20.643674+00,937792,Sean Tucker
8ea20dc2-3b79-476b-8a50-fe229573ada5,2026-01-17 23:05:08.032093+00,16119,Charles Napier
8ea57b70-ef7e-44fb-b8cb-7a463e34ae4b,2026-02-03 07:02:57.923828+00,938701,Nick Porrazzo
8ea70bf8-d1c5-4c9b-851b-d352946b8a7b,2026-01-29 05:37:22.221296+00,3035,Jerry O'Connell
8eae82ef-0388-4989-aad5-1a2a86462708,2026-01-19 21:01:24.060969+00,11708,Leslie Dixon
8ed47334-b948-4899-a848-2707a9acb55a,2026-01-19 20:40:32.669862+00,37698,Mackenzie Gray
8eddcdd3-bb28-4791-8828-c75db6bcf418,2026-02-03 07:02:57.923828+00,13520,Aaron Sorkin
8ef19ca8-c90e-48b9-9426-59b940036d29,2026-01-17 20:52:07.23447+00,1700685,Lewis Pullman
8f097684-c6f4-4597-a789-9b098ab763f8,2026-01-17 23:13:02.785122+00,1328,Sean Astin
8f0b97e9-e33e-435f-8c00-a7d6283cb8cf,2026-01-17 23:22:06.593835+00,4643890,Kenneth A. Osherow
8f14c051-3ea0-4f20-98e8-168190d7c93b,2026-02-03 06:56:26.157503+00,19439,Henry Gibson
8f18be4a-5bcd-4818-aa13-449403822ea9,2026-01-19 20:30:21.715385+00,76857,Joaquín Cosío
8f1c84e2-4126-4975-b87b-16ea8b8e11c7,2026-01-19 21:02:49.094684+00,1558985,Max Aruj
8f214d70-8c95-4bf3-8bde-74581a3b7e9c,2026-01-17 22:51:37.67324+00,1668152,Elle McKinnon
8f342a22-a0e5-4485-b5a6-bded4ecb1f0d,2026-01-19 19:48:15.066607+00,1645047,Liang Yang
8f42cddb-ae03-43d7-8188-d5ee30cb8584,2026-01-17 22:45:04.743233+00,1885399,Evie Pree
8f43c7ee-7743-45cc-803d-a781594b25b5,2026-01-17 22:58:32.765261+00,827,Elliott Gould
8f50ca1b-0630-406e-a418-0f60a931b7c8,2026-01-19 20:46:24.087546+00,928158,Ludwig Göransson
8f567f01-f648-4fcf-98d4-bfc49557749f,2026-01-19 20:04:27.862377+00,4610,John Landis
8f56a3ed-2eda-4a34-99e4-169967654545,2026-01-19 20:24:49.750006+00,1504236,Bonnie Discepolo
8f6b4263-bd47-4a5b-93ad-cc3111c321b8,2026-01-22 05:17:53.061178+00,25877,Roger Cross
8f6e6002-74c5-4f5e-9465-24179b65be53,2026-01-19 20:46:24.087546+00,2524,Tom Hardy
8f70f314-34f6-4b99-80b7-3946dab84971,2026-01-17 22:37:28.53073+00,53493,Kal Penn
8f719733-8325-4fda-a7f6-736be6247d95,2026-01-17 22:40:30.733784+00,5168,Gabriel Byrne
8f744302-d7da-41e5-890f-e63d22b46119,2026-02-03 06:56:12.237051+00,8499,William Windom
8f7fbfdd-8183-4280-b310-e0a35641ff54,2026-01-17 22:45:45.716092+00,1149893,Jennifer Neala Page
8fddd166-baba-4d16-ac78-38fe9afdefe9,2026-01-17 22:36:15.382506+00,68769,Julie Gonzalo
900af371-0cff-4ebc-b03f-82fa5e4686b0,2026-01-17 23:26:43.350319+00,3664,Sandra Bernhard
9031615b-c027-4876-8abb-56a9bb53d594,2026-01-17 22:24:38.382171+00,132538,Jack Purvis
9032067f-f68b-433c-8fc6-83bb2ef4e344,2026-01-19 20:15:31.141157+00,10828,Guillermo del Toro
90342f04-67fb-4c05-b566-ba0a95e7bac3,2026-01-19 19:53:23.12908+00,205179,Danny Pudi
904938c2-e1c2-4a85-99d1-65bc19b8b3d3,2026-01-19 20:45:22.505512+00,78600,Jordan Roberts
905a0ca7-1629-4c0b-a774-7b18ef729ec1,2026-01-19 20:27:15.774259+00,40660,Malcolm Sinclair
9063ecb0-c80f-402e-b3f0-9ddb42331a40,2026-01-19 20:12:17.102861+00,218347,Marc Anwar
9084b733-221b-41b2-a5a5-67e4858b0a89,2026-01-17 23:22:06.593835+00,4687627,Joan Mcshane
90b57bdf-7932-4931-b05a-a24247e58482,2026-01-17 22:53:05.33733+00,4423844,Aaron Deakins
90b6662a-c3f8-4917-be06-eab1d4e04ef4,2026-01-19 20:15:31.141157+00,25136,Ken Stott
90cba2b2-c6ec-46fd-b98e-c6bbf818fa7a,2026-01-17 23:18:02.01673+00,11805,Frank Whaley
90d8f350-9532-405b-9757-a588d1fff183,2026-01-19 20:09:33.245912+00,163139,Ben Reed
90e567cc-6df5-43ff-8b28-a9b495e5f03c,2026-01-17 22:36:15.382506+00,1214427,Chris Williams
90f7e34a-1ef3-45a8-b54d-3daf95f1b837,2026-01-19 20:49:42.186009+00,12056,Hawthorne James
91001cae-2ff1-45a0-b48a-0e7b1370ac11,2026-01-17 22:33:34.122707+00,49,Maria Bello
9108c870-f44a-4905-8ed3-9ee89c57a301,2026-02-03 07:00:33.374034+00,10671,Joe Don Baker
9122c0dc-90e7-4985-8c98-7c4ac462a343,2026-01-19 20:08:50.340044+00,59085,Ian Porter
91491110-cfce-4ce4-8811-7e4ce10c727d,2026-01-19 20:09:33.245912+00,23459,Sienna Miller
9164fc04-3d9e-409b-b584-56e4bc5519c5,2026-01-19 20:11:19.287269+00,9139,Celia Imrie
9166a2e4-862f-45de-800d-0a19aa324d23,2026-02-03 07:02:02.406531+00,2630081,Gilby Griffin Davis
9168e3a7-e8c6-40fe-ad2a-f2f9d20d2a07,2026-01-19 20:04:27.862377+00,22384,John Amos
916db603-a33f-43fe-8df5-65b8a8f06748,2026-02-03 06:54:08.464148+00,1503721,Rogelio Douglas Jr.
917970b5-7cbd-4026-beed-bcdaa8e04e04,2026-01-18 03:05:04.679854+00,65731,Sam Worthington
91a3421d-9241-475e-9caa-873c91dda371,2026-01-19 20:11:19.287269+00,6969,Geoff Bell
91ad211e-ca0c-4e71-9d3b-fb9506f7d3ac,2026-02-03 07:00:44.192947+00,28869,Mike Realba
91b61145-665d-4ddb-9846-cd9e793b530d,2026-01-19 20:51:49.257029+00,507,Josh Friedman
91c934e5-c622-44ff-8488-086e865884e1,2026-01-17 22:53:05.33733+00,1512452,Finn Bennett
91e96cd9-fa00-43b7-a8de-a5cd9ba1d4fb,2026-01-17 23:26:43.350319+00,1133834,"Tyler, The Creator"
91eee0d4-1a1c-4714-8193-b6c8a456da24,2026-01-19 20:41:20.99353+00,1706,Terry Rossio
91f4c99e-5c14-4ec0-87e8-5af8ef446a58,2026-01-25 21:09:24.781349+00,2326809,Jung Yi-seo
91f66264-aa5b-4f75-8ec9-63865bd3b739,2026-01-19 20:10:28.342928+00,1752153,Sabrina Reeves
91f9773d-253a-468b-8258-14d0bad4e0a2,2026-01-17 23:18:02.01673+00,116128,John M. Jackson
9244ad6c-39c7-4971-a828-d97050d48052,2026-02-03 06:53:39.184287+00,60348,Dave Legeno
9252e15e-ddc3-45e9-91a1-19a43d6774c3,2026-01-18 00:41:25.966535+00,37208,Danielle Alexandra
925333b7-4820-4a61-9f63-7f3c7585edf4,2026-01-17 21:01:34.335863+00,28641,Terence Stamp
9270462f-b402-4cfe-a817-7ffd79ad4641,2026-01-19 20:32:23.380717+00,28782,Monica Bellucci
928803e4-6c96-4b1c-8551-142cfc8e2d1e,2026-01-17 22:58:32.765261+00,1900,Shaobo Qin
9295d1cb-dfc1-47fa-8da7-a1f34ab12adc,2026-01-19 21:00:00.229847+00,586,Sean Young
9297e88f-f4d2-47ea-9c3c-e727072cbf6b,2026-01-19 19:53:23.12908+00,17605,Idris Elba
929862e6-d46f-40a2-839c-1fbdef71255f,2026-01-31 19:56:20.767461+00,1321015,Li Jun Li
92aa05f1-d2fd-4bec-88f3-5a7f0dc41129,2026-01-17 23:19:23.274632+00,5064,Meryl Streep
92d6791a-7296-4482-a883-7766f582243b,2026-02-03 07:02:02.406531+00,1356758,Thomasin McKenzie
92db9eba-a541-43d1-bc38-4af5943d0923,2026-01-17 22:50:05.222332+00,1094091,Maika Monroe
92f62c1e-d677-4768-af2e-cb4803e919e3,2026-01-17 20:52:07.23447+00,1321411,Raymond Lee
93022e9d-e483-4d49-b058-58c241f94b36,2026-01-25 22:57:22.603952+00,2413513,Billie Eilish
9307edf3-06a1-460d-a85a-60bacf58f8e6,2026-01-19 20:14:48.378859+00,2380384,Alexa Swinton
9307f4ff-7872-49e6-9878-e0abc163535d,2026-02-03 07:00:10.287557+00,1224787,Louis V. Arco
930bd50e-ed1e-4c23-abc3-412e39fb24f0,2026-01-19 20:16:22.571739+00,19034,Evangeline Lilly
931f5d08-1031-46d9-aba3-5cf03a8ab657,2026-01-17 23:24:46.157888+00,66,Chris Tucker
932380f5-9a6a-4722-a5bb-919d3e9c7447,2026-01-18 01:16:50.605495+00,11705,Michelle Monaghan
9328821d-0eac-43db-9661-aee952f7ebd4,2026-01-17 23:00:21.741698+00,1247943,Emi Motoi
932dc5e2-4dc7-4e6d-a135-1e2a19b93fa4,2026-01-19 02:24:59.225425+00,74568,Chris Hemsworth
933b2bca-6909-4903-9270-b20c0491a461,2026-01-18 01:03:45.515954+00,10849,Marek Vašut
935aad8b-aa0a-43db-8224-2ca386b3bfa9,2026-01-19 20:07:54.108456+00,1275,Billy Drago
936ca221-ca89-4ff0-aadd-999405a3b848,2026-01-17 23:26:09.781518+00,15091,Melanie Lynskey
936dd2b5-8dc9-4167-8650-bfa6aa289de5,2026-01-19 20:37:45.151048+00,57155,Boots Southerland
936e705d-8e8e-4f55-be50-f500663296e9,2026-01-18 03:05:04.679854+00,1729,James Horner
938f1604-9253-40c1-ab1c-4d283f24c08d,2026-01-19 20:07:54.108456+00,3217,Robert Swan
93af7d63-182c-4a64-b2b2-3fedee8cae61,2026-02-04 06:28:36.488135+00,60286,Ralph Garman
93b60fa9-2ed8-4c19-9df4-2ac3eab039eb,2026-01-17 22:50:05.222332+00,934289,Kiernan Shipka
93b66cba-7c32-4e95-9c8f-df62d9448029,2026-01-19 20:27:15.774259+00,2244,Jesper Christensen
93c058e7-f968-4774-bca3-3adf571538c7,2026-02-03 06:58:34.533714+00,3773499,Teruhisa Harita
93c07643-7484-436f-baeb-ad4ebcba349d,2026-01-28 04:23:33.561869+00,103529,Antonio Casas
93c89892-f0ac-40c0-ac3f-b4684637ac07,2026-01-19 21:05:06.171801+00,65524,Ioan Gruffudd
93d21ae5-43cc-45b6-ae2c-6e5bbdbeae25,2026-01-17 23:01:33.438696+00,65447,Sarah Niles
93e06f97-b3ae-4e6d-a312-822e61446e2f,2026-01-17 22:46:25.239342+00,1111168,David C. Wilson
93f35354-d98d-4048-acca-04094447e341,2026-01-17 23:22:52.280198+00,4937028,Anton Bitter
93f7ec25-3143-4549-a955-3cc7653ee1ee,2026-01-19 20:47:10.545294+00,1115,Stephen Graham
9405ea3c-33ee-47a5-885b-a02f0a500de2,2026-01-17 22:43:24.48727+00,1299079,Darryl Dinn
94073d67-179b-4ebe-a3cd-f036d2502f7d,2026-02-04 03:42:18.031503+00,98522,Riley Keough
940eb507-f233-4fef-bcb5-7af4d264f85e,2026-01-17 22:33:34.122707+00,156874,Todd Truley
9414505a-e5af-4f9c-83d1-4b9b0a316595,2026-01-19 20:14:48.378859+00,1408809,Hannah John-Kamen
9438148f-59b1-4fe5-a238-e33d77f25a1f,2026-01-19 20:04:27.862377+00,4613,Nile Rodgers
944b68cb-c228-4f81-9b49-26b79196849f,2026-01-19 20:24:49.750006+00,3125907,Giovannie Cruz
9477802e-45c4-4a6d-9e6a-11600fa17d72,2026-01-25 09:07:02.591375+00,82631,Joseph Sikora
948fd3c6-01f6-4b2a-ae88-f2e09729d8c2,2026-01-17 23:02:24.065288+00,105869,Corrado Invernizzi
94941cf7-6426-4fde-a8ac-df6b1c84ec0a,2026-01-19 20:47:10.545294+00,2448692,Jack Bandeira
94988b15-1623-4d2c-8cdb-a86881407cfb,2026-01-17 22:43:24.48727+00,1299080,Kiran Friesen
94a1ca09-8146-4314-b330-19072f70984b,2026-02-03 06:56:26.157503+00,1760,Jerry Goldsmith
94d8b63f-9880-4730-a519-7ee0c861a3bd,2026-01-28 04:23:04.431072+00,6578,Renee Blaine
94f73ce6-0162-40dd-a69c-c139a25e8cad,2026-02-03 07:02:46.175859+00,177144,Adam Tomei
94f90650-4dc5-4ea8-b3e4-d1a54f2194e4,2026-01-25 21:09:24.781349+00,1694435,Park Myung-hoon
950bab2b-6d3f-4b9e-810a-aa1947adc9b9,2026-01-19 20:51:49.257029+00,5542969,Ada Scott
951bfd71-dcff-4c67-b032-3f3b71de1149,2026-01-19 20:20:03.323792+00,1370,Brad Dourif
951c95b7-6da8-4a37-9434-171d0eb65ee7,2026-02-03 06:54:08.464148+00,1212459,Suanne Spoke
9528cd98-b1ce-41dd-8818-b03a960f3707,2026-01-18 01:16:50.605495+00,1716,Michael Berry Jr.
953b1921-a44f-492a-9c61-4e02a6438a4f,2026-02-08 09:39:00.152385+00,23964,Gary Ross
9559c20f-528e-4500-a446-6ad6afea35cb,2026-01-18 01:01:14.104724+00,7,Andrew Stanton
95739eec-7529-436a-ab69-086fd3dece30,2026-02-03 07:00:10.287557+00,94110,S.Z. Sakall
957927cb-acf7-4bfc-8475-71fdfa9c9fbb,2026-01-18 00:39:56.661624+00,20049,David Tennant
9592d109-4017-4ee6-8934-d96af69764f8,2026-02-03 07:00:33.374034+00,167564,Paul Sparks
95c9f652-4f33-444e-8fcd-4b9d0f7ce2f6,2026-01-17 23:24:46.157888+00,531,Danny Elfman
95cd8328-909c-42e2-88e8-610d25be812f,2026-01-19 20:56:41.401173+00,31549,Phil LaMarr
95dd6869-deb7-47b8-8855-47115bb13c29,2026-01-17 23:00:21.741698+00,553953,Megumi Tano
95ea72c8-ce6b-49ad-b1e8-ed7134cedab2,2026-01-17 22:58:32.765261+00,1897,Bernie Mac
9620b3a1-d1c7-4f79-96bc-86213689f6d2,2026-01-17 22:53:05.33733+00,1428653,Joe Macaulay
96306c73-2743-4568-86cd-d4de330d8843,2026-02-03 06:56:59.749831+00,14892,Rosemarie DeWitt
96449dc6-b973-466e-91db-8a12fc5ce277,2026-01-19 20:07:07.510359+00,68278,Peter Mensah
9649efce-3485-4170-aad6-d7ed2bc7496f,2026-01-19 20:32:23.380717+00,983710,Adriana Paz
964b4c1a-0f0c-4713-b1d2-10a2c0ba20be,2026-01-19 20:03:20.643674+00,1700631,Liza Koshy
96a69341-d2b3-454f-b8cc-0d8cc3d6868e,2026-01-19 20:22:25.68211+00,199529,Jordan Long
96bba295-912c-4caf-9b44-2879d8654dfa,2026-01-17 22:45:45.716092+00,125026,Patty McCormack
96cb5bfb-85c3-4263-8573-4fe77fbe6a7c,2026-02-04 03:42:18.031503+00,1181358,Eli Goree
96cfeb47-e7da-4712-93ca-5955dceaf8ef,2026-01-28 06:09:46.680089+00,6617,Colleen McCauley
96d566d8-b5b4-4aea-b386-352905e58467,2026-01-18 01:03:45.515954+00,151438,Rolf Saxon
96e1019f-87c2-4933-bc61-436495e2dd59,2026-01-17 23:25:25.787696+00,1306314,Megan Ferguson
96ecda5e-6061-4207-8474-7e6269abe072,2026-01-19 20:36:11.709119+00,3425211,Jesús Evita
96f00448-6563-4de2-9775-5da36600b24e,2026-01-17 22:57:30.935943+00,4025,Steve Park
96f415fd-2a38-461b-8d82-8bddba589200,2026-01-19 19:58:49.575969+00,183507,John Eric Bentley
970dd8ee-fcdc-4326-934b-8268827b005d,2026-01-19 20:51:49.257029+00,21042,Ebon Moss-Bachrach
97271629-5009-4c6d-aee6-499d77fab9df,2026-01-17 23:06:38.627612+00,13526,Noah Wyle
973072cf-b309-4684-81bf-e373448bda44,2026-01-17 20:52:07.23447+00,237405,Lady Gaga
9744b54f-bb22-44be-80ea-265866434c12,2026-01-17 23:17:23.981754+00,170231,BoJesse Christopher
97649e10-665b-461b-880f-497dd6ecf23b,2026-01-17 20:58:40.883175+00,934281,Alex Wolff
97863ac0-299b-4ac4-8cba-c2237b05885c,2026-02-03 06:58:49.243874+00,1730742,Chloe Dixon
979562a9-0ef9-43ac-a7bc-caee569a6f68,2026-01-25 21:09:24.781349+00,556435,Cho Yeo-jeong
979b24e6-e4f0-4b51-83b8-49e701be4031,2026-01-17 22:47:11.909102+00,564940,Jon Spaihts
97aa9cc8-f6cd-464a-89be-46b2ff2faf03,2026-01-17 22:57:30.935943+00,18818,Tómas Lemarquis
97af6322-315b-4cb9-86cd-be300c1b2a78,2026-01-17 23:09:35.21473+00,51072,Kate Mara
97cb6ef0-c62a-433f-9559-fa3e161c97fb,2026-01-18 00:41:25.966535+00,6914,Scott Wilson
97d95816-67dd-41f2-8660-c46de91bfa45,2026-01-25 22:57:22.603952+00,93236,David Dencik
983f3bc2-6279-4724-bd41-ba658f3df94a,2026-01-21 05:50:48.309775+00,1034681,Tye Sheridan
985d8d67-98b1-410c-a154-1bbdc4c52c2e,2026-01-17 23:17:23.981754+00,156925,Sydney Walsh
985e5493-4cc8-4b2f-b593-fd0f0d029dbe,2026-01-19 20:15:31.141157+00,207558,Aidan Turner
986931cf-a4eb-443d-a5f3-51fced0a41a5,2026-01-17 23:05:08.032093+00,1280997,Alex Coleman
986f494c-cccf-4d15-bed7-dd00e3c45fce,2026-02-03 07:03:27.330761+00,58565,Carlos Leon
98759080-2045-4d3b-a666-051a74d49752,2026-01-19 20:22:25.68211+00,1504793,Alex Nikolov
9878ac01-dae1-46c9-9b40-e693f3a2895e,2026-01-26 05:46:50.763324+00,1403129,Jimmy Chin
9891335c-4df6-480c-ab02-608de5b9dddc,2026-01-19 20:59:03.126627+00,1568595,Malika
98a54481-1ab4-4ce6-9510-8136291115ee,2026-01-19 20:03:20.643674+00,1620,Michelle Yeoh
98e2dd9d-091e-47a3-9194-e6b4563121ca,2026-01-17 22:50:05.222332+00,61187,Daniel Bacon
98ebf5bc-cd68-48de-b3a1-0480c4c67f58,2026-01-17 22:59:29.352628+00,1805894,Mark Millmna
98ec1124-9349-4191-b2bd-61b33ae19df8,2026-01-17 23:19:23.274632+00,38803,Roman Coppola
98f450c0-8a09-4836-9dc4-fcbd1da96a69,2026-01-17 22:56:45.081716+00,15009,Justin Theroux
98fc26e6-e5aa-456f-99b1-90bc4bb421bd,2026-01-19 20:07:54.108456+00,119230,Del Close
992760cd-37a9-4e71-b6ad-2c06d9d6e325,2026-01-25 21:05:20.600853+00,1893964,Marco Morales
99490f70-5fb2-4a96-92a5-b4867f771031,2026-01-17 23:24:46.157888+00,1155666,Mary Regency Boies
99506c6d-440b-4557-805b-2e188fccef46,2026-01-17 23:19:57.950471+00,18271,Toby Huss
997f85b9-d864-4ae2-b836-387a34ddd609,2026-01-17 23:19:57.950471+00,2463892,Ali Burch
9980545b-15ee-4fdb-8acd-3e817f1c07f4,2026-01-19 20:35:27.581284+00,82857,Jasper Pääkkönen
9980cb75-7d9c-4797-9adb-a6d26b01c14c,2026-01-19 20:34:35.85263+00,1291350,Tony Revolori
9989493d-cbcf-43ec-a477-bc376891dd6c,2026-02-13 05:52:58.243454+00,10980,Daniel Radcliffe
998dd208-ecda-41fb-904e-304020126120,2026-01-25 21:09:24.781349+00,115290,Lee Sun-kyun
999b77f6-3d96-457f-aaba-3f309bc3f3ce,2026-01-19 20:31:33.93137+00,3926,Albert Finney
99a719a8-408c-41cb-a0f0-b7444c8e2cd7,2026-01-17 22:45:45.716092+00,1149896,Frank Bettag
99a92be3-7aad-4243-8d5a-f967668d94b9,2026-01-19 20:23:59.992531+00,223477,Joel Basman
99e3979a-d314-4a76-a94a-a59f97370500,2026-01-19 20:48:33.234012+00,2622,Martin Russell
99e7342e-b872-4844-8fda-713234422910,2026-01-17 22:29:42.013994+00,67367,Rian Johnson
99ff0c82-b6b9-483f-bda3-133f825ce54c,2026-01-17 22:42:40.386287+00,56365,Charlie Hunnam
9a161ff2-27d9-4e79-82ea-af88ebd342b7,2026-02-03 06:56:12.237051+00,27492,Garrett M. Brown
9a2777f6-4aa1-49dd-937b-63748fc5c53a,2026-01-17 22:28:40.767608+00,1333,Andy Serkis
9a5606a5-8d63-400c-8f90-a4555383728c,2026-01-25 21:09:24.781349+00,2478781,Kim Kyu-baek
9a57de93-aec3-4140-b325-bac2c57cfd3d,2026-01-19 20:36:11.709119+00,2056495,Mark D. Walker
9a674901-9339-41dc-85c3-16a640c5c52b,2026-01-19 20:40:32.669862+00,22227,Christopher Meloni
9a7811eb-ef7d-4b27-9597-ec4e199d2f41,2026-01-17 23:09:35.21473+00,1110405,Mackenzie Davis
9a7866a1-f5e7-4e10-93e9-20a5a901ea4a,2026-01-17 23:01:33.438696+00,5531674,Barney Smith
9a7f9523-09ea-41ef-8d9e-5f028c26cd4f,2026-01-19 20:49:42.186009+00,8655,R. Lee Ermey
9a874e45-7c7c-4158-bbda-4a4e85e01bd3,2026-01-17 23:01:33.438696+00,10920,Tobias Menzies
9a892e1c-ae31-41e0-b5be-6581c41651a4,2026-01-31 19:56:20.767461+00,1985,Saul Williams
9ab074cd-803f-45a9-a090-3892a3c2a67a,2026-02-03 06:55:09.790833+00,2912400,David Copeland
9ab351b8-179c-4135-9a3e-725d170febf0,2026-01-17 20:50:09.746171+00,287,Brad Pitt
9aeb4274-ed23-4e11-9848-0df5bdd4d9fe,2026-01-17 21:01:34.335863+00,33196,Jake Lloyd
9b17b392-a4ab-4275-a7c8-449d8474d255,2026-01-17 22:46:25.239342+00,231988,Riccardo Flammini
9b4c411f-ac40-4a49-8158-5f90f69d75f2,2026-01-17 22:44:09.652092+00,61084,Michael Hyatt
9b504a84-2afe-445f-8672-835a9e0f9e44,2026-01-19 20:31:33.93137+00,1062405,Ben Loyd-Holmes
9b52bfb9-68cc-4764-898a-e7efbe2daec7,2026-01-17 23:24:46.157888+00,17883,David O. Russell
9b6d083a-0ba2-44b6-8621-9652dd782228,2026-01-17 22:37:28.53073+00,2234808,Perry Strong
9b74f3d8-e4df-46ff-8f3c-af9479d76c48,2026-01-19 20:22:25.68211+00,34515,Velibor Topic
9b7828ba-c752-4ca4-864f-577bdb63f90a,2026-01-17 22:35:19.14754+00,3063,Tilda Swinton
9b92ff96-340d-4f5d-908b-2ff511c197db,2026-01-19 20:30:21.715385+00,52888,Paul Ritter
9ba13d54-62bd-4b42-ad90-c0cd1be20100,2026-01-18 00:41:25.966535+00,10774,Anne Bancroft
9baef9ed-6d62-4b81-ae15-83517a10ce01,2026-01-17 23:08:53.869289+00,83002,Jessica Chastain
9bb60cdd-514c-49d5-bee8-f3c4c80a80a5,2026-01-17 22:59:29.352628+00,1805888,Karen Kaeja
9bb78f80-998d-4f33-97c8-b6a9a649d9c7,2026-01-19 20:23:17.356136+00,38673,Channing Tatum
9bccff12-a5ac-4647-90f0-72caf6d04681,2026-02-03 06:54:08.464148+00,1503834,Adrian Burks
9c018897-876b-45f1-8a69-8a206bf27dce,2026-01-19 21:07:04.37528+00,39995,Michael Cera
9c0ac1a0-8813-4dcb-a946-279ae97f2045,2026-01-19 19:52:34.945104+00,13024,Amanda Foreman
9c27cc7e-022d-4afd-9670-796932a4a810,2026-02-03 06:57:09.900217+00,1161048,Danielle Ferland
9c4c4663-c26d-4faa-b563-0d88eb5e50d3,2026-01-17 22:41:47.888868+00,54484,Patricia Aldersley
9c747522-40d9-455d-8194-f3af693ce6f2,2026-01-17 20:57:19.493617+00,1419065,Okieriete Onaodowan
9c9b2de4-bacb-434d-b612-125996b33715,2026-01-17 23:24:13.433653+00,52422,Michael DeLorenzo
9c9c475e-d5c3-418b-8af1-28a5c62f4c42,2026-01-18 01:22:42.065357+00,120015,Josh Appelbaum
9cb46497-d4c5-44fc-bdce-51d9bf608165,2026-01-19 20:23:17.356136+00,4587,Halle Berry
9cb72279-e193-4f16-a6ac-14b60116a0e8,2026-01-17 23:02:24.065288+00,30710,JJ Feild
9ccdd0cf-f4d8-4232-b540-92efd7e0dc05,2026-01-28 04:23:04.431072+00,6580,Brian Libby
9ce6e3f7-84c7-4dbd-91c7-ad4f7ac8760e,2026-01-17 22:59:29.352628+00,1725093,Daniel Malik
9cf3531b-d401-4ecf-ad97-8ad3d78be212,2026-01-17 23:05:08.032093+00,1038,Jodie Foster
9cfc06b6-5470-4b3e-b557-20fb73645a09,2026-01-19 20:50:27.706889+00,417,Ginnifer Goodwin
9d0f0a32-b763-4c85-8452-670ee39880f9,2026-01-19 20:11:19.287269+00,517,Pierce Brosnan
9d39d766-f7bb-48fb-89c4-9b34b51ba3b4,2026-01-19 20:44:32.104937+00,87957,Keith Szarabajka
9d71105b-71ad-48bf-8c4f-505d092833d3,2026-01-17 23:08:10.282741+00,55909,Eddie Tagoe
9d7a6029-da1b-499d-befb-8be8933cdb67,2026-01-19 20:23:59.992531+00,1716493,Harris Dickinson
9d856e99-3499-4688-9daf-92e3a65b59a5,2026-01-18 01:03:45.515954+00,14593,Ingeborga Dapkūnaitė
9d8bad94-ce79-4639-a839-db4de14aa38d,2026-01-17 23:09:35.21473+00,91494,Enzo Cilenti
9d98c38c-e201-4612-9253-600e0f914085,2026-01-18 03:05:04.679854+00,95697,Dileep Rao
9d9f4367-d6b3-4e63-a99a-1ff506f5a27e,2026-01-19 21:07:51.9608+00,25663,Thomas Brodie-Sangster
9da03b41-9e66-4e29-bfc6-8b1587ca3b8f,2026-02-03 06:56:26.157503+00,18070,Nicky Katt
9daf8162-4abb-45e7-ab34-957d04df75b8,2026-01-19 20:02:24.1983+00,1486234,Martin McCreadie
9dc7d832-4b6f-412a-88ea-8ace9c3440f4,2026-01-19 20:26:22.060362+00,17273,Masi Oka
9df64ccb-af77-487e-ae89-2baf01b7f58e,2026-02-04 06:28:36.488135+00,9657,Patrick Warburton
9e081cf7-52ad-4d60-951d-2536dac3ba98,2026-01-25 21:09:24.781349+00,1255881,Choi Woo-shik
9e369abe-6a63-4319-b1ea-c6521878ad65,2026-01-17 23:26:09.781518+00,1533516,Nicholas Britell
9e57d66c-74f2-401e-802d-656c6ac16e3b,2026-01-19 19:57:52.038557+00,19535,John Rogers
9e5f1d21-03d2-4441-ad78-f97049013413,2026-01-19 21:00:00.229847+00,40825,Benjamin Wallfisch
9e6d998d-1cb6-4df1-8dde-2c677e296de3,2026-01-19 20:24:49.750006+00,3292,Nicholas Hoult
9e747012-0ff7-4f40-8b4f-7214fdd3088e,2026-01-17 22:58:32.765261+00,1894,Scott Caan
9e7c77f7-6e1b-40c3-99ac-9d98ad210089,2026-01-17 22:50:05.222332+00,1075842,Lisa Chandler
9e85b1f4-9be0-4d35-a8e3-99adec26464a,2026-01-17 23:18:02.01673+00,84683,Danny Nelson
9eab77e1-d615-4718-8ecf-a90dd4d7ab19,2026-01-19 20:38:31.276443+00,1741367,Alana Haim
9eb2b231-dd83-41c4-a294-7d2c41dd94dc,2026-01-17 23:16:27.745856+00,80149,Douglas Hodge
9eb96071-4d71-4522-87e6-9fa7113886fe,2026-02-03 06:59:06.475854+00,1037108,Nichole Galicia
9ece24c9-d89e-4e88-b33a-adcd93c86068,2026-02-03 06:56:12.237051+00,3155741,Colin Baumgartner
9ee7ba60-2f60-463e-a9f9-f6673363e344,2026-01-25 21:05:20.600853+00,2271371,Daisuke Tsuji
9eff9dbb-4771-44e2-82b0-c7dddc357c8b,2026-01-19 20:04:27.862377+00,2794211,Feather
9f0b494f-71eb-49f9-ab0e-96799b498d22,2026-01-19 19:48:15.066607+00,556356,Vanessa Kirby
9f1c9afd-cc8c-4bb5-81f7-eb89d59dfa09,2026-01-17 22:28:40.767608+00,236695,John Boyega
9f2c8e92-bae0-4caf-8d49-5e98d47b336b,2026-02-13 05:52:58.243454+00,10967,Steve Kloves
9f34556b-eb9d-4206-ba58-4121755018b5,2026-01-19 20:35:27.581284+00,1925067,David Rabinowitz
9f51bc6a-47af-46cc-a19b-d6e5c0c20386,2026-02-03 07:02:57.923828+00,31508,Reed Diamond
9f5cf029-bcb1-4768-b8b6-b941484bfc3d,2026-01-17 22:40:30.733784+00,2154796,Moises L. Tovar
9f605f90-4ba2-4f50-9229-c27f32fc3ad8,2026-01-25 21:09:24.781349+00,1418762,Jung Zi-so
9f69c883-2400-4647-a749-30df87f485ee,2026-01-17 20:58:40.883175+00,4821276,Takunda Khumalo
9f6eda18-9e6f-4d48-be7e-063522df31ad,2026-01-17 23:11:08.000867+00,55586,Sam Redford
9f6eeae9-c8c3-4eb9-8913-310f95023cae,2026-02-03 06:58:34.533714+00,3642773,Kyoko Moriwaki
9f735c9d-40b9-4750-bb80-c257b3de74bf,2026-01-17 23:22:06.593835+00,3819187,Jason Tong
9f828e89-32cc-4bbe-bb8f-3fbdd6b3b959,2026-01-17 23:22:52.280198+00,1640439,Mikey Madison
9f94f1a9-30e3-49a8-afeb-3922e35ad38c,2026-01-17 23:24:46.157888+00,1128450,Patrick McDade
9f95e5a6-be87-4c64-be4b-d573dac699c1,2026-01-19 20:11:19.287269+00,192944,Tom Ellis
9fa9c0a0-57d1-4478-89c8-a15ede72a4ef,2026-01-19 20:58:13.667013+00,18924,Alfred Gough
9fd201a3-d3ef-4434-8249-954d630e6f0c,2026-01-17 23:18:02.01673+00,60291,Denise Galik
a0113503-c726-4c03-abd3-aa2b1d855693,2026-02-03 06:54:08.464148+00,171766,Tarik Lowe
a01ba4a2-9506-494a-9535-109d265b6676,2026-01-19 20:47:50.65056+00,1368479,Hala Finley
a029c6a7-72d9-4597-a999-ffa7a317094c,2026-01-28 04:23:33.561869+00,4385,Sergio Leone
a04a386a-e5ee-4139-8154-0026ee89ff29,2026-01-19 21:01:59.862385+00,880,Ben Affleck
a05d5747-9f89-4469-86a8-174e30c36b90,2026-02-03 07:02:02.406531+00,1759586,Joe Weintraub
a06536f7-f708-478d-b3b4-ce15193af453,2026-02-03 06:53:39.184287+00,980,Vinnie Jones
a0690a8c-d266-4f22-8b69-e08005704ecf,2026-01-17 23:16:27.745856+00,220372,Kerry Godliman
a06ef16c-fb61-4781-8cc0-74535e6f75e7,2026-01-18 01:22:42.065357+00,6283,Michael Nyqvist
a07c720b-4a62-4fc8-92f0-ea7f84ce3e0a,2026-01-17 23:24:13.433653+00,22133,Jack Noseworthy
a087e1d1-631c-4819-8468-b7a3e9bae3af,2026-02-03 07:02:02.406531+00,2054851,Roman Griffin Davis
a096b372-6517-494b-98c7-c77dc05cb077,2026-01-17 21:01:34.335863+00,33198,Andy Secombe
a0c0985d-2770-484b-aa02-4b32f8741cc0,2026-01-17 22:35:19.14754+00,1102426,Brandon Cook
a0c555e1-dd31-441b-bffe-a751c61605e8,2026-02-03 06:59:06.475854+00,1291797,Clay Donahue Fontenot
a0d1a24b-3fe8-4e4b-b662-be4d875238c4,2026-01-25 22:57:22.603952+00,3258488,Coline Defaud
a0e51d31-8675-4ae7-99ef-eef6f7723d80,2026-01-28 04:23:04.431072+00,6577,James Whitmore
a0ef3eaf-79b2-4e43-adc7-d20963b209ef,2026-01-17 21:00:24.465906+00,121718,Bill Camp
a0f016ae-5b9c-499f-8279-c9aad58e07f5,2026-01-17 22:58:32.765261+00,1461,George Clooney
a0fae655-e7ab-4021-bd63-7e22bf0c33a2,2026-02-12 07:07:55.251269+00,110654,Stan Freberg
a11135dd-1553-4023-80c0-dbeb1ecf1b55,2026-01-17 22:45:04.743233+00,1648346,Robert Aramayo
a1172be1-80d3-4e66-8648-7a0573dcfed2,2026-02-03 06:54:23.759182+00,4602,Jon Tenney
a11cd79c-9fd2-4dfc-916d-7da2a471cce9,2026-02-03 07:03:14.925674+00,1392137,Margaret Qualley
a11db7ce-dc7e-4f02-b0a6-d2fe5f913849,2026-01-17 23:26:43.350319+00,5431193,Luke Manley
a1233ae6-7b05-47ca-9010-5a86cc829cdc,2026-01-19 20:07:07.510359+00,1259880,Lior Raz
a12da938-ccf2-4807-a761-148d11cf9750,2026-01-22 05:17:53.061178+00,1215522,Robin Roberts
a14547b3-c698-4efd-a7fe-6cb8f02c8bc0,2026-02-04 06:28:36.488135+00,33321,Sam J. Jones
a14ca5ca-5bda-4797-a3b1-433f57714bd6,2026-01-17 22:36:15.382506+00,9626,Rip Torn
a16b1adf-3333-4acb-ac02-55db453d63be,2026-01-17 22:40:30.733784+00,1969996,Zachary Arthur
a16e06d9-3f33-4145-a0c1-3446f978cd90,2026-01-17 23:06:38.627612+00,20091,Kristina Malota
a1d4bfd2-d14b-46c6-9f48-75a669d716f7,2026-01-19 20:12:17.102861+00,3668050,Issak Farah Samatar
a1e8b2db-947f-4607-b973-81823eea9ae6,2026-01-19 19:53:23.12908+00,1366510,Fraser Aitcheson
a1ec3e04-0449-4d25-8d88-0686768fb67e,2026-01-17 23:02:24.065288+00,3894,Christian Bale
a2525052-a9ac-428e-a9e6-9d11a3f1030b,2026-01-19 20:41:20.99353+00,9298,Guy Siner
a2784b34-0b63-48a8-9bfe-398b512afe56,2026-02-03 07:02:02.406531+00,2550502,Hardy Griffin Davis
a28616e5-e3cf-4af9-89b6-47fd72c8ec4f,2026-01-17 23:24:13.433653+00,7039,Bruce Ramsay
a2a780d0-2cc1-4e7a-885e-e58b4d041a9b,2026-01-17 23:00:21.741698+00,65442,Masahiro Ikumi
a2ac5461-5415-4596-99ac-3685d27d1492,2026-01-19 20:47:50.65056+00,1736538,Otis Winston
a2b08592-8c5c-4866-8267-66558bea6bda,2026-01-17 23:09:35.21473+00,1554488,Geoffrey Thomas
a2beff0a-66cd-4ae7-b761-462f5bdba037,2026-01-19 20:20:03.323792+00,1369,Bernard Hill
a2c23e25-de73-4b11-ab98-0146892cd11d,2026-02-03 07:01:08.804847+00,14950,Jim Norton
a2d8fff1-643d-4108-9036-c6b01ae88c35,2026-02-13 05:52:58.243454+00,4566,Alan Rickman
a2dee908-9e1c-4df8-b391-4e9fde882536,2026-01-17 22:50:50.122456+00,558,David Julyan
a2eb1ff5-964b-4b60-be4a-6112a9c99c1c,2026-01-21 05:50:48.309775+00,1809458,Leo Heller
a2f54d9a-55de-429e-bc49-8784d96a0296,2026-01-19 20:41:20.99353+00,1713,Giles New
a2fa4ccb-5f24-4fc0-b6a4-1452bd4877c8,2026-01-17 22:32:33.613381+00,1019,Mads Mikkelsen
a2fd7046-1686-44ab-8f4c-063ad2c729d2,2026-01-19 21:05:06.171801+00,8541,Jason Barry
a31af55b-49b8-4d14-b93f-53c905f27871,2026-01-17 22:31:43.771631+00,1437591,Shaquille Ali-Yebuah
a31d7ac7-3f31-4fd7-9462-a5465fe1076e,2026-01-19 20:49:42.186009+00,1583695,George Christy
a33c7f38-8e0c-42c6-be03-cf0b08c8f62d,2026-01-19 20:35:27.581284+00,1181353,Ryan Eggold
a35180e3-7fec-40c5-a3a3-06bdfc865712,2026-02-08 09:39:00.152385+00,47533,Paula Malcomson
a3576c2a-5fef-4647-b2bb-21ae9d1722cf,2026-01-19 20:07:07.510359+00,3815640,Alfie Tempest
a35af063-b5e9-4e71-a9da-a7beab083215,2026-02-03 07:03:27.330761+00,41517,Christian Clemenson
a367ff25-8fc3-40b1-8fdb-ea87dfbfebb3,2026-01-21 05:50:48.309775+00,1721235,Philip Zhao
a37f094e-555c-4cce-8890-930bd8bbf949,2026-01-19 20:51:49.257029+00,5568722,Maisie Shakman
a3a31c98-f48b-43b0-aa8e-ee0175ea66fe,2026-02-03 07:00:44.192947+00,4483,Dustin Hoffman
a3b93b93-e745-453a-8aab-7b39d29e2c1c,2026-02-12 07:07:55.251269+00,44676,Dal McKennon
a3c58e6e-be15-4527-a80c-e342bf97ded0,2026-01-19 21:11:22.959573+00,1768114,Allison Shrum
a3d4928b-0ae1-4d20-8a38-27b60685b6a3,2026-01-19 20:31:33.93137+00,17064,Ben Whishaw
a3e9f250-08e0-4d81-88c6-06f17567341f,2026-01-18 01:16:50.605495+00,1244,Jonathan Rhys Meyers
a3f67a09-bd87-4870-bb68-e15baa605d14,2026-01-17 22:42:40.386287+00,3895,Michael Caine
a41ead22-9c1e-487b-9a03-9ce20ff33bec,2026-01-19 20:27:15.774259+00,8784,Daniel Craig
a4207645-c80a-44e7-a303-78e2dfda098a,2026-01-17 20:59:32.13461+00,145110,Kis Yurij
a4235493-e733-4bc6-8b0a-839100a0302b,2026-01-19 21:11:22.959573+00,1502872,RJ Shearer
a44042a9-1d30-4f87-8ff5-2b8f9bc5fc42,2026-01-19 21:07:51.9608+00,1389339,Blake Cooper
a466d0fd-be29-4b50-82d1-051a883dac21,2026-02-03 06:59:36.275135+00,940742,Dan Resin
a46e7a6c-1c04-4b6b-a1e6-ee7e656d84cd,2026-01-19 19:53:23.12908+00,1295,Deep Roy
a472bb6e-b852-46fd-9309-8a8436d572e0,2026-01-19 21:04:21.834691+00,1334309,Miranda Nolan
a47695ea-6b13-4e4f-bb00-380ea27e28b5,2026-02-03 06:56:26.157503+00,192062,Gary Hays
a484b155-e108-496d-a72a-b23210eb8d4a,2026-02-08 09:39:00.152385+00,77517,Isabelle Fuhrman
a4b24b7b-2275-4bf0-b36e-d07dba3910f1,2026-01-17 23:26:43.350319+00,1325093,Daniel Lopatin
a4bf453c-bedb-4995-806b-72b7028429f8,2026-01-17 22:46:25.239342+00,73968,Henry Cavill
a4cbc0a0-3bfd-4367-8607-8ca89a3e3b62,2026-01-26 05:46:50.763324+00,2132377,Sanni McCandless
a4defb63-68a5-467a-af72-1812b9a4948c,2026-02-03 06:55:34.988874+00,59254,Pablo Schreiber
a4eac3c5-d1a2-47db-a7a0-0140af838458,2026-01-17 23:19:23.274632+00,1332415,Eric Chase Anderson
a4eb649a-2bf5-4596-bdcc-33a0b7827f7a,2026-01-19 20:27:15.774259+00,1190069,Joseph Millson
a4efe9d4-8673-482b-ab57-b94267239d3a,2026-02-03 06:58:49.243874+00,929905,Kara Hayward
a4fcd0e5-78c1-40d4-b2f6-74bbfafd1b20,2026-01-19 20:57:24.797871+00,5502,Bill Nunn
a4fcd5b8-d0a1-4e61-9516-adabe7a1efdb,2026-01-17 21:01:34.335863+00,491,John Williams
a5041413-beae-4e37-8ede-7d18e46506d4,2026-01-19 20:47:50.65056+00,1346980,Ivo Nandi
a50529af-50e5-4146-83bd-e9c1d09acf3a,2026-02-03 06:59:36.275135+00,2548,Cindy Morgan
a506959a-82c1-40f9-a81b-3c3dec7d4333,2026-01-19 20:50:27.706889+00,567562,Phil Johnston
a51b4b43-9d7a-482b-bee9-c9efa8e56917,2026-01-19 19:50:48.244222+00,41421,Jennifer Morrison
a528b39e-0678-4563-b816-5465fd121937,2026-01-19 20:33:50.495522+00,33192,Joel Edgerton
a530d2b9-ba8b-416b-90b9-4a7c2e839f9f,2026-01-17 22:52:22.775658+00,7477,John King
a53f46ca-1637-49d7-ac87-0b821a628b49,2026-01-17 23:08:10.282741+00,648,Philip Kaufman
a5719974-350e-4100-9754-8c7406880163,2026-02-03 06:56:12.237051+00,27491,Elaine Bromka
a592ead0-d274-4958-ab21-60c3d7f3ba5c,2026-01-19 20:13:49.671069+00,328,Brittany Murphy
a59f5e0d-0f32-45c6-b148-c1cb589333c9,2026-01-18 01:03:45.515954+00,10212,Ricco Ross
a5b336c3-3a10-498a-8187-3c684fae29b7,2026-01-17 23:20:45.418369+00,6439,Samia Shoaib
a5c5f184-b757-4b37-a002-6d8ed563ace9,2026-01-17 23:16:27.745856+00,3091776,Nikhil Parmar
a5cb243d-0e39-4ebf-b295-8616dbf6a8f1,2026-01-19 20:06:14.816718+00,937,Derek Jacobi
a5cfba3d-cbd7-493d-8db7-7a86ef708d7f,2026-01-31 19:56:20.767461+00,1056121,Ryan Coogler
a5db83de-13bc-44ed-a4b8-5d21194bff35,2026-01-17 23:22:52.280198+00,4859137,Vincent Radwinsky
a5dbae78-6a37-4e64-997c-d6a55d702060,2026-01-17 23:01:33.438696+00,2223752,Simone Ashley
a5ddddf1-f5a4-4068-804a-7e29bb50ae4c,2026-02-03 06:55:34.988874+00,1219529,Josh Singer
a5e2b44a-0958-4420-9088-9e917e6f0bf1,2026-01-19 20:07:07.510359+00,3075,Rory McCann
a5ef8a96-9882-441d-b42d-8a8bd646e9d4,2026-01-19 19:52:34.945104+00,71580,Benedict Cumberbatch
a5fcd01e-e9ae-4bdb-ac53-82d3fced461e,2026-01-19 20:13:49.671069+00,333,Evan Jones
a5ff7888-eef6-45dc-b03a-b535785f052e,2026-01-17 22:50:05.222332+00,2855445,Ava Kelders
a6115430-cf1c-4a2a-b47f-cb1905352fee,2026-01-19 20:44:32.104937+00,21316,Nestor Carbonell
a614ec75-099f-414f-bb97-ecd01c47f5ba,2026-01-19 20:50:27.706889+00,165787,Rich Moore
a627dccf-bc34-4af0-90e2-f357045f1cd5,2026-01-19 20:09:33.245912+00,169334,Elise Robertson
a62c41b5-33c2-43b7-adca-cb9e323acda2,2026-01-19 20:15:31.141157+00,67123,William Kircher
a64302df-8dbe-4941-ada0-e1d0de57bb47,2026-01-17 22:27:32.161838+00,19800,Richard Marquand
a643b48a-4e4c-49ed-9a9c-c35cd14843d9,2026-01-19 20:06:14.816718+00,948,Lisa Gerrard
a64c1aff-b1bf-448d-99cc-896c68ff362f,2026-02-12 07:07:55.251269+00,148822,Ralph Wright
a64fe554-ee39-4a3f-99a9-f0541b0c9dfb,2026-01-17 22:41:47.888868+00,418,Robert Patrick
a6522f7e-9232-4ef3-9d78-d1d573c2765f,2026-02-03 06:56:38.758462+00,1705236,Ryan Heffington
a663d63f-3e3b-4e3b-b3b6-ea2e93e29e8e,2026-02-03 06:59:36.275135+00,55199,Douglas Kenney
a6787305-a339-4e4d-9e5e-440ce3cdeedf,2026-01-19 21:10:09.395074+00,1464650,Dafne Keen
a68d1bf0-8bde-4e73-bd89-dae96bb7acbd,2026-01-17 22:32:33.613381+00,19242,Tony Gilroy
a6c80b77-5b19-4966-8a74-c7256d972a7f,2026-01-19 20:51:49.257029+00,282835,Mather Zickel
a6f8b916-66c1-4836-8970-781411c097df,2026-01-19 20:44:32.104937+00,58692,Melinda McGraw
a70077cb-7be1-415c-a7d0-0955d1f54883,2026-02-12 07:07:55.251269+00,2889472,Lee Millar
a7221a26-c9e5-43f1-b033-bf42422ef073,2026-02-03 06:54:08.464148+00,1451543,Kofi Siriboe
a72a141f-cb8f-4d08-99f3-5d631cb399c9,2026-01-17 23:19:23.274632+00,76131,Karen Duffy
a72c0984-6e7b-4254-9a31-f3acfd2d522f,2026-01-17 23:14:38.348517+00,252,Sean Sullivan
a72df894-5aae-42f6-8d78-30ed311214a2,2026-01-19 20:39:28.61908+00,1646708,Tatu Sinisalo
a741e3df-1156-4a52-add7-fd4531a6a31f,2026-01-17 23:17:23.981754+00,15305,Rick King
a757e91e-19e4-4e28-a0a2-61b21474fc8e,2026-02-03 07:02:02.406531+00,25730,Brian Caspe
a75e555a-b18a-439e-ba1e-8df17c21abac,2026-01-19 20:36:11.709119+00,1922337,Alana Boden
a7603571-5442-48e3-8a4f-17e20d539596,2026-02-13 05:51:24.87582+00,52566,Colleen Foy
a7760ded-df35-43d9-8d7a-5bfa42a5c43c,2026-01-18 00:39:56.661624+00,17276,Gerard Butler
a7832be6-7ed9-4731-b60f-0b58beed90ff,2026-01-17 22:36:15.382506+00,1748,William Shatner
a78c6ef2-cfe5-4b0c-826d-3e73d1a93e8c,2026-01-17 20:59:32.13461+00,60033,Yaya DaCosta
a7b4f399-7170-424b-9f68-5eea3f4c53cc,2026-01-19 19:54:23.60346+00,13922,Seth Green
a7be3153-5031-4c19-85e5-e31ce4f38e14,2026-01-17 22:33:34.122707+00,427,Sandra Ellis Lafferty
a7c8e3f3-128f-4881-8773-e666a9b46934,2026-01-19 20:53:43.767452+00,84894,Michelle Clunie
a7d68b85-2232-4fe8-aa9b-927b44ed8ee7,2026-01-17 21:00:24.465906+00,1792537,Charles Poole
a7eed6ac-8120-4fac-8ab9-317154925071,2026-02-03 07:01:08.804847+00,55299,Mark Herman
a8228e80-07cc-4915-b9ca-9dfcfb394d17,2026-01-17 23:22:52.280198+00,1163599,Darya Ekamasova
a8268778-6f70-4713-af29-6aff1af044ff,2026-02-03 06:55:23.857556+00,951333,Kimiko Hiroshige
a8316648-9c06-4e3a-82a6-17596a087ca0,2026-01-19 20:13:49.671069+00,4209693,Na'Keya Snoddy
a8366ef7-1287-4af2-9213-d8c1e6471fc3,2026-01-19 19:48:15.066607+00,2089912,Andrew Cazanave Pin
a839b100-13b3-4148-afee-fe8f0d04f816,2026-02-03 06:58:34.533714+00,72417,Akiyuki Nosaka
a83d254f-ce79-45c5-9789-50ba9f4d59ea,2026-01-17 22:36:15.382506+00,10572,Theodore Shapiro
a83e6d21-5532-48a5-bc36-ba42c85984c3,2026-02-03 06:54:56.708103+00,94432,Adrian Martinez
a83e787e-068d-44a3-9fa5-0e6845ac8008,2026-01-21 05:50:48.309775+00,45588,Clare Higgins
a84744a7-2d84-40a5-9e4b-7c56debea579,2026-01-17 23:16:27.745856+00,1214779,Lucy Briers
a86d21ee-e34f-4ddc-b7f0-64b596d728aa,2026-01-17 23:16:27.745856+00,2014269,Aoife Hinds
a87919d3-0ac9-4715-a746-caaac01013f6,2026-01-19 20:04:27.862377+00,6198,Vondie Curtis-Hall
a87b96bb-ffc5-4992-be6d-4a2da986763f,2026-01-17 23:06:38.627612+00,9594,Katharine Ross
a88d0cd1-017a-4b00-8c8e-04afaecee5c3,2026-02-03 06:57:18.430254+00,2977,Jamey Sheridan
a88da495-b31b-4d67-9dcd-29155995327e,2026-01-19 20:03:20.643674+00,1427948,Pete Davidson
a893903d-90b9-465e-a04b-8a27aeae0901,2026-01-17 23:02:24.065288+00,6164,Josh Lucas
a8b59af6-dd00-4195-94cc-aebebee5063e,2026-01-19 20:04:27.862377+00,2314361,Brian Stewart
a8caa623-3a39-4e83-9191-91f8456e95db,2026-01-17 22:44:09.652092+00,97604,Kevin Rahm
a8ce5f16-0e45-48d3-ac72-1d0239e56ea2,2026-01-19 20:39:28.61908+00,3896427,Joonas Brilli
a8d25e8e-1ff7-4ede-b108-296d09ad77c0,2026-01-19 20:52:47.996974+00,59405,Jerry Minor
a8d30e1e-9a95-4d49-b3d1-91bd69b798f4,2026-01-17 22:32:33.613381+00,77301,Jiang Wen
a8f38ead-6bce-4d00-ad9b-56b00fa0af48,2026-01-17 20:52:07.23447+00,1525043,Monica Barbaro
a90a4e30-cad7-41c8-b3da-c7142fca8c4b,2026-01-17 22:24:38.382171+00,47698,Denis Lawson
a90f9851-d0cf-4afe-b871-f25149b67d1a,2026-01-17 22:43:24.48727+00,1208226,Danny Bensi
a9159a9c-92b1-4066-a16d-c8384f7de946,2026-01-17 23:17:23.981754+00,4140,Mark Isham
a9415f6c-dbb3-4e45-9aaf-546dba358145,2026-01-19 21:10:09.395074+00,1821523,Ryan Sturz
a95c1e17-39c4-4275-ad16-edd551ea1978,2026-01-19 20:03:20.643674+00,59613,Mike Chute
a96f629d-12ae-4b27-a532-c872db462aa6,2026-01-25 09:07:02.591375+00,1246,Emily Mortimer
a9712267-1a07-4f92-b120-48320dd23705,2026-01-19 20:14:48.378859+00,3555894,Ian Chang
a97df0e4-cc6b-4ff2-963b-16aea4688005,2026-01-17 23:21:23.844244+00,110525,Birkett Turton
a9854413-3f80-4531-b0a5-ec9859fef4ce,2026-01-19 20:50:27.706889+00,446511,Shakira
a9b944d4-784a-44d2-8728-8a76d2b17281,2026-01-17 20:56:17.679862+00,1924769,Cade Woodward
a9c00127-6572-4e36-83ce-f64ceb603655,2026-01-18 03:05:04.679854+00,8691,Zoe Saldaña
a9c236bf-f070-4fc9-b93a-792aa4577b97,2026-01-19 20:36:11.709119+00,3425202,Serena Posadino
a9ca10f4-f4a7-4a3b-9765-06ab03892f97,2026-01-19 20:57:24.797871+00,9281,Elizabeth Banks
a9d0a8a5-2082-4602-a39d-cdecacce1af8,2026-01-19 20:06:14.816718+00,27408,Mark Lewis
a9ea8f52-a2f7-410c-8b96-b6b5611370e4,2026-01-19 20:31:33.93137+00,39,Sam Mendes
aa01abf2-9b5a-4a42-8861-7c5d6aad9f4b,2026-01-19 20:49:42.186009+00,1055173,Bob Collins
aa05e683-054c-434b-95bd-5cc40f7e5edc,2026-01-18 01:16:50.605495+00,2975,Laurence Fishburne
aa394390-8494-4153-94f6-73d98c0a317d,2026-01-17 22:50:50.122456+00,539,Thomas Lennon
aa3b6393-0237-4278-b9f4-847030b87ec1,2026-01-17 23:26:09.781518+00,1227717,Himesh Patel
aa549fff-3b2d-42a0-8721-86d5b7fe1a54,2026-01-19 19:57:52.038557+00,19538,Rachael Taylor
aa54cffa-8bc1-4fce-bada-d76b4928fefb,2026-01-19 20:00:54.469233+00,236048,Rosie Huntington-Whiteley
aa5e9bb9-1af4-447f-afe8-046890a690a9,2026-01-17 21:01:34.335863+00,33190,Pernilla August
aa78750d-ac71-41fb-9d42-1159d9b25879,2026-01-19 20:02:24.1983+00,18875,Matt Holloway
aa7d82a7-4885-4dd5-bd57-f7e3afd2a092,2026-01-19 19:58:49.575969+00,67206,Andrew Howard
aacb5363-f3fc-4a83-be3e-01f0675ef742,2026-01-17 20:50:09.746171+00,49056,Martin Wuttke
aad5d2be-9eec-45a1-9beb-1d7079973aa5,2026-01-19 20:53:43.767452+00,3218,Louis Lombardi
ab0cf7b7-3509-4254-adcb-e62fe089d212,2026-01-17 23:18:39.447854+00,1533,Andie MacDowell
ab17cd10-bc20-4b70-b76a-7b5921b55dd7,2026-01-17 22:32:33.613381+00,28477,Jonathan Aris
ab22383d-0e2e-49b1-a0b7-6b6cb7c50d94,2026-01-17 23:05:08.032093+00,349,Scott Glenn
ab376e18-dcab-4e14-9f9a-d3a924e90047,2026-01-17 23:24:13.433653+00,110472,Chad Willett
ab3b88eb-cbd2-4d40-87f9-50b5336a6a84,2026-01-19 21:10:09.395074+00,2387,Patrick Stewart
ab3fe9b0-3fa8-413e-bc39-a18532de39c0,2026-02-03 06:57:39.669237+00,2507699,Jeff Cruts
ab7e3a90-884b-4652-8936-7fe5d47d0724,2026-01-19 20:08:50.340044+00,6163,Adam Goldberg
ab81d829-ba1b-401c-bcb2-803f2890e629,2026-01-17 22:57:30.935943+00,20738,Song Kang-ho
ab83d4c6-9db3-4611-b63d-4949db3bf93a,2026-01-17 23:02:24.065288+00,233093,Jack McMullen
ab939078-40bc-41f0-8969-05d5df675d57,2026-01-17 20:52:07.23447+00,1672438,Lyliana Wray
abc61204-9151-44b3-adbc-e361c8f059c9,2026-01-19 19:57:52.038557+00,19541,Mark Ryan
abd33607-c171-4fd6-b190-90a675a7d04b,2026-01-19 21:01:24.060969+00,1121635,Rebecca Dayan
abf4a56a-4a29-485d-ae2f-43b50020ddd2,2026-01-19 20:51:49.257029+00,71536,Matthew Wood
ac0537a1-3469-4fdb-b80b-5e7712d12d7b,2026-02-03 06:55:34.988874+00,1367617,Cory Michael Smith
ac20ab6a-1d0b-4594-ac92-ac2b4139b0b8,2026-01-19 20:51:49.257029+00,27493,Jay Underwood
ac5eb3f0-8094-4fff-b80a-c53dfb06c7a6,2026-01-19 21:01:59.862385+00,176227,Richard Dillane
ac68a2de-21fd-4c63-a545-73d257094688,2026-01-19 20:31:33.93137+00,118617,Nicholas Woodeson
acb330c8-4d15-4a8d-a485-319a59adc149,2026-01-19 02:24:59.225425+00,9048,Clark Gregg
acc2dc83-c4ff-4c56-a7e8-b4f7ee3ba235,2026-01-17 22:42:40.386287+00,1231,Julianne Moore
accb1459-ba02-4329-bba6-fb6c82487461,2026-01-19 20:06:14.816718+00,932,John Logan
accd62b8-878d-4b1f-a86e-4e180c7cb631,2026-01-19 19:47:09.453096+00,62580,Joe Kraemer
ace2d82f-0228-4503-bd57-63860ccf5af5,2026-01-17 23:17:23.981754+00,6384,Keanu Reeves
ad173672-4dab-4f6f-83c1-3c1ffcb50773,2026-01-19 20:42:24.616538+00,2450,Lauren Maher
ad3d2e5e-81d4-47f4-8979-b658fa41f76c,2026-01-17 23:10:23.514105+00,20750,Judy Greer
ad3e5f90-e800-453e-88bb-9f95a8da4ceb,2026-02-03 06:59:54.97064+00,31422,Ivan Massagué
ad5fac22-6620-4eb2-a8f1-da2634947366,2026-01-25 09:07:02.591375+00,177898,Nellie Sciutto
ad609f7c-18ac-4753-9e83-56714cc61ad6,2026-01-17 22:41:47.888868+00,54485,Latham Gaines
ad6142e7-ff36-46df-bb05-16b59288b208,2026-01-19 20:24:49.750006+00,1601451,María Gabriela de Faría
ad68fb9d-4920-452c-bf8f-8358b1ab11b0,2026-01-19 20:45:22.505512+00,21132,Abraham Benrubi
ad6d5fa3-aee9-450f-851b-a68f8529d2ca,2026-01-19 21:01:24.060969+00,2815726,Damali Mason
ad870bcf-5909-415b-9187-6bae8170261f,2026-01-17 20:57:19.493617+00,2879091,David Lundy
ad8db39b-a3d5-4267-a709-b2d794853d88,2026-01-17 22:31:43.771631+00,15277,Jon Favreau
ad952718-447f-469c-b507-ac2fd7c2fd47,2026-01-19 20:09:33.245912+00,190,Clint Eastwood
ada5d5db-b33a-44d1-9703-92575015210b,2026-01-17 23:26:09.781518+00,25089,Tomer Sisley
adb72aef-c7ad-4cac-bad1-323c9508c129,2026-01-17 23:19:23.274632+00,52842,Garth Jennings
adc2a3e9-e93c-461c-9aff-5f7f520c4e9e,2026-01-17 22:41:47.888868+00,54483,Isabelle Rose Kircher
adcf10e1-02e4-47c2-b290-b74cf895c4fa,2026-01-17 22:29:42.013994+00,1214513,Jimmy Vee
add165bc-b8b8-4c79-95bf-7bd4da233988,2026-01-17 22:59:29.352628+00,1643002,Sarah Stephens
ade95d83-34a6-4d12-8964-15f5520179da,2026-01-19 20:52:47.996974+00,17696,Kathryn Hahn
adea1e3f-a120-4d67-9bfb-028bd4df00cb,2026-01-19 20:50:27.706889+00,1447307,Josie Trinidad
adee47fa-c5c0-4982-8f9d-2c6e69f9d4bd,2026-01-17 23:11:08.000867+00,51894,J.A. Bayona
ae09f4ef-cbfe-4a57-b4b6-6b8df51ba881,2026-01-19 21:11:22.959573+00,2055018,John Henry Ward
ae0b04b6-8d12-4dc3-b7a8-d9a21bf07a74,2026-01-19 21:03:35.600447+00,8191,Chris Ellis
ae37a332-1a2b-485d-b921-e34090287fcd,2026-01-17 23:09:35.21473+00,60898,Sebastian Stan
ae3cbc7c-0845-42eb-94d0-003dcd217af9,2026-01-17 21:00:24.465906+00,1854223,Aaron Pullins IV
ae3fc47d-c393-435d-9389-1c7aef92002c,2026-01-19 19:50:48.244222+00,57452,Faran Tahir
ae4328b3-83bf-4a30-860f-be733a74c0ab,2026-01-19 19:49:26.162197+00,2140794,Brian Law
ae52ea57-5762-4258-ac92-259792994184,2026-01-17 22:52:22.775658+00,7467,David Fincher
ae551121-955b-458f-b58f-96ca3588dc8e,2026-02-03 07:01:08.804847+00,21657,Vera Farmiga
ae5568e0-3f8d-4643-be56-4bab8bb13dd5,2026-01-19 20:15:31.141157+00,173451,Jed Brophy
ae5e5649-ebbd-413b-8cca-9c69ec94ad1b,2026-01-19 20:27:15.774259+00,213596,Clemens Schick
ae61028f-d58b-454e-9d5d-72bb1f26508f,2026-01-19 20:53:43.767452+00,101377,Paul Bartel
ae6751ed-9b16-47a3-8c69-b861494bbb92,2026-02-03 07:02:46.175859+00,1986,Peter Gerety
ae7ab347-201f-4547-be76-0996c61b1edd,2026-01-19 20:39:28.61908+00,89511,Pekka Huotari
ae831e8c-a554-459b-a149-7b959db03242,2026-01-19 07:55:07.374835+00,3085,James Caan
ae935a13-93c3-4505-9b69-0e98681aabd0,2026-01-17 22:52:22.775658+00,68277,Christina Cabot
ae9b788a-4ae6-4de9-abd6-20c5ebf95155,2026-01-19 20:08:50.340044+00,94864,Max Martini
ae9fc57e-7053-4ba4-89c7-9d57c21ba7a2,2026-01-19 20:11:19.287269+00,378,Jonathan Pryce
aeb4e73a-8508-43c5-afb7-2e31b069bd0d,2026-01-19 20:38:31.276443+00,1716776,Brooklyn Demme
aecf3ca2-91b4-4f39-af91-c9476e56ef95,2026-01-17 20:56:17.679862+00,1590759,Noah Jupe
aed4fd90-940f-4413-af47-97cf7c1c9035,2026-02-03 07:03:27.330761+00,1235,Philip Moon
aed6509e-9f95-4dcc-a7c5-f50ff9db5a96,2026-01-17 23:17:23.981754+00,15309,Lori Petty
aedd8261-9553-479d-b37a-7615b0d8dcb2,2026-01-17 23:09:35.21473+00,1076049,Chen Shu
aee03877-7262-4876-a749-9cbac7837605,2026-02-03 06:54:56.708103+00,1656520,Christopher Tarjan
aee2ae95-8330-475e-8960-94d189aa6a79,2026-01-19 20:56:41.401173+00,62,Bruce Willis
aef64662-9da2-491a-aa05-c66de54acc04,2026-01-19 20:33:50.495522+00,4691,James Gandolfini
aefbf3aa-a2a3-45ac-9909-458c6e55c7d0,2026-01-17 22:59:29.352628+00,1725094,Axtun Henry Dube
aeff5528-29d8-4046-9f40-cc65632df057,2026-01-17 20:52:07.23447+00,15244,Ehren Kruger
af2a613f-f267-4ec0-a8a9-9d25d32967a6,2026-01-19 20:00:54.469233+00,95777,Bill O'Reilly
af39d8c2-a6e6-4be3-b115-e9f456543d8b,2026-02-06 06:34:32.707167+00,1421422,Caitlin Carver
af423f7d-41fa-48cf-9cc7-8bad7b703e8f,2026-01-17 22:42:40.386287+00,58587,Phaldut Sharma
af48ba75-c782-40ed-b02e-0362c5efa153,2026-01-17 23:00:21.741698+00,1685,Masaaki Okura
af4a567c-aba3-4274-9771-8650c67fd63b,2026-01-17 23:19:57.950471+00,2407997,Cary Christopher
af514640-df4e-46b4-8ca9-3b02593eb6a7,2026-01-17 21:15:08.292248+00,33181,Jimmy Smits
af53cfe4-73a5-4ed1-aa71-61308a29d376,2026-01-19 20:39:28.61908+00,145228,Jalmari Helander
af5a4ac1-7bf9-4658-b560-edd97782b20b,2026-01-17 22:59:29.352628+00,1397779,Harvey Scrimshaw
af5a6d7e-d2cf-4b28-880b-43b49fab89f1,2026-01-18 00:41:25.966535+00,3416,Demi Moore
af60d66d-3c73-4c9e-9c23-e412dc9d8966,2026-01-17 23:20:45.418369+00,9562,Marlon Wayans
af869e55-d244-4737-939c-2556598ab7a1,2026-01-19 20:18:30.486515+00,20982,Marton Csokas
af8d8c3b-96ca-4a27-85da-fdb0a2a25dff,2026-01-17 21:01:34.335863+00,7908,Frank Oz
af9a9f43-df20-4579-8eb8-3ea5de6c8afe,2026-01-19 20:22:25.68211+00,78952,Samantha Womack
afafa4aa-1820-462d-a49a-d8a586036af1,2026-01-17 22:45:04.743233+00,6110,Graham Beckel
afbea397-ed04-442c-88cb-71b364e396f6,2026-01-19 19:57:52.038557+00,865,Michael Bay
afc5544c-5f54-4493-8ec5-3cb1fc2c24e3,2026-01-22 05:17:53.061178+00,3869489,Tal Shulman
aff529a2-92c8-4f95-8c6d-809df762c075,2026-02-03 07:02:57.923828+00,181067,Ken Medlock
b04e4aa0-7de1-49b4-ab7d-83f51282737a,2026-01-17 23:11:08.000867+00,400,Geraldine Chaplin
b0513efe-2d2c-406e-9bd6-9bf314bd4222,2026-01-19 20:00:54.469233+00,106843,Buzz Aldrin
b0a7b4d9-b18b-4810-9117-68e5c3179d08,2026-01-17 20:50:09.746171+00,41965,Sylvester Groth
b0aa0f68-8a73-4b2d-af67-773f95f34fcf,2026-02-03 07:00:33.374034+00,2756194,Earnest McCoy
b0b2ebf3-d6d0-415e-bc4c-1b0c9c354f40,2026-01-28 04:23:33.561869+00,5812,Furio Scarpelli
b0cc8b2b-cc6d-45c3-8d82-b1d1e7d4d5a3,2026-01-17 20:50:09.746171+00,49487,Richard Sammel
b0db8eeb-48da-40e6-ba05-1c0c34fa244c,2026-01-19 20:39:28.61908+00,228402,Juri Seppä
b0ffbfb2-2190-46bf-bd74-66a15a20efae,2026-01-18 01:22:42.065357+00,1366101,Jiří Kraus
b100352d-1dfb-488f-b197-295254dd1086,2026-01-17 23:05:08.032093+00,1280985,Lawrence A. Bonney
b1014041-bec1-42b0-934f-c500ed55e440,2026-01-17 22:45:45.716092+00,88124,Jesse Plemons
b1079f31-e80c-4465-99b8-cb623399bc22,2026-01-19 19:56:28.252593+00,132984,Keith Dorrington
b10eef0d-e6a6-4d2c-8491-e3eafc676d81,2026-01-22 05:17:53.061178+00,1218635,Gary Vaynerchuk
b13054a4-c8bd-4722-bee3-7796236142f1,2026-01-17 23:26:43.350319+00,37221,Penn Jillette
b13190f2-699f-49fc-a0de-ba3c028067a7,2026-02-03 06:57:09.900217+00,80415,Judith Light
b135a61e-d08d-4dc1-9c3a-a37c18047841,2026-01-22 05:17:53.061178+00,20307,Joachim Rønning
b14632b9-dc02-47af-b0c1-ec8e7228dcd2,2026-01-17 20:59:32.13461+00,22063,James Frain
b1535f0f-5507-4606-b6fa-a80eb27d20d0,2026-02-03 06:55:34.988874+00,984629,Christopher Abbott
b17052cb-1376-409f-9a45-fc68f75b5df0,2026-02-03 06:55:23.857556+00,588,M. Emmet Walsh
b197ea14-8854-4268-b23e-5a2c6ec35eed,2026-01-17 23:22:52.280198+00,1660692,Ross Brodar
b1b8869a-01c3-4373-b543-9ddfb416162b,2026-01-19 20:26:22.060362+00,2264206,Kaori Taketani
b1bafdf7-424c-418b-9fbc-c917d2e0b13d,2026-01-19 21:05:06.171801+00,8535,Gloria Stuart
b1ca0a2f-8f22-4edc-8f34-8ee53c698486,2026-01-19 19:54:23.60346+00,13240,Mark Wahlberg
b1d934e3-035a-43a9-aa1d-375ce3b298c5,2026-02-03 07:00:33.374034+00,2756195,Allie Wade
b1e63281-fb1e-43e8-8a67-01b95a1639dc,2026-01-17 22:33:34.122707+00,935722,Brad James
b1f7935c-7a53-44d8-badf-38c685fd8c77,2026-01-17 23:18:02.01673+00,153,Thomas Newman
b2198f14-3267-4a95-9587-ec75b2cdd075,2026-01-17 23:24:13.433653+00,54711,Kevin Breznahan
b230d40e-1be0-4ca8-b09e-535e47a47b73,2026-01-19 20:14:48.378859+00,579281,Eric Pearson
b231dc0b-b16c-45fd-8dfc-aad471ef2074,2026-01-17 22:59:29.352628+00,1397780,Lucas Dawson
b26f7596-e601-4e92-9c1d-13193a772503,2026-01-19 20:39:28.61908+00,1710274,Vincent Willestrand
b2aff1cb-40c1-4e47-90a4-d67e77759f81,2026-01-19 20:26:22.060362+00,2672331,Emelina Adams
b2b638fe-9184-447e-bf4e-19b7cd085917,2026-01-19 21:05:06.171801+00,8547,Jonny Phillips
b2d40385-b91d-46fe-8c6c-b367ff06ade3,2026-01-17 23:18:39.447854+00,1532,Bill Murray
b2e78f3c-814e-4388-a938-5d7f93f8d760,2026-02-03 01:23:53.163956+00,1642036,Billy Postlethwaite
b2eba728-82bb-452e-9f24-e2ba34b448c0,2026-02-03 06:55:23.857556+00,585,Rutger Hauer
b3476df1-5c3a-46a1-9a6b-19ed84f87f42,2026-01-19 21:11:22.959573+00,2248121,Gabriella Garcia
b34fd143-d53c-4d3d-b225-0e385ff660c5,2026-01-17 23:19:57.950471+00,2476129,Scarlett Sher
b3542c45-2c3a-484e-8eb4-97d0a97e7061,2026-01-19 19:49:26.162197+00,33312,Erik Jendresen
b3a06ecb-2948-4455-a90e-a85a733f6d51,2026-02-03 06:58:34.533714+00,3773478,Kozo Hashida
b3b93f9b-ca97-4479-b861-c0cd9a2280f4,2026-01-22 05:17:53.061178+00,92612,Roark Critchlow
b3c61948-b559-449d-a3d3-1cdc55ff23e2,2026-01-17 23:17:23.981754+00,6474,James LeGros
b3c64354-a975-4da9-a508-150d80ad44a1,2026-01-28 04:23:18.309315+00,1936,Martin Balsam
b3e0403e-4d3d-4c46-96af-5e96d0a1db26,2026-01-17 22:35:19.14754+00,5527,Skandar Keynes
b3f20d40-27b1-484b-8ba7-946293a6e822,2026-01-17 23:06:38.627612+00,1598,David St. James
b3f69e53-63ce-430f-b1fc-88036847a712,2026-01-17 20:52:07.23447+00,9033,Christopher McQuarrie
b3f8c6b2-774a-4835-91d1-219e29eb89f5,2026-01-17 23:24:46.157888+00,40543,John Ortiz
b4133284-db37-4f69-b26b-9636593bd00d,2026-01-19 20:57:24.797871+00,11357,Bruce Campbell
b429ae22-b15d-44a9-b2a4-f45e81fa95bb,2026-01-17 22:47:11.909102+00,261927,Souad Faress
b4388892-8670-4483-b541-a43b60c80e99,2026-01-19 19:57:52.038557+00,14721,Kevin Dunn
b4402364-b85f-45db-8221-e1678d0fac80,2026-01-19 20:08:50.340044+00,20471,Demetri Goritsas
b44f73b0-3b7d-4eef-8c44-27b59d1c67c8,2026-01-19 19:56:28.252593+00,209799,Ted Arcidi
b4843795-90f8-4ee4-981a-66b41e73ce26,2026-01-17 23:22:52.280198+00,3307906,Ella Rubin
b49dae80-4d8f-402d-84dd-9fa31c0acb52,2026-02-03 07:00:10.287557+00,4118,Joy Page
b4d0a231-197d-4551-b56d-e4fb42c845f6,2026-01-19 20:23:59.992531+00,3335483,Bevan Viljoen
b4feaa47-f469-4076-8475-c16ad8a53143,2026-02-03 06:55:23.857556+00,590,William Sanderson
b50a84fc-7d46-497f-9bb1-eead0dce46d1,2026-01-18 00:41:25.966535+00,28239,David Twohy
b51b43c1-72d6-4a46-8ef0-b0c1fb7b5d73,2026-01-19 21:01:24.060969+00,58016,Anna Friel
b51d877a-da7b-4626-9a34-f91a988b01a2,2026-01-17 20:57:19.493617+00,3995936,Dean Woodward
b5274740-6fe6-4ae3-935c-1e2a34d8192d,2026-01-19 19:57:52.038557+00,19540,Peter Cullen
b52ba7b7-ce4b-480a-9c19-568b808d6b12,2026-02-03 06:57:18.430254+00,99351,Valerie Mahaffey
b53c470f-9527-4a37-994d-983bb588dcd9,2026-01-17 23:10:23.514105+00,67803,Amanda Silver
b541cca0-acbe-46b3-9dc0-0cd7983d56d5,2026-01-17 22:26:16.957396+00,27165,John Hollis
b54c8fbd-811e-48fd-951d-fb3dc925de1d,2026-01-19 21:00:00.229847+00,32,Robin Wright
b555ef68-2423-4c64-b8f8-6f33b1d4a6f9,2026-01-19 20:45:22.505512+00,1340669,Paul Briggs
b56bd0a6-baaa-4b17-a783-68aa5dc8c2ca,2026-01-19 21:05:06.171801+00,2076,David Warner
b57c2269-5f8c-4646-950e-058ebce7acfe,2026-02-03 06:58:34.533714+00,118998,Hiroshi Tanaka
b583ae25-2c83-4e47-87aa-d8a8acc46ad0,2026-02-03 07:00:44.192947+00,1077854,Madalena Brancatella
b58759ee-2ec6-48c7-8c14-b67d300ec180,2026-01-17 22:40:30.733784+00,1123882,Jarrod Phillips
b592b539-0abf-4e7d-9b2e-749e66722aab,2026-01-17 21:01:34.335863+00,25441,Steve Speirs
b5a92f26-f171-45ba-b18a-0358decb15bb,2026-01-19 21:03:35.600447+00,8349,Martin Sheen
b5b644fa-c7e7-48fb-9ade-4bc71301f707,2026-01-18 01:16:50.605495+00,56448,Jeff Chase
b5b9cf24-1efe-4d46-80a3-85727ee477b4,2026-01-19 21:01:24.060969+00,17329,Neil Burger
b5bfb8d9-7c30-4cb0-84e5-f735c73f72d6,2026-01-18 01:22:42.065357+00,6079,Ivan Shvedoff
b60b28b6-1645-4f47-8c4b-c9c720875a3d,2026-02-03 07:02:46.175859+00,17521,Kelly Reilly
b60eb2f4-f839-4013-b00f-ce0ce25b8d54,2026-01-17 23:09:35.21473+00,48,Sean Bean
b6194cfc-f630-4441-b8a5-ea4355b5fc7c,2026-02-03 06:59:36.275135+00,9796,Johnny Mandel
b64946c1-6902-414c-aa56-f8d7fa2478a8,2026-01-17 23:18:39.447854+00,236327,Ken Hudson Campbell
b64bfb6e-bd5d-4655-95ca-d0ceae71c5a5,2026-01-21 05:50:48.309775+00,207549,Perdita Weeks
b650623c-b5a3-468c-9750-c504316940fd,2026-01-19 19:54:23.60346+00,976,Jason Statham
b66e975e-5d0d-4d81-b776-bd0f4fefe69a,2026-02-03 07:03:27.330761+00,1236,Mark Pellegrino
b67a1683-1618-413c-b117-ee12e9102173,2026-01-17 23:22:06.593835+00,4643864,Bryan Doo
b6897345-a274-471d-b110-27c08611979c,2026-01-19 20:33:50.495522+00,1140088,J.J. Kandel
b6a28b49-5649-458f-a897-9377a4bd4264,2026-01-18 01:13:49.934221+00,88401,Lester Morris
b6b9c344-7608-4430-bce5-0767dd9a7bb8,2026-02-03 07:01:08.804847+00,11207,David Thewlis
b6bb7242-3389-4ccf-9b5a-9b8f23401bb2,2026-01-17 23:18:02.01673+00,11505,John Hughes
b6d62e7c-6d27-4117-817c-164e341aeb90,2026-01-17 23:19:23.274632+00,5293,Willem Dafoe
b6d71581-223c-4758-9794-47e0700c111a,2026-01-17 23:08:10.282741+00,650,Karen Allen
b6dbc424-df07-4c39-a698-1088c17dafe6,2026-01-19 20:23:59.992531+00,99411,Karl Gajdusek
b6e9b933-8302-4cdd-9638-b2ed82898739,2026-02-03 06:57:09.900217+00,1518933,Michaela Jaé Rodriguez
b6f6c97b-6fef-4af5-8170-80c1cf335b68,2026-01-19 02:24:59.225425+00,1479946,M'laah Kaur Singh
b6fb5a34-44d7-4f54-82e9-aec7755d9bba,2026-01-17 23:17:23.981754+00,15304,W. Peter Iliff
b702e3d9-112d-4a5e-bf8e-77e6728b2f6b,2026-02-08 09:39:00.152385+00,51456,Rhoda Griffis
b70c011c-2a63-430f-ba97-15219a10e0e5,2026-02-03 07:00:10.287557+00,3249,Max Steiner
b717e794-7176-4d14-9cc8-eba5eed3f2c9,2026-01-17 20:59:32.13461+00,61264,Dan Joffre
b72c7eb1-4df5-4614-8c5d-d5a230213888,2026-01-19 20:34:35.85263+00,3490,Adrien Brody
b75441eb-867a-45e3-89ee-680c2fcbac99,2026-01-19 20:35:27.581284+00,91585,Kevin Willmott
b76a91d5-035a-454c-ac35-50151de8ffe5,2026-01-17 20:57:19.493617+00,1031785,Ashley Dyke
b7708929-a8e7-4559-a636-6fea80ccc199,2026-01-19 20:59:03.126627+00,71725,Jake Sandvig
b7745080-e6ca-44b7-98a5-26aa16ac8e7a,2026-01-17 20:52:07.23447+00,799,Harold Faltermeyer
b7848bdd-dcd7-4fec-8707-0a431f4424f2,2026-02-03 06:56:59.749831+00,181763,Trevor Lissauer
b789c703-8fa9-45cb-a851-7c3258c8ba55,2026-01-19 20:35:27.581284+00,1719596,Ato Blankson-Wood
b7ab49f6-0401-4403-a38f-b4786c4e42fe,2026-01-17 22:53:05.33733+00,2303015,Alex Brockdorff
b7bbf595-45f4-4bd9-afdb-fbb867ec0aaf,2026-01-19 21:10:09.395074+00,174454,Frank Gallegos
b7e6937d-9e52-4b3e-908b-cbfc3b65d669,2026-01-19 20:13:49.671069+00,341,De'Angelo Wilson
b7f464d5-d439-4a35-b870-667247eba477,2026-01-17 22:42:40.386287+00,81134,Oana Pellea
b7f9fe68-41ba-4a85-ab05-f5bf67956124,2026-02-03 06:56:38.758462+00,227564,Benny Safdie
b7ffc28d-10fe-48fa-98b0-08bbd5a8fde9,2026-01-19 19:56:28.252593+00,324,Scott Silver
b81e88e4-bf8d-419b-8349-17056e38cef9,2026-01-17 23:26:43.350319+00,1454942,Géza Röhrig
b84bedcf-66c7-4026-b032-249d0b7ecda9,2026-02-04 06:28:36.488135+00,24357,Alex Borstein
b8610be2-c5f7-4bf2-be06-31dd12b0e554,2026-01-19 21:00:00.229847+00,765,Hiam Abbass
b8676265-c198-4fdd-a9c5-bdf32627bda1,2026-01-17 23:05:08.032093+00,51864,Kasi Lemmons
b86785f4-afb4-4b22-8dd2-a53b4475c7a4,2026-02-03 07:02:57.923828+00,16859,Tammy Blanchard
b86fe381-f7c0-433d-96e5-99d7b34ea87a,2026-01-19 20:30:21.715385+00,34408,Stana Katic
b8a4a862-711f-42b2-9ff5-b3b436b533c0,2026-01-19 21:03:35.600447+00,9277,John Finn
b8a56995-ff66-4ad9-bc1b-a8e1fde3f8a0,2026-01-19 20:56:41.401173+00,3129,Tim Roth
b8d14e97-a075-4817-a9cd-022c8c8cab89,2026-02-03 06:59:54.97064+00,17007,Roger Casamajor
b8eb8922-78b6-4a07-aee3-bb286e2bf4d1,2026-01-19 20:50:27.706889+00,18999,J.K. Simmons
b9065d31-9f14-4da8-bf83-f85e758d0353,2026-01-18 01:22:42.065357+00,1483841,Pavel Bezděk
b90e26b8-d950-43a0-8035-86e2ac50f536,2026-01-17 21:01:34.335863+00,3061,Ewan McGregor
b93ab364-7720-4499-b856-66bf539e6048,2026-01-19 20:02:24.1983+00,5575,Akiva Goldsman
b94d5fe2-3512-4ac3-b835-c664e9e813e2,2026-01-17 22:28:40.767608+00,93210,Domhnall Gleeson
b9589f4d-0481-4bc8-98d9-679bc73af0ac,2026-01-18 01:13:49.934221+00,114017,Karl McMillan
b95a1993-e4ce-446e-8820-5bbc567635aa,2026-01-19 20:53:43.767452+00,9032,Bryan Singer
b97c37a3-ede6-4728-b448-96b67020726a,2026-01-19 20:49:42.186009+00,1025337,William Davidson
b97d10ec-ec73-418f-994e-d47141c0b743,2026-01-17 23:14:38.348517+00,1330786,John Ashley
b97f9061-5be1-4276-bbcb-38a41d63256a,2026-01-19 20:48:33.234012+00,2598,Sophie Okonedo
b99ce878-cb3e-4e92-98d6-0bbd94d7a0e9,2026-01-29 05:37:22.221296+00,3026,Rob Reiner
b9a28674-e4b8-4130-b1ef-01b05091b657,2026-01-19 20:14:48.378859+00,2194404,Gianfranco Terrin
b9a8b933-8e18-4419-a7cd-1293c05d021e,2026-01-17 23:22:06.593835+00,1423520,Mike Faist
b9c284d1-8bc1-41fa-acb8-c05991a0e9f0,2026-01-19 20:35:27.581284+00,143017,Frederick Weller
b9c30f7d-596e-4c88-8039-8c1580c7de53,2026-02-03 07:00:44.192947+00,23538,Jade Cohen
b9cc3187-14bf-413c-a8ba-c656c18aa311,2026-01-19 20:03:20.643674+00,2567003,Kerwin Jackson
b9d4f9f1-0906-499b-8878-4cbe2e6639d0,2026-01-18 00:41:25.966535+00,31280,Stephen Ramsey
b9dbd52b-ec17-48bc-a7f0-b4760dd8f6ac,2026-01-19 20:15:31.141157+00,72095,Lee Pace
b9f8f10b-53e6-4d8d-80f5-f5efb01a4278,2026-01-19 20:56:41.401173+00,8297,Roger Avary
b9fe64f0-6108-46ba-8a2b-8676db68cd9b,2026-01-29 05:37:22.221296+00,3029,Raynold Gideon
ba007c31-0228-4c0b-9603-383be5d429cd,2026-01-17 22:47:11.909102+00,1640,Stellan Skarsgård
ba15e336-1a56-4c30-aedb-ada0b566010e,2026-01-19 07:55:07.374835+00,99724,John Martino
ba368b82-760d-4d35-bd40-1a8e2395949b,2026-02-03 06:55:09.790833+00,74585,Randy Stripling
ba749085-4ae2-4d88-a703-d85ac8378f76,2026-01-17 22:43:24.48727+00,1239237,Kedar Brown
ba7b806b-10eb-4853-92c2-87efa8e66357,2026-01-19 20:24:49.750006+00,85143,Angela Sarafyan
ba81ac94-5eb1-45f0-b255-f87cdacc2b3d,2026-01-19 20:14:48.378859+00,17859,Wendell Pierce
ba8807cf-c47d-4732-97af-a820bd90ae6f,2026-01-17 22:31:43.771631+00,2054069,Eben Figueiredo
ba9329b4-0600-4313-b5df-26456c501ff2,2026-02-03 06:54:56.708103+00,4941,Alessandro Nivola
bab179a9-d33d-4984-8af5-95c295c8adf6,2026-01-19 19:56:28.252593+00,999771,Caitlin Dwyer
bac9cc1f-a502-42c6-8db9-7914f4c870e2,2026-01-19 20:48:33.234012+00,832,Antonio David Lyons
bae8c3af-af9b-485a-8416-cbb624940dd9,2026-01-17 22:44:09.652092+00,2053,Bill Paxton
baed5fe6-990b-4cae-97cc-3568623edaa1,2026-01-17 22:40:30.733784+00,1853997,Morgan Lund
baeebc17-7792-45f3-9ddf-46a40274ac44,2026-01-17 22:37:28.53073+00,59219,Kyle Gallner
baeefc31-7412-4197-88a2-186e0e738b0c,2026-02-03 07:02:46.175859+00,65196,Nadine Velazquez
bb16f561-9079-40a1-8eae-f60104de9889,2026-02-04 06:28:36.488135+00,1063947,Bretton Manley
bb2a58d8-4191-48af-b140-d4d38d0f1d46,2026-02-03 06:58:49.243874+00,1724137,Anna Baryshnikov
bb40b13b-97c2-4d4a-a779-46c365c014c3,2026-01-17 23:21:23.844244+00,4697448,Nick Lepard
bb448a74-1eec-4b80-9f59-7a9076b09135,2026-01-17 23:02:24.065288+00,366,James Mangold
bb4b15fa-23ac-42e8-8e47-82df316620df,2026-02-03 06:59:54.97064+00,16996,Raúl Monge
bb58d027-c8fb-4100-a052-8061f25c64cb,2026-02-03 06:57:39.669237+00,2169945,Max Eggers
bb5f10ca-40c8-461e-bad2-557eb7b6cdb5,2026-01-17 23:20:45.418369+00,11484,Suzanne Shepherd
bb71ecc2-bf36-49f5-b919-ba2075e12188,2026-01-17 22:33:34.122707+00,1470,Wayne Duvall
bbad0c60-2359-41df-a4ea-07e8a6c5d91d,2026-01-19 20:40:32.669862+00,3893,David S. Goyer
bbc5691d-cec4-45d2-b157-45ae0ef5905a,2026-02-03 07:00:33.374034+00,33262,Stuart Greer
bbc9e839-bd44-4c85-90f6-d64c16f7ccea,2026-01-17 23:08:10.282741+00,659,Wolf Kahler
bbf0332f-23b9-4716-b1ce-295964442592,2026-01-17 22:27:32.161838+00,28235,Sebastian Shaw
bbf261ec-4a4b-4ac8-a369-4a86ee80d12d,2026-01-17 21:00:24.465906+00,1545520,Anita Farmer Bergman
bc07bd54-5597-4eaa-a88f-0f47f50274eb,2026-01-17 20:57:19.493617+00,2554513,Zachary Golinger
bc25a441-7fac-4480-8c0d-b4a03cc765ba,2026-01-25 21:05:20.600853+00,1383989,Cliff Chamberlain
bc35e4e0-2976-4a8b-9fe3-5cc8d9c37886,2026-01-18 01:03:45.515954+00,231246,Karel Dobrý
bc6d0cf2-b3a1-4b25-9a54-835a5ab3e6ff,2026-02-03 07:00:10.287557+00,1331754,Nino Bellini
bc6dfeca-a61e-47d0-a40f-00b3f221997b,2026-01-17 22:44:09.652092+00,59260,Ann Cusack
bc8177f7-0a03-4aa8-ad5a-ef747f731cfb,2026-02-03 06:54:23.759182+00,6280,Powers Boothe
bc930feb-98c9-4152-a921-9d92f42b5ef2,2026-01-19 20:43:25.604568+00,11283,Clive Ashborn
bca41a06-9949-4c09-ace3-5f0387d97d7c,2026-01-19 20:40:32.669862+00,43202,Antje Traue
bca628a9-4329-4cee-a6ea-5bef2929b34a,2026-02-08 09:39:00.152385+00,1539949,Raiko Bowman
bcb0a6e1-47c8-4132-9f0a-3357e7bdaa85,2026-01-19 20:45:22.505512+00,61677,Burny Mattinson
bcc11d5c-e25a-44ea-bb70-ffd47c28fde9,2026-01-29 05:37:22.221296+00,3039,Bradley Gregg
bcd9fb59-c953-4b5d-8163-e94ac0127852,2026-02-03 06:59:54.97064+00,1077942,Francisco Vidal
bcdf765a-61f5-478e-88fa-fac82056e0c8,2026-01-17 23:18:02.01673+00,12852,Barry Corbin
bce29e8f-7548-4a9c-9b9d-76aa6a6feecb,2026-01-17 23:05:08.032093+00,16294,Jonathan Demme
bce3988d-8b33-4235-b010-2a734ef06a49,2026-01-17 23:24:13.433653+00,52419,Josh Hamilton
bceca446-7bd4-45e6-a8be-6776ab005aaa,2026-01-19 19:50:48.244222+00,21089,Bruce Greenwood
bd018387-9213-4f2b-804c-ccf86e9498b3,2026-01-19 20:10:28.342928+00,29461,Julian Casey
bd0ea1ae-823e-45cf-9f20-75de25744d5f,2026-01-29 05:37:22.221296+00,7066,Jack Nitzsche
bd303282-2bda-4d1d-be75-34a4ddffd563,2026-01-17 23:18:39.447854+00,1537,Angela Paton
bd5bae98-842a-4b52-bc1a-e49460d56ceb,2026-01-19 20:26:22.060362+00,1709726,Minchi Murakami
bd60047b-6446-4707-b809-8f3f97a19fa9,2026-01-19 20:46:24.087546+00,1812,Michelle Williams
bd7dcfbb-4bfd-48eb-96c3-e73de72c1d08,2026-01-17 22:32:33.613381+00,53240,Riz Ahmed
bd876305-7000-4f36-b45e-256f8a9db69f,2026-02-03 07:03:14.925674+00,1592548,Rafał Zawierucha
bd89015f-1900-4adc-8780-482af8d753c7,2026-02-04 03:42:18.031503+00,2017507,Bret Eric Porter
bd8e26dd-b691-40d6-a318-2a8ffcb99e39,2026-01-17 23:19:23.274632+00,107170,Jarvis Cocker
bda2c41b-b51c-4130-b351-1b121fab4add,2026-01-19 21:04:21.834691+00,10582,Daniel Sunjata
bdc8e693-c60b-4ce8-85fa-7537bf904e15,2026-01-17 23:24:46.157888+00,74242,Shea Whigham
bdd50abe-8dc7-449e-a946-678a0b86f538,2026-01-31 19:56:20.767461+00,4071279,Aadyn Encalarde
bde15835-2e9b-41ad-b436-dbedbb071edb,2026-01-17 22:30:37.956531+00,1020013,Derek Connolly
bdf5612d-46c1-45ba-9ff7-6e12a515c258,2026-01-18 01:01:14.104724+00,670,Ben Burtt
bdfa1028-491d-4324-ad9b-0e03b92463e7,2026-02-12 07:07:55.251269+00,150739,Thurl Ravenscroft
bdfd2ec0-7b72-4286-8a1b-67797e766dd6,2026-01-17 23:20:45.418369+00,1186003,Jack O'Connell
be10f1fd-add9-40bb-861b-04ce8b25c509,2026-01-17 23:10:23.514105+00,76793,Irrfan Khan
be171b86-226a-42a8-a4c0-b2bff7f1d902,2026-02-03 06:57:09.900217+00,110505,Robin de Jesús
be73a49e-bf1a-4d70-8f68-0925075203c4,2026-01-19 20:27:15.774259+00,94955,Sébastien Foucan
be85b98c-ee3f-4168-9b2b-02b1d28d9548,2026-01-19 20:49:42.186009+00,12047,Andrew Kevin Walker
be88d915-e440-4e94-9cd1-7731ef7b8b49,2026-01-25 21:05:20.600853+00,1742289,Michael McGrale
be923e87-2845-40bf-898a-b019ccf92e63,2026-01-17 23:24:13.433653+00,664,Frank Marshall
beaa58e8-308b-4e96-a396-640ac47e623a,2026-01-19 20:50:27.706889+00,63208,Tommy Chong
bed1088c-f9b3-443a-b66c-8b16ca454168,2026-01-18 03:05:04.679854+00,42317,Scott Lawrence
bedbf5d3-d1ce-431f-81bb-7b61e56ff412,2026-01-17 23:21:23.844244+00,4131629,Evelyn Burke
bef8703d-1617-4180-bf01-e43c8e20b217,2026-01-19 20:01:35.925296+00,937809,Han Geng
bf0397d7-aa84-43e7-9240-5e66eb582558,2026-02-03 06:55:09.790833+00,4945,Joe Johnston
bf2a16d6-a0c1-4b48-9f54-3e2b82b2a81f,2026-01-19 20:09:33.245912+00,1259732,Brandon Salgado Telis
bf630b64-6b2d-4f54-af2e-19f9b61c7add,2026-01-19 20:18:30.486515+00,1329,Billy Boyd
bf6f331c-085d-46c2-a01e-4010f65ba7f9,2026-01-25 21:05:20.600853+00,40223,Joe Carnahan
bf7e66e6-c45d-41ff-96e9-0101303c9377,2026-01-17 22:57:30.935943+00,53455,Kelly Masterson
bf8037c7-62bf-42f1-8850-3123f449fb7c,2026-01-17 23:08:10.282741+00,656,Denholm Elliott
bf896997-39c1-4533-ac2d-96d2146d97e5,2026-02-03 06:59:54.97064+00,1077945,Lina Mira
bf9c8f05-9e1b-404c-8a53-de79e305b468,2026-01-19 20:36:11.709119+00,1974046,Rudy Pankow
bfa99a8f-f54f-4621-87dd-74455a91d955,2026-01-17 22:45:45.716092+00,219666,Madisen Beaty
bfb95fa5-d16c-413e-9b71-3e605d39a56a,2026-01-25 09:07:02.591375+00,1032,Martin Scorsese
bfc62715-1b00-4e1f-b02b-d10880d0ad8d,2026-01-19 07:55:07.374835+00,1776,Francis Ford Coppola
bfc70a5b-9a90-4689-881d-429053914dea,2026-01-19 20:10:28.342928+00,1646444,Abigail Pniowsky
bfc88a0f-9d22-4ad1-b788-36f01f1ec40c,2026-02-03 07:00:10.287557+00,1331753,Frank Arnold
bfdf0a9f-f6d8-4a37-b67a-1f714c004934,2026-01-17 22:59:29.352628+00,1805893,Paul Kenworthy
bfdf0cff-021e-45dc-8ef4-aa2f99da5464,2026-01-17 22:24:38.382171+00,15152,James Earl Jones
bfe50ff9-c17f-4b64-b0c0-7379bc7efdff,2026-02-03 07:00:33.374034+00,34490,Sarah Paulson
bff0ecce-3833-48a8-873e-52c0922b8c81,2026-01-17 22:44:09.652092+00,14343,Rene Russo
bff23487-26ed-4918-ab7b-40428dfb577b,2026-01-19 20:24:49.750006+00,15218,James Gunn
c01ae433-90a8-49fd-9661-2631e35bfc98,2026-01-19 20:56:41.401173+00,11803,Peter Greene
c033f4ec-c9f1-477e-b710-186572f416ad,2026-01-17 21:01:34.335863+00,524,Natalie Portman
c037956a-2f9e-4dd0-be4d-f04be96cf3ba,2026-01-19 20:12:17.102861+00,87070,Michael Chernus
c04a6658-a61f-4ae1-8f81-bc8920b91d84,2026-01-19 20:37:45.151048+00,1224,Ethan Coen
c061fe75-bd34-43f9-8175-2bb514c5b25b,2026-01-17 21:00:24.465906+00,1792530,Lea Hutton Beasmore
c062cfd5-09a1-489c-9086-b7634d717461,2026-01-19 21:05:06.171801+00,3071,Ewan Stewart
c06faa63-5a05-4f6e-897b-0bc1a3b71515,2026-01-17 23:18:39.447854+00,1318541,Les Podewell
c0700c63-399d-4571-8522-e48026ca9955,2026-01-17 23:05:08.032093+00,117,Howard Shore
c0838a56-a4e9-45a1-b468-a813db8a91e1,2026-01-19 20:51:49.257029+00,71836,Angela Jones
c08497ee-df21-4dbc-9451-1109d52d3af0,2026-02-03 06:55:23.857556+00,595,Vangelis
c09d962c-85af-40f4-98e0-e55fc18165c4,2026-01-19 20:06:14.816718+00,942,Ralf Moeller
c0a50cea-bb04-4ff2-b621-732f536fa9bb,2026-02-03 07:01:08.804847+00,77999,Henry Kingsmill
c0c265d8-b354-42da-bed5-a403edfbfc0c,2026-01-17 21:00:24.465906+00,1444880,Sunny Suljic
c0ed517d-7764-4aa4-ae2f-e0154c7f5810,2026-02-03 07:00:33.374034+00,1186193,Bonnie Sturdivant
c141ee29-8922-4c6e-b5fb-48a3036beeb4,2026-01-17 22:42:40.386287+00,12210,Jacek Koman
c153e50e-59ca-47b2-b5c2-9a91a782d8f0,2026-01-18 03:05:04.679854+00,1180936,Sean Patrick Murphy
c1589973-c175-45ab-95d9-296f315e8ece,2026-01-17 22:40:30.733784+00,1281174,Austin R. Grant
c178dbbe-0fae-48d4-9f61-ddbd584d7542,2026-01-19 19:54:23.60346+00,37932,F. Gary Gray
c17e4295-754b-49ec-a6fa-0b78b36523e1,2026-01-19 19:47:09.453096+00,16358,Simon McBurney
c1a8dd16-6326-498b-a41a-f3ba8526973f,2026-02-03 06:54:23.759182+00,71562,Buck Taylor
c1b60989-e887-4210-b75c-b5ee9ed773da,2026-01-19 20:00:54.469233+00,41742,Ravil Isyanov
c1b7bea3-611f-4dae-bc38-2c95653b24c8,2026-01-28 04:23:33.561869+00,5819,Angelo Novi
c1bade87-7d71-43ff-be59-36c6049281d8,2026-01-19 21:11:22.959573+00,1181329,Timothy Simons
c1c1a0bf-bdba-45f2-a8ce-61e9cf5a2d6e,2026-02-03 06:56:38.758462+00,3334740,Moti Haim
c1d70b9f-9719-4ffd-88fd-3ba2c00ce22a,2026-02-03 06:57:18.430254+00,52000,Todd Komarnicki
c1e6f7dd-e1a8-4fa4-bb79-993bcc82e1b9,2026-01-19 19:57:52.038557+00,1331,Hugo Weaving
c1e9704f-9d00-49c1-9934-531f99b7af71,2026-01-17 23:05:08.032093+00,13936,Frankie Faison
c1ebed8d-cd2c-4bbf-bf7e-d649abfbe0f0,2026-01-19 21:00:00.229847+00,119893,Mark Arnold
c1ed093e-4363-4b38-a17c-6c4dee968eee,2026-01-19 19:50:48.244222+00,29068,Ben Cross
c20281b4-44f2-45fd-9ec3-0d859cbbc4bf,2026-01-19 21:05:06.171801+00,93215,Anatoly M. Sagalevitch
c215f4e9-f488-4013-b431-57886d54b49b,2026-01-17 23:05:08.032093+00,31649,Brooke Smith
c216cbeb-e24b-4caa-8a5d-201b96681b6f,2026-01-19 19:56:28.252593+00,1759618,Kate B. O'Brien
c2371cba-a872-4c3e-b8ad-1d5c84d411b0,2026-01-19 20:40:32.669862+00,236302,Dylan Sprayberry
c2affe1f-89b0-420b-a6ae-31a1881ddb50,2026-01-17 23:09:35.21473+00,1509615,Nick Mohammed
c2dbec0d-9ae9-417e-94e0-bc8abfb3e3fd,2026-01-17 22:35:19.14754+00,5534,Patrick Kake
c2facfd7-2d86-481f-ae5a-a9056cb91710,2026-01-19 20:27:15.774259+00,455,Paul Haggis
c30e576b-bc49-4a39-995e-c40fe88c90cd,2026-01-19 21:00:39.344128+00,307885,Alex Knight
c3279a3d-b3d0-4f36-b38d-b953a88fe028,2026-02-06 06:34:32.707167+00,223022,Brandon O'Dell
c32ca5fa-72a3-4158-a0e0-535ccf0a5a62,2026-01-19 20:40:32.669862+00,11831,Mary Black
c33123b7-c2c7-4d30-86b8-680068fadc01,2026-01-19 20:46:24.087546+00,3228,Scott Rosenberg
c33f158d-f1f6-4045-a81e-f989ab866e75,2026-01-19 19:48:15.066607+00,1631708,Raphael Acloque
c355750c-4000-4d2d-9916-0038aae79b9a,2026-01-17 23:10:23.514105+00,1108907,Nick Robinson
c3557ad2-12b5-47f6-869e-3278706d671c,2026-01-17 22:35:19.14754+00,5528,William Moseley
c358d367-e4da-4671-9adc-e3cf5936725d,2026-01-19 20:52:47.996974+00,13101,Ian Roberts
c3843d6b-1a1c-4188-9f9f-0d0226ec7792,2026-02-03 06:55:09.790833+00,2099079,Tom Kagy
c38c01a7-6150-4c01-9d12-efe42883570f,2026-01-28 03:16:06.08029+00,550843,Elizabeth Olsen
c38fc8a8-6d31-4993-a3ca-bc40cbeff3a1,2026-01-19 20:44:32.104937+00,18052,Nathan Gamble
c3b4f278-178a-4fbf-8bcd-ff23ff4d4c9d,2026-01-19 20:46:24.087546+00,2141520,David Jones
c3cefe7e-b7ad-4f7e-bb8f-834ce0613d36,2026-01-17 22:24:38.382171+00,2,Mark Hamill
c3eafd99-ebb9-4f26-baeb-408afa71be0f,2026-01-19 20:22:25.68211+00,957,Matthew Vaughn
c42f7873-c2ee-4c8c-ae6f-b6dfacec4eb9,2026-02-04 03:42:18.031503+00,205213,Edi Patterson
c4503cf9-e488-4053-ac15-3fe108b1af14,2026-01-19 20:16:22.571739+00,11275,Stephen Fry
c45d4672-5f6e-41cf-909d-e586e46f27e1,2026-01-19 21:00:39.344128+00,61568,Edgar Arreola
c480713e-b29c-4e48-a985-f64fa74193fb,2026-01-17 22:30:37.956531+00,41292,Keri Russell
c499905a-6d53-4600-94f6-7b2960e88947,2026-01-19 20:35:27.581284+00,2089987,Faron Salisbury
c4a34169-7c76-4868-9d81-22bdf437955f,2026-02-03 06:55:34.988874+00,58019,Ethan Embry
c4a8eabb-3753-4ee5-b6bb-9b8756c61c7a,2026-01-17 23:22:52.280198+00,3412673,Brittney Rodriguez
c4c3ac1e-3ed1-40a6-8849-895e9d8b140a,2026-01-17 22:37:28.53073+00,1554206,Cristóbal Tapia de Veer
c5047d54-6a2c-47a2-b59e-c48e7fb677aa,2026-01-17 22:26:16.957396+00,151529,Jason Wingreen
c50855b3-09d5-40ed-96ee-52a5ba941bb2,2026-01-19 21:00:39.344128+00,8536,Victor Garber
c51c4e21-f862-494e-b48d-25c839ce9851,2026-01-19 19:52:34.945104+00,1192492,Aisha Hinds
c5283eea-2da6-4930-9cf3-66823231f722,2026-01-17 23:19:57.950471+00,3119213,Eric Jepson
c57a30d3-5fc2-4302-94c4-7ea0c19e3513,2026-01-19 20:53:43.767452+00,201883,Phillipe Simon
c597adf9-4c78-4bfe-a814-4002895845d5,2026-01-17 23:13:02.785122+00,64120,John Matuszak
c5a4a97b-7d04-4cf3-969b-b3f60855f31e,2026-01-17 22:42:40.386287+00,64986,Clare-Hope Ashitey
c5aae6d7-6e56-4449-96b4-66088db0677a,2026-01-17 21:16:52.611237+00,33185,Jeremy Bulloch
c5deebc5-6e09-43cb-a60f-d5270e4b169f,2026-01-17 22:53:05.33733+00,2036,Alex Garland
c5e2fbac-8d92-4dd1-828b-616d1e9b3686,2026-01-19 20:32:23.380717+00,1317450,Tam Williams
c5fc2203-ecd7-46d4-b18c-ff6c295a5fe3,2026-01-25 09:07:02.591375+00,58333,Tom Kemp
c6099bdd-0881-4032-940e-9d5da4b35c0c,2026-01-19 21:01:24.060969+00,1325971,Tom Bloom
c61b6ac4-b561-47cc-92ba-b3e65221a625,2026-01-19 20:04:27.862377+00,155783,Shari Headley
c628b2cf-50c9-4771-945c-061c8bcf7996,2026-02-12 07:07:55.251269+00,64866,Erdman Penner
c6388286-a4a1-4b0a-b387-d6459183b043,2026-01-19 20:35:27.581284+00,5281,Spike Lee
c6464426-7bbe-446c-b67b-79ad1c37e7c0,2026-01-17 23:19:23.274632+00,5656,Noah Baumbach
c65c3f40-196d-4d47-9b38-ced5719f6a0d,2026-01-19 20:24:49.750006+00,1411625,Terence Rosemore
c67f0905-63fe-4ee0-b103-11951d3b5bd1,2026-01-17 22:26:16.957396+00,70772,Kathryn Mullen
c6ad7749-669b-4d8d-8c9b-a93bf6d2dcc6,2026-01-17 22:51:37.67324+00,17052,Topher Grace
c6db1ec1-f05c-4a12-a594-b513237c3d38,2026-01-17 23:20:45.418369+00,1982,Ajay Naidu
c6f678b7-a505-44c9-87ae-4b8ec66c40d6,2026-01-17 21:00:24.465906+00,1826025,John W. Harden
c717aab2-5e6c-4081-8476-6853034d229e,2026-01-19 20:12:17.102861+00,1266862,Mahat M. Ali
c72d5bba-2ec7-4cea-9278-cbda3fe70a1f,2026-01-17 23:19:57.950471+00,1105322,Whitmer Thomas
c7371655-3f16-4641-b65e-6580dad4bd94,2026-01-17 23:17:23.981754+00,6906,Lee Tergesen
c7376193-1448-4cc1-8f8d-af89e9938284,2026-01-17 23:24:46.157888+00,1271781,Phillip Chorba
c7541dee-1f37-46aa-8bc7-662b12336c87,2026-01-25 22:57:22.603952+00,141034,Billy Magnussen
c75ba297-7fea-4631-954e-377bc8ab5a40,2026-01-17 20:50:09.746171+00,19119,Mélanie Laurent
c75c8228-ce58-4cc5-ad82-83beae372194,2026-02-04 06:28:36.488135+00,74949,Joel McHale
c7856e9f-44dd-4221-abca-9fddb8cb4185,2026-01-17 22:56:45.081716+00,1733,Nick Nolte
c7acb053-10d0-4b96-9625-35b26b31d8ea,2026-02-04 06:28:36.488135+00,1071607,Walter Murphy
c7be2f3b-dbe0-4c7e-b14c-5aa5e7755a14,2026-01-17 23:25:25.787696+00,16856,Gabriel Macht
c7e83842-9265-4b3c-97c5-8c08bd78ad10,2026-01-19 20:09:33.245912+00,74302,Cory Hardrict
c8123370-f827-4c80-9e68-4bc5ee1cc9ac,2026-01-17 22:59:29.352628+00,5907,Mark Korven
c823eb6a-2463-4e3e-abb0-c64c3504d355,2026-01-28 06:09:46.680089+00,5216,Gus Van Sant
c82a877d-f712-4d59-874b-57e876f1a7e6,2026-01-25 21:09:24.781349+00,1419705,Park Jae-wook
c835b575-7043-42e9-9402-2f3d7638a9b4,2026-01-19 19:47:09.453096+00,1192564,David Peart
c842eab2-1c80-4ddb-9abd-4e52016629fb,2026-02-03 06:57:09.900217+00,3318104,Anna A. Louizos
c85610b8-383b-4776-8063-d3eb70bd2dfe,2026-02-03 07:03:14.925674+00,1324443,Mike Moh
c86bde9f-e344-4b54-a571-0b81500ee119,2026-01-19 20:44:32.104937+00,6383,Aaron Eckhart
c8819062-3c90-42df-ac98-32a22b7a722a,2026-02-03 06:53:39.184287+00,40651,Charles Cork
c88b243e-78d1-4503-a1f4-654e2d3a3f4a,2026-01-19 20:07:54.108456+00,1279,Peter Aylward
c88c5210-781f-4a58-bbee-0fbabfcb5c8c,2026-01-19 20:44:32.104937+00,34544,Joshua Harto
c89da9d9-453e-408e-8875-dbc4b2d6f974,2026-02-03 07:00:44.192947+00,1026218,Jesse Bostick
c8a8a9ab-8d47-4b9e-8d3b-c358f57500e7,2026-01-17 23:01:33.438696+00,1221073,Will Merrick
c8c3620b-8a08-4e26-898e-cdbde48a48c6,2026-01-17 22:31:43.771631+00,1672504,Erin Kellyman
c8e56a17-29f8-4127-91bd-8c99aa28eebb,2026-02-03 06:54:23.759182+00,20897,Bruce Broughton
c8f46fb5-8864-41bd-85ed-23605571a60d,2026-02-03 07:00:10.287557+00,4114,Sydney Greenstreet
c8fcb326-c5f7-4c8f-9f91-833392b8e141,2026-01-17 22:59:29.352628+00,1805890,Rebecca Hope Terry
c90604a2-3cbe-4de2-ac09-4335bf086fe1,2026-02-03 07:02:57.923828+00,170376,James Shanklin
c91eb7d9-a7fa-4274-8a09-5e8aaea0a410,2026-01-17 20:52:07.23447+00,78428,Justin Marks
c9291213-b36f-4fb0-aac6-bfda2ef72185,2026-01-17 22:33:34.122707+00,83854,David Dastmalchian
c9555e0d-228e-4b0a-99a5-85366e8923bb,2026-01-19 07:55:07.374835+00,3092,Diane Keaton
c95bb240-7d5f-4a99-a261-8a8fd91bb321,2026-02-03 07:00:33.374034+00,9880,Sam Shepard
c95f9115-8d48-4126-9946-212728fb62dd,2026-01-17 23:10:23.514105+00,17181,Ty Simpkins
c96916d8-47c7-4c61-866f-6dd9c8f92f2c,2026-01-17 22:24:38.382171+00,12248,Alec Guinness
c9934212-880b-4766-8a03-a153558d6cac,2026-01-19 19:50:48.244222+00,1920,Winona Ryder
c9a29497-c573-4d9f-9d80-5204efdf712d,2026-01-19 07:55:07.374835+00,3096,John Cazale
c9a3443c-9117-4209-be04-7933c51fed79,2026-01-17 21:15:08.292248+00,2231,Samuel L. Jackson
c9ad9a66-f276-4d53-9dac-caa7a2c67230,2026-01-19 20:37:45.151048+00,9015,Kelly Macdonald
c9d1b014-4582-4b04-99a4-c486ad9ae38e,2026-02-03 06:56:59.749831+00,1457238,Sonoya Mizuno
c9e856b1-f8b0-4e94-8f65-3f0b975d1c0c,2026-01-17 22:32:33.613381+00,195666,Sharon Duncan-Brewster
c9ea9cb9-9474-4c8a-b15d-0f8ef6905b51,2026-01-19 20:42:24.616538+00,4030,Martin Klebba
c9fa457d-a6ba-4603-a284-67dda6150e1e,2026-01-19 20:31:33.93137+00,11045,Ola Rapace
ca0695eb-340e-4ccd-b8a6-286674603150,2026-01-19 20:40:32.669862+00,2882,Diane Lane
ca120701-b730-4417-9c18-485df1e0a106,2026-01-19 19:48:15.066607+00,7742,Kristoffer Joner
ca14fe2e-24e4-4458-b6bc-d0a8f02e266c,2026-01-17 23:12:17.50611+00,1639848,Mamoudou Athie
ca1e23f2-b2f2-4857-b08c-a269e7deeaf6,2026-01-28 04:23:18.309315+00,39816,Ed Begley
ca2396a1-d8b9-45ac-a482-bcf9405e98f8,2026-01-19 02:24:59.225425+00,37,Alan Silvestri
ca2b71a8-00d4-4337-9a90-cd7f1d419572,2026-01-17 22:58:32.765261+00,1077235,Carol Florence
ca454c19-8e71-4330-9aa2-c3e7931d0407,2026-01-28 04:23:18.309315+00,5247,John Fiedler
ca4f4bd7-4faf-4ce0-83ef-a9eb0186e300,2026-01-19 07:55:07.374835+00,3087,Robert Duvall
ca6a03b7-a60c-473a-a7c3-22c8d654954a,2026-01-19 20:06:14.816718+00,935,Connie Nielsen
ca9456fa-43b3-4407-a87e-27bf863d1ed4,2026-02-12 07:07:55.251269+00,64871,Barbara Luddy
ca9f2bac-5b45-4163-a0fe-c0bd31f82deb,2026-01-17 22:42:40.386287+00,58588,Timothy J. Sexton
caa27bd1-d84c-437a-9760-c4c5f6109690,2026-01-19 20:53:43.767452+00,1386351,Ken Daly
caa7d510-722a-447d-9459-2ad1b698bdb9,2026-01-17 22:50:50.122456+00,530,Carrie-Anne Moss
caae1a07-c943-4c21-976a-8330cf5572da,2026-01-17 23:10:23.514105+00,73457,Chris Pratt
cab89395-a234-463d-97b7-aa6b6bffa703,2026-01-17 22:45:45.716092+00,73421,Joaquin Phoenix
cabc6b7d-0aad-4d89-9604-1a6a79a87112,2026-01-17 22:50:05.222332+00,83445,Jason William Day
caccdfc0-1007-4b6c-8c11-50758dea4d3f,2026-01-19 20:53:43.767452+00,4808,Giancarlo Esposito
cad3293e-d01d-45b8-8bc6-059f1e3db913,2026-01-19 20:01:35.925296+00,7090,Kelsey Grammer
cad53311-bd39-4167-bb4a-3632bbb6cfc7,2026-02-03 06:56:26.157503+00,1173088,Bill Stevenson
cadda832-c3f9-4484-b7f6-2e0fc1dce706,2026-01-19 20:50:27.706889+00,1318201,Jared Bush
caf0bd65-420c-4505-b994-7bd4da968a14,2026-01-19 20:07:54.108456+00,1273,Jack Kehoe
cb2221ea-dcf0-4fb5-812a-289c2225efc2,2026-01-19 20:03:20.643674+00,141610,Luna Lauren Vélez
cb31250b-14fb-4fd7-b524-8ec041b6d5f9,2026-01-19 20:03:20.643674+00,22970,Peter Dinklage
cb48a796-7a36-4498-be79-5c0375bb0b43,2026-01-19 19:57:52.038557+00,21710,Michael O'Neill
cb5fba77-918c-4f9b-bfba-dcc13e0415de,2026-01-17 23:06:38.627612+00,1581,Mary McDonnell
cb64d603-69ad-4b6f-9c03-97c918128168,2026-01-17 23:17:23.981754+00,107368,Daniel Beer
cb88c955-3228-477c-a604-eb23b1e84d4b,2026-01-22 05:17:53.061178+00,55089,Evan Peters
cb8ae65d-e0d9-460e-946a-8f2dd2321d5c,2026-02-03 07:00:10.287557+00,4109,Michael Curtiz
cb94e0cf-7729-4364-a6c0-a0f972ec68ad,2026-01-19 20:48:33.234012+00,2600,Mathabo Pieterson
cba2d94d-24a7-4079-b372-23b05209da6f,2026-02-03 06:54:08.464148+00,1451545,C.J. Vana
cbd14e4f-1d77-4859-9654-296d03d9d9eb,2026-01-19 20:15:31.141157+00,126,Fran Walsh
cbde7372-1d11-4279-9d6e-1ef49386a70a,2026-01-17 22:37:28.53073+00,159657,Judy Reyes
cbf2a7e3-fc81-4892-847b-1c81e28ac802,2026-01-18 00:41:25.966535+00,37207,Angel David
cbf7dd4a-0564-4283-a663-f5cee74653db,2026-01-19 20:09:33.245912+00,1530518,Cole Konis
cc18d59b-db19-4aba-a9a0-284e1d0adaf8,2026-02-03 06:57:18.430254+00,1521874,Laura Lundy Wheale
cc381b1b-5df2-42d7-afa8-603516e8e39a,2026-02-04 03:42:18.031503+00,133,Peter Sarsgaard
cc3b5dc3-0343-4ff6-b0b3-49ffdf17b0cc,2026-02-12 07:07:55.251269+00,64870,Peggy Lee
cc462c8b-4c70-4904-bb65-c33d22c9212a,2026-02-03 07:02:57.923828+00,12538,Nick Searcy
cc571cea-7165-469a-8f28-8beaa5ca7a8f,2026-01-19 20:43:25.604568+00,191751,Dermot Keaney
cc648aeb-0352-4585-9408-2c0f43e3a926,2026-01-25 09:07:02.591375+00,1181562,Raymond Anthony Thomas
cc6bb8de-edc5-4535-8a93-0423bc692dcc,2026-02-03 06:59:54.97064+00,16970,Ivana Baquero
cc764da9-f7c8-4b83-89ea-f123c67f5f90,2026-02-13 05:51:24.87582+00,1733285,Coco Leigh
cc933952-06f7-44e8-87da-9bfb06e4c197,2026-02-04 06:28:36.488135+00,52139,Seth MacFarlane
cc9eb8c0-d5c9-465b-843b-e0c147471bdf,2026-01-17 22:56:45.081716+00,62862,Danny McBride
cca29109-d934-4bd8-b075-05bc9db51ff2,2026-01-19 20:06:14.816718+00,194,Richard Harris
cca3d786-a8f4-4feb-a8c6-a31164eaf6e9,2026-01-17 23:13:02.785122+00,7187,Richard Donner
cccc9e51-6ae6-4f55-b658-ef40fdc382e7,2026-02-04 06:28:36.488135+00,43286,Laura Vandervoort
ccee47db-980c-4904-b425-850bbff0eb7f,2026-01-17 22:53:05.33733+00,2961808,Aaron Mackenzie
cd12fc80-d586-47ac-8a7d-252d07bf2026,2026-02-12 07:07:55.251269+00,67230,Bill Thompson
cd369c21-fe6f-4515-b1ae-d79513e92426,2026-01-17 22:58:32.765261+00,1271,Andy Garcia
cd4db4e4-d09e-4bd7-8bf7-7bdf566b135c,2026-01-17 22:56:45.081716+00,10297,Matthew McConaughey
cd91eb06-ee61-4a01-8ee7-04687b3c2f96,2026-01-17 22:40:30.733784+00,1184606,Bus Riley
cdbf7525-1d91-4021-a76c-36ffd143fdd5,2026-02-06 06:34:32.707167+00,86034,Julianne Nicholson
cdc21311-8d25-444e-802c-31748a034eb7,2026-01-19 20:02:24.1983+00,34065,Santiago Cabrera
cdc5186a-38b0-4b43-aa1b-39bc374e847e,2026-01-19 20:45:22.505512+00,7884,Daniel Gerson
cdc69263-116d-46b8-b7f8-5078a237b12b,2026-02-03 06:55:09.790833+00,10128,William Lee Scott
cddaa08c-ff21-462d-bd32-dd15b560641b,2026-02-04 03:42:18.031503+00,1616241,Emil Nygaard Albertsen
ce2449e6-170b-46c9-8794-6ca76361652a,2026-01-19 21:05:06.171801+00,3713,Frances Fisher
ce2c5d7a-b85e-4db7-9274-b86dad6d54b8,2026-01-17 22:40:30.733784+00,1208823,Colin Stetson
ce2ef216-e944-4f74-9847-a0c1d5cc8258,2026-01-19 21:03:35.600447+00,9279,Nancy Lenehan
ce3d3ace-83b7-4b40-b778-64bd66948da0,2026-01-19 20:13:49.671069+00,53650,Anthony Mackie
ce45c807-2779-4682-9af1-cb8ddc53e429,2026-01-19 20:56:41.401173+00,7036,Eric Stoltz
ce6fe876-6289-4b46-ae41-7b72ef7b0693,2026-01-19 20:33:50.495522+00,239271,Jeremy Strong
ce7433e5-4144-4862-9fb9-4fd97c838de8,2026-01-17 22:28:40.767608+00,36666,Pip Torrens
ce751ecc-fbf3-4ca3-9409-0cd6500f9307,2026-01-17 22:37:28.53073+00,1281250,Rob Morgan
ce7759bc-6d97-402a-ba84-da3cbec26a4a,2026-01-17 22:50:05.222332+00,1298187,Vanessa Walsh
ce853c19-d737-4cbe-9f81-492b2d91ab3d,2026-01-17 23:26:43.350319+00,61327,Larry Sloman
cec4a4fe-ddaa-487d-ab13-383a19d419e6,2026-01-17 23:18:02.01673+00,136906,Marc Clement
cee3565e-7406-4140-830f-0665d0cf1dc9,2026-01-17 22:45:45.716092+00,1233,Philip Seymour Hoffman
ceee95f0-2a05-42bf-81fd-864a8ccfcdbf,2026-01-19 20:50:27.706889+00,1223634,Nancy Kruse
cefbd5e8-9252-460f-bac0-d6366ec4e10e,2026-01-17 22:56:45.081716+00,2219,Tobey Maguire
cf0b3866-1ced-4ef9-ac9c-b456ebf9a9fb,2026-01-17 23:26:43.350319+00,129561,Josh Safdie
cf11e75a-f881-4a68-a843-5244ff99ab16,2026-02-03 06:55:34.988874+00,1634328,Olivia Hamilton
cf1de173-a781-49b9-b8cc-f45b3805cba3,2026-02-03 06:59:36.275135+00,1578232,John F. Barmon Jr.
cf4b766e-f936-41c3-bef5-f1b3ca128d92,2026-02-03 06:59:06.475854+00,1736,James Remar
cf5c1ade-dcee-426e-be5c-b8295f3e7ecc,2026-01-19 20:09:33.245912+00,1502954,Kevin Lacz
cf5e2c1c-14da-454a-a7e4-a3f01132eaa0,2026-01-17 23:16:27.745856+00,74438,Robert Boulter
cf7c49f6-6ebe-44e2-80c0-66913c9c303d,2026-01-19 20:10:28.342928+00,209819,Pat Kiely
cfd40b03-69ac-4b84-bd0b-1089211851d2,2026-02-03 06:56:59.749831+00,1123299,Amiée Conn
cff19bf0-5789-4a9c-91db-925230c0665c,2026-01-19 20:30:21.715385+00,8789,Mathieu Amalric
d0726b94-3b33-43e4-95db-e104b5baad97,2026-01-17 23:25:25.787696+00,1984,Kimberly Scott
d072cf28-780f-4eae-8959-38fc4e158270,2026-01-19 20:07:54.108456+00,1259,Ennio Morricone
d0ac9105-d77a-4e23-a2eb-940c481b9e5b,2026-01-17 22:47:11.909102+00,933238,Rebecca Ferguson
d0b9055f-63b8-4961-a73e-16a987383e68,2026-01-17 22:46:25.239342+00,90325,Luca Calvani
d0c5b9e3-ae73-45e1-a2e0-defc9e2817e1,2026-01-19 21:11:22.959573+00,1295509,Carey Van Driest
d0effaca-13e2-4d4f-9328-1a7e79777ec7,2026-01-19 20:47:10.545294+00,1656966,Scroobius Pip
d11b2156-a34b-44bc-835a-ad4ab15b0d36,2026-01-17 22:40:30.733784+00,1969994,Mallory Bechtel
d13c8270-9fde-4d96-9b3a-85fbc4f0081b,2026-01-19 20:47:50.65056+00,1861573,Clark Backo
d1543cab-f750-4bb0-b57d-696fb258d218,2026-01-17 20:52:07.23447+00,65717,Jon Hamm
d16016dc-2800-4b68-8a51-629e5997aaff,2026-02-03 06:56:38.758462+00,4003,Christine Ebersole
d19126f7-3ec1-4b59-967c-28aabd182d9f,2026-01-18 01:03:45.515954+00,13333,Vanessa Redgrave
d1924e84-7cfa-4b29-8b16-94507a546171,2026-01-19 21:00:00.229847+00,583,Hampton Fancher
d196f275-9aa0-4227-9355-137e4ff500ac,2026-02-03 06:56:26.157503+00,83465,Gale Gordon
d1a38b1a-11a5-40b2-a273-de2884e87681,2026-01-17 22:51:37.67324+00,1274528,Anesha Bailey
d1a58056-62b1-4276-8e9a-b887badac599,2026-01-19 21:05:06.171801+00,8538,Lewis Abernathy
d1a586e4-59fc-427e-8583-1942edb9cbdd,2026-01-19 20:56:41.401173+00,99,Amanda Plummer
d1bd7ac8-d1c0-40cc-b709-75ccd942a439,2026-01-19 20:42:24.616538+00,1227685,Nej Adamson
d1bedfa7-872f-4efb-ac6e-419e6fec7f83,2026-01-17 23:24:13.433653+00,52418,David Kriegel
d1c27272-6ae7-46c7-a6d8-a4521548e93f,2026-01-17 21:15:08.292248+00,33182,Jay Laga'aia
d1c6557c-c30b-480f-88ba-6a129b59a1ad,2026-01-19 20:31:33.93137+00,100242,Elize du Toit
d1ca6770-d331-4718-bd25-e38591d72d9f,2026-01-17 23:26:43.350319+00,4402301,Pico Iyer
d1cb097a-ab4f-4134-ba00-2b52adec4e2d,2026-02-08 09:39:00.152385+00,96066,Liam Hemsworth
d1da0ed4-5ad6-4558-9adc-18f951fc2054,2026-02-03 07:00:10.287557+00,4508,Howard Koch
d1f8659a-04f4-456b-a74f-5f689891cc52,2026-01-17 23:26:43.350319+00,1041440,Emory Cohen
d1fe20b3-bbc4-48c7-b4a1-e9ab97e29b34,2026-01-18 01:03:45.515954+00,9217,Lalo Schifrin
d1fe86e3-b172-43a0-ae8d-aab6abf3bd58,2026-01-19 20:04:27.862377+00,57328,Barry W. Blaustein
d209a59b-16d2-44fc-83ba-ee8a95ca018a,2026-01-17 22:58:32.765261+00,2630296,Jorge R. Hernandez
d20c95cc-3bf9-4837-bddc-03a2a384593a,2026-02-03 06:57:18.430254+00,1680287,Jane Gabbert
d20e3ee9-49f4-4ef5-8d8c-3e6ca93e39de,2026-01-18 00:41:25.966535+00,34839,Kevin Gage
d212eb12-8dfc-4032-ac54-15d148bf7d62,2026-02-06 06:34:32.707167+00,47283,Steven Rogers
d22664dd-fdb1-4477-b8c8-2b91d931b38d,2026-01-17 22:53:05.33733+00,1563169,Henry Zaga
d22db37a-161f-4caf-a820-82713dbb7978,2026-01-19 20:59:03.126627+00,54815,Steven Strait
d2311b7a-fb9c-421e-95a9-2f06e7fbfaf9,2026-02-03 07:00:10.287557+00,2666,Philip G. Epstein
d240a233-a6ce-4e15-b9a7-9372aa9deffe,2026-01-17 23:16:27.745856+00,209994,Heather Craney
d25c3813-336c-4c9e-9a85-91c8bbf9fd7b,2026-01-17 21:15:08.292248+00,113,Christopher Lee
d273db06-edc9-4ab9-ac5b-d854c049b5b4,2026-01-19 21:07:51.9608+00,79025,Don McManus
d27e0573-e1d2-4e7b-885d-eedf03507575,2026-01-19 20:24:49.750006+00,61263,Skyler Gisondo
d28e737f-6a7e-4a43-b307-8bb98435f293,2026-01-19 20:58:13.667013+00,67758,Michael Chabon
d29e4f84-fb57-4196-970d-9ed7dde1ad26,2026-01-17 23:12:17.50611+00,1791508,Freya Parker
d2b16e55-8949-4326-97ce-12b0764c388d,2026-01-19 20:02:24.1983+00,165441,Liam Garrigan
d2d13857-7486-46df-b5fd-9eacf94f2f6d,2026-02-03 06:53:39.184287+00,1221763,Sorcha Cusack
d2ddaa8d-6bc9-45d9-8b9e-b06ec407bb5d,2026-01-17 23:18:39.447854+00,1674112,Rod Sell
d31dc018-8be9-481a-8b59-a30f9802a3d9,2026-01-17 23:18:39.447854+00,1540,Robin Duke
d31f4b19-f9a1-4cf7-8683-6eb95b4a2da5,2026-01-18 01:13:49.934221+00,15341,Cristina Brogeras
d3243664-82e7-4b7e-8bb8-421f55654bc3,2026-01-17 22:56:45.081716+00,61835,Trieu Tran
d324a7e7-5940-4edc-b4e5-6f0db68f45ed,2026-02-03 06:58:49.243874+00,1363367,C.J. Wilson
d325db40-c48b-41c7-8620-6bc588b52027,2026-01-18 01:01:14.104724+00,35159,Laraine Newman
d32726f2-e754-485e-99b7-0242ed86607c,2026-01-31 19:56:20.767461+00,134774,Wunmi Mosaku
d3351c79-c3c2-429f-bcab-dbabae70ec82,2026-01-17 22:36:15.382506+00,987739,Al Kaplon
d34c6d61-a851-453a-87c2-b87e625c2c85,2026-01-18 01:22:42.065357+00,1691598,Ales Putik
d357b3c8-6fc3-4ef4-b6cb-05bfdc89713a,2026-01-19 07:55:07.374835+00,3091,Al Lettieri
d35b8f7d-a790-4302-87fd-3aed55c00cfc,2026-01-19 20:39:28.61908+00,3896428,Nicholas Francett
d35cc11f-7088-4cf9-a93f-c1badb70f9eb,2026-01-17 23:17:23.981754+00,11890,Chris Pedersen
d35f75c1-ffb5-4cd6-87ff-658750c4793b,2026-01-19 20:26:22.060362+00,2550161,Bad Bunny
d3672b0c-4d06-481c-bbdb-c9ed683c8be6,2026-02-03 06:58:34.533714+00,3773494,Kiyoshi Yanagawa
d38a3b24-4714-48db-b1bc-222e6933ef17,2026-02-03 01:23:53.163956+00,206724,Justin Edwards
d394ab40-4a52-4714-bbcb-a87e475ba212,2026-01-19 20:36:11.709119+00,27764,Steven Waddington
d3be8825-e449-44b9-bb8d-bfdc99966b80,2026-01-25 21:05:20.600853+00,62908,Clinton Shorter
d3cda749-2099-4db9-928a-7c9b862f638b,2026-01-19 20:57:24.797871+00,7623,Sam Raimi
d3d4bcfd-ce92-42f9-991e-7c91b73e2f50,2026-01-17 22:26:16.957396+00,20128,Clive Revill
d3d8129b-7e97-48b9-a690-e617efe37f31,2026-01-17 23:17:23.981754+00,2710,James Cameron
d3dc0ea6-864c-4c18-bd91-fb2d4c14e45c,2026-01-17 20:52:07.23447+00,996701,Miles Teller
d40cb031-d031-45de-b2aa-13032ce8256b,2026-01-17 22:24:38.382171+00,162432,Jack Klaff
d40f1700-bdf0-4c20-aaab-51f48145008e,2026-01-28 04:23:18.309315+00,4958,Henry Fonda
d4264929-99bb-46ee-bbe0-8b45f9ee14fb,2026-01-19 20:04:27.862377+00,4693,Paul Bates
d42ccf87-0b1b-4feb-8202-e1aee7e41374,2026-01-19 20:50:27.706889+00,1223658,Raymond S. Persi
d441f1f6-d4fa-4268-b9f7-544400fcfacd,2026-01-22 05:17:53.061178+00,985212,Kara Swisher
d4611559-47e0-4aed-9793-18c6945ecb66,2026-01-18 00:41:25.966535+00,37204,David Warshofsky
d49683ac-bfef-4e39-9e8b-b21c857e58fe,2026-01-19 20:20:03.323792+00,173431,Bruce Allpress
d4a7f4e3-d21b-452b-b7c4-58cc4ca86464,2026-01-17 20:58:40.883175+00,3238042,Alexander John
d4c4dac2-25af-47b9-a169-7e6c61b63727,2026-01-19 20:10:28.342928+00,72873,Michael Stuhlbarg
d4d4fdae-c1c3-48fc-ab9d-6d6e67f67c29,2026-01-17 22:46:25.239342+00,27151,Jeff Kleeman
d4e791b7-a78f-4fe3-afe8-8941852cb8ce,2026-01-17 22:27:32.161838+00,17484,Dermot Crowley
d4f0ea7f-b325-4a1a-bb3e-d5357551b9f1,2026-02-03 07:01:08.804847+00,76475,László Áron
d4feb5ae-0505-4d02-904a-76c4c5d26ed1,2026-01-28 04:23:33.561869+00,102096,Antonio Molino Rojo
d50536e8-38ab-4c69-bb01-80fe43563b2c,2026-02-03 07:00:10.287557+00,4113,Claude Rains
d54e060c-c2a7-4402-899e-8199874e3132,2026-01-19 20:02:24.1983+00,1428070,Isabela Merced
d581e2ef-9eea-4cce-b5aa-0130de1004ec,2026-01-17 23:21:23.844244+00,2590111,Christin Park
d5840edb-e843-44da-abec-c147664e2bc0,2026-01-19 20:07:54.108456+00,1886575,Sean Grennan
d5a649b4-bd0d-4ff6-b910-1810eb6846ce,2026-01-17 23:14:38.348517+00,253,Douglas Rain
d5a76812-e0cb-4309-988b-2a6127cef471,2026-01-19 20:47:50.65056+00,3106475,Dash McCloud
d5adff86-c50c-4507-8ccb-b3bc42ba2a23,2026-01-19 21:02:49.094684+00,2028037,Tramell Tillman
d5b808ae-81ec-4e62-89ef-9e912fd609e6,2026-01-19 21:11:22.959573+00,2248122,Matt Lewis
d5c38a18-d34a-4949-8a9b-9b9b087b3ec9,2026-02-03 06:56:38.758462+00,139309,Mary Elizabeth Ellis
d5d0df30-7794-4080-9b70-92c06ee280bf,2026-01-19 21:04:21.834691+00,8654,Matthew Modine
d60c6dc9-e52c-47ee-a98e-8bf0bd0d7f27,2026-01-17 23:10:23.514105+00,116278,Brian Tee
d6150824-f4b7-4c65-aac7-1f3bed78614d,2026-01-18 03:05:04.679854+00,17647,Michelle Rodriguez
d6267a2e-127d-48ff-bb0a-3d31855cebc8,2026-01-17 23:08:53.869289+00,1452481,Liam Dickinson
d6947916-76dc-42ed-8700-b40518f8c8b4,2026-01-19 20:08:50.340044+00,1117,Dennis Farina
d6a0c084-ad02-41e8-8c5e-8363009be8b0,2026-01-19 20:15:31.141157+00,30315,Richard Armitage
d6a2aa89-1424-49fa-978d-721a4a6a5ce7,2026-01-19 19:56:28.252593+00,81462,Dendrie Taylor
d6c446c0-eff2-4726-b0e3-9d1b5c2ad124,2026-02-06 06:34:32.707167+00,2108918,Mea Allen
d6c62c93-0ed3-457d-8d7a-0da38a65b4ce,2026-01-17 23:08:53.869289+00,1813,Anne Hathaway
d6d2804f-e845-4818-8bfd-bc781b8c93ad,2026-01-31 19:56:20.767461+00,5380369,Helena Hu
d6d431cf-7d5c-45c9-99b6-4b9c47836086,2026-01-19 20:46:24.087546+00,2068598,Kurt Yue
d6d44b4d-b819-4237-a19c-5a0ce9a8f685,2026-01-19 20:11:19.287269+00,2282,Ben Kingsley
d6d642d5-775a-4acb-a296-7abdd34fc77a,2026-02-03 06:56:26.157503+00,18708,Courtney Gains
d70af74a-7707-4d8e-857a-99d45f838a6d,2026-02-03 06:59:54.97064+00,17004,Javier Navarrete
d70c47d2-70d5-44ac-b9f2-01763fcde11a,2026-01-19 20:42:24.616538+00,2440,Bill Nighy
d7256eda-6693-4e65-ac81-0546415e2498,2026-01-19 20:00:54.469233+00,18352,Patrick Dempsey
d7290df0-48c1-4009-a131-1ada048a6d2f,2026-01-19 20:45:22.505512+00,52792,Maya Rudolph
d7343b93-cac8-4044-b91e-9a78b02e2ead,2026-01-17 22:41:47.888868+00,27972,Josh Hutcherson
d7375a96-6d83-4fee-9784-d2b0d2f90dec,2026-01-21 05:45:56.025826+00,3171,Lee Strasberg
d7473248-f24d-4da7-94f4-567420402e6b,2026-01-17 20:52:07.23447+00,947,Hans Zimmer
d749f725-cb7f-43b6-8f31-0b4a391b2879,2026-01-29 05:37:22.221296+00,997822,Art Burke
d74ae183-f467-4960-a4fa-0e7489f44d3b,2026-02-13 05:52:58.243454+00,10989,Rupert Grint
d74aff3d-dc19-4553-bb91-37fb1cf0580b,2026-01-28 06:09:46.680089+00,6614,Cole Hauser
d74b2375-4de4-4983-8515-c3e1a51c62ec,2026-01-19 20:50:27.706889+00,34521,Maurice LaMarche
d74f5f4e-0f1f-49b8-a17d-ca755fe6ad6c,2026-01-19 20:45:22.505512+00,82093,Daniel Henney
d76d2a7d-850e-4e7a-9135-51a73fb6afc2,2026-01-19 20:41:20.99353+00,1707,Stuart Beattie
d7984f24-efe4-400b-b611-247b9fc23923,2026-01-19 19:58:49.575969+00,12797,Glenn Morshower
d798a076-d2e3-4f6a-be47-b7fbcc5bc54b,2026-02-03 07:02:02.406531+00,71586,Alfie Allen
d7abcd8d-ea83-4fbd-9f61-666d18e71a26,2026-01-17 23:25:25.787696+00,18364,George Segal
d7ed1037-8604-47a9-ae22-c4d4612a76ff,2026-02-03 07:01:08.804847+00,1037718,Béla Fesztbaum
d7fd85e2-0251-4c9a-a2c8-351c194b3ace,2026-01-17 22:35:19.14754+00,5538,Ray Winstone
d7fe0e63-65aa-4783-b9af-d70895ccb9f3,2026-01-17 22:33:34.122707+00,6832,Melissa Leo
d8162829-744a-487d-8a24-6a55a580346b,2026-02-13 05:51:24.87582+00,8214,Barry Del Sherman
d82a07d4-64e8-4bf4-924c-fbdc6b034646,2026-01-18 01:22:42.065357+00,124961,Goran Navojec
d83ce832-780f-45ea-bfc6-b014a7277325,2026-01-19 20:22:25.68211+00,1709,Jack Davenport
d83dc645-e097-4265-b831-0b988d0f749e,2026-02-03 06:54:23.759182+00,19143,Jason Priestley
d8586c4a-34a2-486a-989d-0b563c800459,2026-02-06 06:34:32.707167+00,1046665,Joshua Mikel
d8741003-c2c8-434a-9ab1-6456f297fd24,2026-02-03 06:57:39.669237+00,11288,Robert Pattinson
d8e719ea-e16c-4b0c-b09b-5f573bb6145c,2026-01-19 20:41:20.99353+00,1711,Mackenzie Crook
d8eb238e-adc7-4732-93dc-4e4d67f2ee69,2026-01-19 20:13:49.671069+00,343,Taryn Manning
d8fa5ea6-fe45-456e-a57d-b19d962f2ef2,2026-01-17 22:51:37.67324+00,591210,Carolyn Adair
d901639e-0f03-454a-9638-849aae3de514,2026-02-04 06:28:36.488135+00,1224494,Wellesley Wild
d914547b-c2b5-44d3-a7f7-c6016be2c58a,2026-01-17 22:50:05.222332+00,4785366,Trey Helten
d9293b6f-e6a2-4edd-a768-39ca1601c564,2026-01-17 22:51:37.67324+00,1906594,Stephanie Lavigne
d92d96bf-852d-4955-98b3-6d4b01c8c84e,2026-01-17 23:18:02.01673+00,136907,Andrew Winton
d95288ef-a2f5-4953-9c30-ab789e6912fe,2026-01-19 20:34:35.85263+00,14354,Stefan Zweig
d957609a-6aeb-4a85-a502-22b3faba500e,2026-01-19 20:10:28.342928+00,1646448,Jadyn Malone
d960bf55-5467-49a5-a0b6-c5f404dcb2b0,2026-02-03 06:54:23.759182+00,16431,Sam Elliott
d9836cc1-859e-4c31-9b70-eaa3e40f43be,2026-02-03 07:02:57.923828+00,1146390,Reed Thompson
d9943653-f1fb-4480-9b38-0e1d066b9df6,2026-01-17 22:52:22.775658+00,7472,Richmond Arquette
d9c307d1-12fd-4390-b6ed-00d6e9184e08,2026-01-17 23:26:09.781518+00,40900,Mark Rylance
d9d14c07-7156-4830-8c8d-ac2c03e3fe6f,2026-01-17 23:08:10.282741+00,652,Paul Freeman
d9dd5abe-855f-431c-aeff-eddb74af7ff9,2026-01-17 23:18:02.01673+00,4520,William Forsythe
d9ed1d7c-670b-4759-abee-c8c87cdb57ee,2026-01-17 20:52:07.23447+00,26495,Jean Louisa Kelly
d9ff9f70-9d63-4200-a294-26b770fa6f64,2026-01-19 19:54:23.60346+00,58353,Tammi Cubilette
da0c6d16-fe09-4434-a029-e7cc0176aeb6,2026-01-19 20:37:45.151048+00,1194944,Gene Jones
da1fcb77-f391-407c-999e-cf2690832e5d,2026-01-22 05:17:53.061178+00,1457999,Arturo Castro
da203a24-8fec-4652-955d-c2e6c1124e3d,2026-01-18 01:01:14.104724+00,214701,Sherry Lynn
da2d6969-81d4-4515-809c-c4a1c60bd832,2026-02-03 06:55:34.988874+00,45423,Kris Swanberg
da35e949-ddb9-4872-9b56-df43b3e08e9e,2026-01-17 22:53:05.33733+00,3608245,Ray Mendoza
da3efcb8-f478-4495-be68-1cbf0e60b288,2026-02-03 06:58:34.533714+00,628,Isao Takahata
da5d6ad9-4e11-459f-9a84-78d189a3758b,2026-02-03 06:56:12.237051+00,155825,Dennis Cockrum
da741bc1-74b4-4073-8679-f3dc9dc8f71a,2026-01-18 00:41:25.966535+00,8265,John Michael Higgins
da868206-20ef-4784-afe8-6a4201ba1fb9,2026-02-03 01:23:53.163956+00,512991,Richard Madden
da901854-b1ac-41b2-98b5-dc03f72cb8d2,2026-01-17 23:18:02.01673+00,136905,Reid Binion
da9a6930-0f22-4884-afd3-82cd5912dd30,2026-01-19 20:51:49.257029+00,1212522,Matt Shakman
daa7a4e8-fbba-41b7-8fca-73833067e324,2026-01-17 23:08:10.282741+00,488,Steven Spielberg
dabb5d71-bfc1-4791-80d7-e332fb9b9cb9,2026-01-19 20:01:35.925296+00,109432,Li Bingbing
dad10e4c-8f08-40e4-8642-1522af921ef8,2026-02-13 05:51:24.87582+00,11856,Daniel Day-Lewis
dad13cbd-7c5d-49ae-b485-5ed8e50eb90f,2026-01-17 21:00:24.465906+00,1854218,Barry G. Bernson
daf2a080-5036-4e7b-9e8c-43a6e4b83ffe,2026-01-17 22:59:29.352628+00,2320,Julian Richings
daf77b84-0aad-44d1-866b-b3fc18bd1b4d,2026-02-03 07:01:08.804847+00,77997,Zac Mattoon O'Brien
db190876-a435-4369-9ef3-4ea99dabc853,2026-01-17 20:59:32.13461+00,1229,Jeff Bridges
db19cd0e-c426-4d51-8b2d-6140c59098e9,2026-01-17 20:50:09.746171+00,3872,Daniel Brühl
db5719ab-84af-4b33-a9f6-d7878822c804,2026-01-17 22:36:15.382506+00,51576,Chuck Norris
db650b1b-442c-4ed4-b090-c365bde68cf2,2026-01-28 04:23:33.561869+00,4661,Benito Stefanelli
db67de11-eebf-4bb6-9515-e1b3d379a87d,2026-01-17 22:48:49.098952+00,1239728,Tara Breathnach
db74ef8c-354d-4ef1-8daf-850f822cc9bf,2026-02-04 03:42:18.031503+00,2141043,Sal Lucio
db9a2348-5e75-42ca-befd-05dbe6edc2c5,2026-01-19 20:09:33.245912+00,1231514,Billy Miller
dbad345c-8294-4aa4-861e-8e8375a4ae22,2026-01-19 20:37:45.151048+00,51734,Kit Gwin
dbb5aaf9-4372-443f-b45d-605668eebb9e,2026-01-28 06:09:46.680089+00,6613,Minnie Driver
dbbedda4-de6b-4e57-b530-0a3f000849ff,2026-01-19 20:26:22.060362+00,3687347,Kevin Akiyoshi Ching
dbe8083b-4036-4acd-a003-7a7467e73192,2026-01-19 21:01:24.060969+00,23627,Patricia Kalember
dbfb6173-5355-4121-a40e-b9dc8147f14a,2026-02-03 06:59:54.97064+00,592709,Manolo Solo
dc1d6388-4335-4e22-9f88-944f6b0e82bf,2026-01-17 22:37:28.53073+00,1952010,Nick Arapoglou
dc3bcaa9-edab-49fb-9aa4-3f870b11001a,2026-01-19 20:50:27.706889+00,1120694,Jennifer Lee
dc425b7e-9544-44ba-8eff-870bb5223bdb,2026-01-19 20:16:22.571739+00,52398,Mikael Persbrandt
dc485178-6b95-441e-a6f4-39f8ad61eaa6,2026-01-19 21:04:21.834691+00,1334308,Nick Julian
dc5a1021-7402-4326-a5cc-7717abac515f,2026-01-17 22:59:29.352628+00,1397781,Ellie Grainger
dc794743-d5cf-4c8d-a55f-8c38ea5aaf0d,2026-01-19 20:15:31.141157+00,1193834,Stephen Hunter
dc8aa6ca-b8c6-43bf-ad1a-d274e5711429,2026-02-03 06:56:12.237051+00,2119960,Mark Rosenthal
dc9c8105-cec2-4740-b6a9-b20a669c7f6a,2026-01-17 23:08:53.869289+00,55411,David Gyasi
dcc4b226-5b01-463b-83d1-82e8a51ff260,2026-01-17 22:31:43.771631+00,1570235,Ian Kenny
dce0d7c2-87ff-4eeb-93b3-07e2a3deab18,2026-01-17 23:18:02.01673+00,122583,Bryan Gordon
dcfc9f97-4f2a-4237-9c2c-ff8638febda4,2026-01-19 21:11:22.959573+00,1485093,Donna Lynne Champlin
dd030d56-bfb5-4585-b33a-9cd93a0cb399,2026-01-19 20:58:13.667013+00,19152,Dylan Baker
dd1e9f9e-00bb-4b63-9d26-457bc076bc88,2026-01-17 23:16:27.745856+00,224364,Matt Kennard
dd1eee74-e25f-4db0-92f2-05c7b9f07f26,2026-02-03 06:59:36.275135+00,55203,Sarah Holcomb
dd4361f8-4634-4592-a959-1be0b7a5084c,2026-01-19 20:44:32.104937+00,1904,Anthony Michael Hall
dd52e8d8-9e3a-4f51-99c2-a36c0451cb84,2026-01-17 23:26:43.350319+00,1240877,Kevin O'Leary
dd82594d-1a9c-4cf2-b683-c141a4d9e451,2026-01-19 20:23:59.992531+00,2357141,Peter York
dd89195f-d39b-4e45-a80f-e82c43ed2e41,2026-01-17 20:50:09.746171+00,51636,Jacky Ido
dda4e94a-891f-45c5-a83c-770e46ae7540,2026-01-19 20:38:31.276443+00,3914706,Chase Infiniti
ddaad3f9-07d3-4a1e-b26f-b81b26ba8d88,2026-01-17 21:00:24.465906+00,2476315,Ming Wang
ddf464a7-dad4-4c56-81c3-c2851944e5a5,2026-01-19 20:13:49.671069+00,325,Eminem
ddfc74de-633b-4197-944c-faa1ca7a74e8,2026-02-03 06:57:09.900217+00,2311932,Joel Perez
de07f83e-44d8-44c3-b2e3-85b2f8a403de,2026-01-17 23:10:23.514105+00,150587,Katie McGrath
de105173-f2c7-4d6a-a5e9-a80914ca4b9d,2026-01-17 23:14:38.348517+00,247,William Sylvester
de105dcb-1e18-4faf-a5e7-9bf66399cdd9,2026-02-03 06:58:49.243874+00,1730741,Ruibo Qian
de116220-6407-4cdd-b463-1ef661408360,2026-02-03 07:02:57.923828+00,55205,Stephen Bishop
de1e3b9d-105f-48ba-88ae-fa84b6f103ad,2026-02-03 06:57:18.430254+00,1193526,Delphi Harrington
de22dc0a-3aae-4e03-949d-68259fc22b5f,2026-01-19 20:27:15.774259+00,2954,Jeffrey Wright
de31fa65-86bb-4012-87ad-dd07aefb6e53,2026-01-17 22:40:30.733784+00,1969997,Gabriel Monroe Eckert
de37a7e5-2040-416f-9315-1303ed5b70bc,2026-01-28 04:23:18.309315+00,5252,Joseph Sweeney
de4f6aff-ea35-4560-b500-531e16f1bca6,2026-01-17 22:42:40.386287+00,6413,Danny Huston
de7a1ab9-ea33-4a41-866d-edfc79da5ac5,2026-01-17 20:52:07.23447+00,3563646,Jack Schumacher
de89d2dd-289e-4e29-83d2-2f348d9ba278,2026-01-17 23:22:06.593835+00,142391,Atticus Ross
de997351-989a-4082-8d30-cdb97d500f8b,2026-01-19 21:05:06.171801+00,8539,Nicholas Cascone
dec66586-208f-4a1a-b5a1-f4bfdf4810db,2026-01-28 04:23:04.431072+00,504,Tim Robbins
deda4cc6-2211-42b9-a3c0-860f65a96089,2026-01-19 20:27:15.774259+00,3753,Giancarlo Giannini
dee2bcf3-92c0-4ef8-8f17-74b6f5fb27b6,2026-01-18 01:16:50.605495+00,1231564,Sabra Williams
df321f22-e5f9-4c3a-a426-83821b65208c,2026-01-17 22:46:25.239342+00,41289,Lionel Wigram
df378285-a09d-4668-a45c-165624c05ed5,2026-01-19 20:47:10.545294+00,2021417,Sean Delaney
df3f205d-f5c7-4825-98b4-7ba4dbb0ae11,2026-01-17 21:01:34.335863+00,33197,Ahmed Best
df74b334-848a-4abb-a796-53617d392f70,2026-01-17 22:50:50.122456+00,534,Mark Boone Junior
df890f0f-0b38-4f1c-b21a-16c2d7e6e1f0,2026-01-17 22:57:30.935943+00,5049,John Hurt
dfae0bc0-48aa-4435-a28a-828927e9f72b,2026-01-17 22:50:50.122456+00,542,Kimberly Campbell
dfb5108d-a1a6-4af3-bc30-95003d54e661,2026-01-17 20:59:32.13461+00,86268,Serinda Swan
dfbe71ff-92b1-438d-862d-8080b8c3e53d,2026-01-17 22:51:37.67324+00,1834752,Julie Lynn-Mortensen
dfc31125-5eb0-44eb-ad92-8461cbd833e5,2026-01-19 20:46:24.087546+00,1387252,Chris O'Hara
dfd5c384-e78f-4576-893e-90e3a7259879,2026-02-03 06:57:09.900217+00,11367,Bradley Whitford
dff1c9bf-dd31-49c9-9f31-ad92a97834b9,2026-01-17 21:15:08.292248+00,17244,Hayden Christensen
dffdb440-c3dd-4564-9d5a-7eb60f6f8085,2026-01-17 22:44:09.652092+00,36060,Price Carson
e0178a7b-6e9b-42e4-b459-71cf29086ffc,2026-01-18 01:13:49.934221+00,15342,Kee Chan
e028a9b3-c5d5-4f0e-91d0-27fcb7cd5b7a,2026-01-19 21:11:22.959573+00,163664,Susan Blackwell
e0383397-2a85-45c6-abf3-6aebb7b18e25,2026-01-19 20:49:42.186009+00,6487,Richard Roundtree
e0602210-12c3-407c-9ddf-106859cbae01,2026-01-17 22:43:24.48727+00,224723,Stephen R. Hart
e07ecac1-35de-42ba-b44b-b73c0b78df6f,2026-02-03 06:59:36.275135+00,948264,Peter Berkrot
e082a54d-b696-4a13-865c-0e695982cb67,2026-02-03 06:56:59.749831+00,1324161,Cinda Adams
e09a0b65-279f-400a-8cff-425b082da404,2026-01-19 20:01:35.925296+00,204100,James Bachman
e1061c5b-3e84-4902-b1e3-32b00e9d69d2,2026-01-19 20:15:31.141157+00,95047,Graham McTavish
e10e8c3d-899d-4dcd-9b3e-3298122126e2,2026-01-28 06:09:46.680089+00,163438,Steven Kozlowski
e1139523-f38c-4a25-8943-b3128a5e7c46,2026-01-17 23:02:24.065288+00,21339,Jez Butterworth
e1145080-1374-458c-881f-def1074e76fd,2026-01-19 19:50:48.244222+00,68842,John Cho
e11c2745-e450-40e9-b97c-c7a62856983f,2026-02-12 07:07:55.251269+00,165662,Jerry Mann
e133ace7-c194-4d85-a088-c7d4305b3d90,2026-01-17 22:48:49.098952+00,1780346,Kait Tenison
e13b6f38-3d93-477e-9625-fbed662bc02f,2026-02-03 06:54:23.759182+00,2712,Michael Biehn
e14cb3f7-e350-4b86-8f2f-40d57c989730,2026-02-03 06:54:08.464148+00,781,Paul Reiser
e15fa57e-b4a9-484a-b89e-6d555ce6d22b,2026-01-18 01:13:49.934221+00,15337,John Polson
e1764f5c-df04-4b6e-b3fd-5896870e780a,2026-01-19 20:04:27.862377+00,776,Eddie Murphy
e19011f2-02c3-4c46-9b7f-0031649ed014,2026-01-19 20:50:27.706889+00,27530,Don Lake
e19add00-8a2d-4ac2-8c84-d2372588ca77,2026-01-19 21:10:09.395074+00,1492293,Stephen Dunlevy
e1a8c0fe-af73-4e78-9ef5-2dca3519a259,2026-01-17 23:14:38.348517+00,250,Margaret Tyzack
e1aa3f44-1f39-49a1-a916-6db9a2aa6acd,2026-02-03 06:58:49.243874+00,4756,Matthew Broderick
e1b55cda-5bc6-4c06-9922-57ca9a804f78,2026-02-03 06:58:34.533714+00,72416,Akemi Yamaguchi
e1c393db-948c-4706-b830-4990904f2cac,2026-01-17 22:50:05.222332+00,1840725,Michelle Choi-Lee
e1ce4921-a64f-41ee-9410-0a2cc1d925f5,2026-01-17 23:18:39.447854+00,1659415,John M. Watson Sr.
e1d05cf2-7891-435d-afb9-6cf87cd02a13,2026-01-17 22:31:43.771631+00,6162,Paul Bettany
e1d5feac-1711-43f2-b8b5-f85886a29a7d,2026-01-19 07:55:07.374835+00,3090,Richard Conte
e1f2d81b-e753-4c12-bf46-de9198ca5f94,2026-01-17 22:57:30.935943+00,220232,Luke Pasqualino
e1fa29f1-0713-45ce-b710-b320f18036d0,2026-01-19 20:36:11.709119+00,2131171,Jonathan Failla
e1fb1493-35a2-4ea1-894b-f9a5a9b3d3d1,2026-01-19 20:59:03.126627+00,68700,Bob Schooley
e2364c9b-4231-4adc-aa65-c18e6e99a707,2026-01-17 23:14:38.348517+00,107445,Ann Gillis
e2403e02-5845-4ed7-9e05-1d00b39e5f49,2026-01-17 20:50:09.746171+00,138,Quentin Tarantino
e249131b-3456-4737-b169-60a957ac5b25,2026-01-17 23:20:45.418369+00,9535,Hubert Selby Jr.
e24e0f9d-c145-4494-b095-1485fd79eaa1,2026-01-17 22:45:45.716092+00,75330,Ambyr Childers
e26f3b8e-ebc4-4723-845e-88be6b4b0d0d,2026-01-19 20:48:33.234012+00,2590,Keir Pearson
e26f8865-1c19-4b77-974a-525bf134cc48,2026-01-19 20:37:45.151048+00,2026754,Chip Love
e27c6d85-6c68-450a-a7bd-1ca265656fea,2026-01-18 01:01:14.104724+00,15020,Jim Reardon
e2c09de3-e30a-4dc5-a53e-d1b69241ddab,2026-01-19 21:10:09.395074+00,467645,Boyd Holbrook
e2c5cae6-8109-4184-bbf0-9ddb07880025,2026-02-03 07:00:44.192947+00,23535,Rebecca Northan
e2ded61e-d11d-445d-98f5-cc694580b4b7,2026-01-25 21:05:20.600853+00,5887,Catalina Sandino Moreno
e2df013f-ac4a-493b-b3b1-882c5b34eb8b,2026-01-17 22:28:40.767608+00,1315036,Daisy Ridley
e2e05936-63b1-4e24-9506-05989221b572,2026-01-17 23:20:45.418369+00,2053286,Abraham Abraham
e2e784b7-a8e9-4227-987a-b9ae4e013db3,2026-01-21 05:45:56.025826+00,9257,Bruno Kirby
e314cd2e-82db-41fb-9c28-9801c4da2fc9,2026-02-03 06:59:06.475854+00,27770,Dennis Christopher
e33c4ab1-f209-41b3-88ee-938d88738db8,2026-01-19 21:07:04.37528+00,1475960,Scott Shepherd
e35fb693-c46f-4bf5-a432-d0f9c6e3e895,2026-01-17 23:20:45.418369+00,88747,Michael Kaycheck
e3705eec-6dcc-4e4e-9937-29f0a1c40917,2026-01-17 22:37:28.53073+00,3527387,Ura Yoana Sánchez
e37b4039-3bae-4cf7-bd93-c148764d8f5a,2026-01-17 21:01:34.335863+00,27762,Ian McDiarmid
e3a39e00-2840-4dac-b79f-cc4f6419060d,2026-01-19 20:51:49.257029+00,88168,Rebecca Staab
e3a94cc3-9461-48e1-9183-7c46f39cea2a,2026-02-03 07:02:46.175859+00,1371098,Dane Davenport
e3b1334d-cd2e-467e-b919-da781f79ddbb,2026-02-03 06:54:08.464148+00,1451540,Nate Lang
e3c0427a-5bb6-47e8-b4d1-ed86fb3b7eca,2026-01-17 23:18:39.447854+00,1541,Carol Bivins
e3cb772d-8512-43a6-a1a6-d1783252e1ff,2026-02-03 06:55:34.988874+00,8785,Ciarán Hinds
e3f51f57-2029-44ed-8802-a97778c6df71,2026-02-03 07:02:57.923828+00,178466,Casey Bond
e4065d0e-f00c-476d-a8a1-8f8d5ff30333,2026-01-17 22:31:43.771631+00,119589,Donald Glover
e42209ec-fded-4c49-9dfe-631ff69c3974,2026-01-30 01:41:18.336287+00,19272,Joe Russo
e43c5453-a0f6-40eb-939a-a1af58894ad5,2026-01-17 22:33:34.122707+00,117992,Jóhann Jóhannsson
e457900d-6c76-449a-97f3-bbb174e23046,2026-01-18 01:03:45.515954+00,1150,Brian De Palma
e46b0269-f0b3-4a5a-8feb-40ac9a2b50da,2026-02-06 06:34:32.707167+00,1408810,Amy Fox
e47d1b86-d46f-4210-a4c8-1fdd83a6e900,2026-01-19 20:02:24.1983+00,1386824,John Hollingworth
e4848f65-c28e-42b7-8fbe-d5479363e156,2026-02-03 07:02:46.175859+00,1484694,Boni Yanagisawa
e49e8151-14f4-4ab4-9653-d2bfce9a928b,2026-01-25 21:09:24.781349+00,2499966,Yoon Young-woo
e4b59adf-83a6-4b1c-a209-27381a4a9e02,2026-01-19 20:39:28.61908+00,1649307,Joel Hirvonen
e4c65bc8-73da-4f8d-b3dd-b598f6ef1c6b,2026-02-04 03:42:18.031503+00,1078613,Beau Knapp
e4cbe3fc-1f8d-4362-a9bc-8ab798808d37,2026-01-29 05:37:22.221296+00,3044,Scott Beach
e4e0aeaa-f88b-43c4-b9c0-aa58c93b208d,2026-01-17 22:43:24.48727+00,1579253,Megan Mane
e4e65671-20c6-414a-af5a-5ed1ef2c2872,2026-01-17 23:05:08.032093+00,15854,Ted Levine
e4ed2494-c372-4fb8-8b53-0127438cbcaf,2026-01-17 22:52:22.775658+00,7473,Rachel Singer
e512e0fc-e08d-4913-9879-f1ab202cd239,2026-01-31 19:56:20.767461+00,1345418,Lola Kirke
e515313c-91e1-4d2d-ab27-85dda2f0b49d,2026-02-03 06:53:39.184287+00,2627,Ade
e52b3810-d8ce-456e-b080-b81098b91d1d,2026-01-17 22:52:22.775658+00,1172435,Christie Cronenweth
e5308a3a-3e68-4279-ac88-da17403a7f27,2026-01-17 22:41:47.888868+00,1240893,Elliot Lawless
e545f3e9-7066-4cd6-beaf-d9cd59d43055,2026-02-13 05:52:58.243454+00,10978,Maggie Smith
e549b402-7897-4af7-8f6e-da90845267ea,2026-02-13 05:52:58.243454+00,10982,Harry Melling
e55b0817-f8ad-4fa1-9600-dc90ea3f4f13,2026-01-19 20:47:50.65056+00,1491348,Jake Allyn
e56614dc-f0de-4cde-b15c-9a0407312f7f,2026-01-17 22:45:04.743233+00,9273,Amy Adams
e56bb2a7-5557-4b01-bc02-bc6f6746524b,2026-01-17 22:31:43.771631+00,30368,Jon Kasdan
e5738d3f-0ebb-41d7-88e5-92c8ff22aad0,2026-01-19 20:50:27.706889+00,1214800,Lauren MacMullan
e5741a2d-6aac-40a1-a03e-e3fb47ed91ca,2026-02-03 07:03:14.925674+00,1651362,Julia Butters
e5869ee3-6fad-4354-80d5-2cfeef642c09,2026-01-17 23:18:39.447854+00,1536,Marita Geraghty
e5888826-2ee3-47b3-86a1-8b1c330e8f53,2026-01-19 20:10:28.342928+00,1050987,Tony Robinow
e5959637-eda7-44fb-9c3a-b3f2f9ae9bf3,2026-01-31 19:56:20.767461+00,1805225,Peter Dreimanis
e59c2723-c267-45b7-8026-9cda906e6fc8,2026-01-19 19:57:52.038557+00,8169,Tyrese Gibson
e5f2f802-37a5-4a12-af01-17df56b8b983,2026-01-17 22:31:43.771631+00,9030,Thandiwe Newton
e625d948-1b47-436d-98ea-60d2b2d3f1ed,2026-01-17 23:16:27.745856+00,4822186,Laura Guest
e631233a-041a-4526-b406-7de1d510a4f7,2026-01-17 22:44:09.652092+00,205565,Bill Seward
e6561552-9242-416b-bbbc-b3de86b20b08,2026-01-19 20:23:59.992531+00,5469,Ralph Fiennes
e66ac2db-05a6-4865-9c42-d1a94ba13e73,2026-02-03 06:59:36.275135+00,156587,Ann Ryerson
e6712855-e890-4598-b986-7e087987fcd1,2026-01-17 22:46:25.239342+00,8770,Francesco De Vito
e67691a6-e4ae-463f-adc1-a4dab2a84f7c,2026-02-12 07:07:55.251269+00,5837,Don DaGradi
e678f1d4-98ec-4c24-a617-ff3192d7d118,2026-01-19 20:16:22.571739+00,114019,Luke Evans
e69400ff-d7cf-4c7f-ad15-b7395e1cbba6,2026-01-17 22:59:29.352628+00,1397778,Anya Taylor-Joy
e6b7342a-da88-477f-8ba5-486c2f374b1f,2026-02-03 06:57:39.669237+00,2507697,Kyla Nicolle
e6c72681-c60c-41a8-b00e-0b8039c0eceb,2026-01-19 20:38:31.276443+00,239580,Paul Grimstad
e6cc8329-e7d5-4a11-a611-20422a56b33b,2026-01-19 20:14:48.378859+00,2217746,Chiara Stella
e6d06bdf-c277-46bf-9b3b-f90f5886cbae,2026-01-18 01:13:49.934221+00,15338,William Mapother
e6e62dea-2c83-4f80-baa5-75b9de83e969,2026-01-19 20:18:30.486515+00,1366,Sala Baker
e70bdb86-cfbc-4a88-979e-21b395c84dc2,2026-01-17 22:24:38.382171+00,33032,Phil Brown
e71b9e88-ffbe-423a-aa6b-a34326446b49,2026-01-19 21:03:35.600447+00,9280,Ellen Pompeo
e72a6cf0-aed7-4abb-a675-80dd38bb6712,2026-01-19 20:45:22.505512+00,108253,Katie Lowes
e7420415-3432-45a8-b167-bed5611d9ee1,2026-01-19 19:58:49.575969+00,72985,Ramón Rodríguez
e7427066-e018-4ac1-a16b-7d26acef577c,2026-01-21 05:45:56.025826+00,14151,Leopoldo Trieste
e753b1f0-3583-4a1d-833d-20af12d3e42d,2026-02-03 06:56:26.157503+00,4600,Joe Dante
e75eb683-ba8e-4414-9ad7-3071b1295b86,2026-01-19 20:10:28.342928+00,225411,Mark O'Brien
e775446b-f914-4fe2-96b8-14dca3f52b7a,2026-01-19 21:00:00.229847+00,1013973,Carla Juri
e78f8df1-bcae-4c36-8d9d-512f1cc626f0,2026-01-17 22:51:37.67324+00,4932824,Haylie Hansen
e7a37c70-9c06-4bde-9335-4e9891cce775,2026-01-25 22:57:22.603952+00,1396403,FINNEAS
e7b75426-d9ec-4d10-8792-e6008eea9c71,2026-01-19 20:49:42.186009+00,38951,Reg E. Cathey
e7c63e0b-3a08-40fa-9d16-076944f483f9,2026-01-17 23:16:27.745856+00,1312266,Marama Corlett
e7c64228-09b5-4fa2-b943-02561cd7b1b2,2026-02-03 07:03:27.330761+00,1234,Tara Reid
e7cd1c7d-110d-4499-8416-d425ce0853a6,2026-01-17 23:09:35.21473+00,76547,Aksel Hennie
e7d226f1-8d75-4ef4-8dba-d4103c550f5a,2026-01-17 23:06:38.627612+00,723,Patrick Swayze
e7ec8725-f4c4-4e7f-95dc-c992e931520d,2026-01-17 22:48:49.098952+00,4690,Christopher Walken
e7f21002-e064-41da-8bba-748dc460cb52,2026-01-17 23:12:17.50611+00,87954,Scott Haze
e85c59fc-8e69-4670-b0c4-b8b810293d07,2026-01-19 20:35:27.581284+00,223135,Damaris Lewis
e861cbf2-1a6e-41a1-8b63-23de35a6bc5b,2026-01-17 22:52:22.775658+00,7497,Holt McCallany
e880d204-f30a-4f7e-99a0-f8a0a9473512,2026-01-19 20:08:50.340044+00,4654,Jeremy Davies
e8884495-dcc9-428f-bc19-d6a496fe29db,2026-01-19 20:15:31.141157+00,152566,Dean O'Gorman
e8b8b2ff-fe82-4f2e-9f33-b65ff1c1ce0e,2026-01-19 20:45:22.505512+00,78324,Jamie Chung
e8dda374-7d05-4e6e-b5dc-da895d107508,2026-01-19 20:23:59.992531+00,7026,Rhys Ifans
e8f5eaa5-d990-4098-be65-b01902fa0e02,2026-01-17 22:41:47.888868+00,11664,Zooey Deschanel
e8fc1c9f-8da7-4d0a-ab7f-8cafe7f75ae8,2026-01-17 23:00:21.741698+00,216454,Kiyoyuki Yanada
e90fb37f-9abd-4b9e-80b2-bca5db099b92,2026-02-03 06:57:09.900217+00,929511,Utkarsh Ambudkar
e9151414-3b6b-4ddf-8059-a950d3c8b04c,2026-01-17 22:47:11.909102+00,205923,Babs Olusanmokun
e923bc5b-7aa4-44a4-9f09-7ad576f70ee1,2026-01-29 05:37:22.221296+00,3036,John Cusack
e970be33-901b-436d-8417-5379757a9fb1,2026-01-17 23:26:09.781518+00,112,Cate Blanchett
e9800e53-22ac-4cf1-a964-fa382e2dee7b,2026-01-19 21:01:59.862385+00,17419,Bryan Cranston
e99099ca-14ce-48e4-adbe-243101293744,2026-01-22 05:17:53.061178+00,411398,David DiGilio
e9bc48b2-f964-4bec-acb2-7658e06a0686,2026-01-17 23:18:39.447854+00,74487,David Pasquesi
e9d8b2fe-bc0d-44e3-86b3-10eec31cccd1,2026-01-19 19:54:23.60346+00,58152,Troy Kennedy Martin
e9ddde56-233f-45b2-82de-9090e1582549,2026-01-19 19:52:34.945104+00,60946,Jay Scully
e9f34ada-07a3-43c2-9089-a0e6ac4ecab2,2026-01-17 23:13:02.785122+00,23967,Mary Ellen Trainor
ea0ffdca-c960-4595-9c88-c4639aa1d38d,2026-01-25 09:07:02.591375+00,1218228,Ruby Jerins
ea1508e9-f5f4-44ca-9e13-768f2b52bbd1,2026-01-19 20:31:33.93137+00,122556,Ian Bonar
ea184a83-17dc-45a4-ae54-c4c6acfcb176,2026-01-19 20:37:45.151048+00,2176,Tommy Lee Jones
ea3d876b-b13b-4352-a09f-528013a79753,2026-01-19 20:57:24.797871+00,19468,Gerry Becker
ea445215-5c37-47d9-b777-0f848df4a83b,2026-01-17 23:13:02.785122+00,10771,Dave Grusin
ea6b3a44-3b12-44ad-a508-d3d16f7eefc9,2026-01-28 06:09:46.680089+00,2841,Alison Folland
ea6ecf59-e94a-4a02-84cd-75795adaf256,2026-01-17 23:24:46.157888+00,1468239,Maureen Torsney-Weir
ea70c2e7-731b-41c3-b09f-baf7aedab6d3,2026-01-19 20:02:24.1983+00,18873,Art Marcum
ea74ffbd-7b31-456e-a800-f57368bbbf4a,2026-01-19 20:40:32.669862+00,12371,Richard Cetrone
ea921038-0863-4263-b6ee-968c2adb7fc4,2026-01-17 22:44:09.652092+00,1323612,Jonny Coyne
ea97f155-07a3-4da8-82d1-3ebde5f543a9,2026-01-17 20:58:40.883175+00,4755922,Thara Schöön
eab30bfe-5165-4288-ba7f-ef1e05bf5c3a,2026-01-19 21:07:04.37528+00,1462430,Mia Threapleton
eab6fd4a-2f96-4925-a927-a5f65a5ff36b,2026-01-17 23:24:13.433653+00,10963,José Zúñiga
eabdd032-98a3-4d96-bb7b-dffa0079302e,2026-01-19 19:53:23.12908+00,587339,Emy Aneke
eac106b7-27e5-4e66-ba31-6bb228fb8ab4,2026-01-17 23:24:13.433653+00,26095,John Patrick Shanley
eacd5ee1-57e9-4724-aaa1-e23a31ac7126,2026-01-19 20:12:17.102861+00,15824,Chris Mulkey
ead36e3e-ab25-46cf-aeb3-ae28e77f192f,2026-01-17 22:50:50.122456+00,527,Jonathan Nolan
ead5a04c-a974-4bb5-9a7c-b8a78f306e78,2026-01-19 20:35:27.581284+00,1766784,Dared Wright
ead84a48-45d5-4577-8210-dce32d1a9ebe,2026-02-03 06:57:18.430254+00,1551382,Molly Bernard
eb00083e-cfad-4154-9c78-2fe07a41d7b8,2026-01-17 23:13:02.785122+00,57372,Kerri Green
eb2e2a32-0a60-4a4d-b221-f3f6f30e8e88,2026-01-17 23:19:57.950471+00,84833,Zach Cregger
eb41276e-808a-4208-8292-a235b528298b,2026-01-19 20:48:33.234012+00,1821664,Rosie Motene
eb42a418-c504-40ce-97ee-44e5a0f2974d,2026-01-19 21:11:22.959573+00,1849954,Wolfgang Novogratz
eb4ed26c-083e-474b-ba99-febb747a85fa,2026-01-19 20:35:27.581284+00,1154054,Corey Hawkins
eb54aceb-7afb-4e62-85b0-d11bb94cf6e9,2026-01-19 20:52:47.996974+00,1219029,Paul F. Tompkins
eb5796a9-ee58-4f21-84a3-cf4ed673705b,2026-01-28 03:16:06.08029+00,3491,Thomas Kretschmann
eb5e42a9-a383-4a57-a345-e9bcc9db7dc5,2026-01-21 05:45:56.025826+00,3172,Michael V. Gazzo
eb62f697-44ae-4a99-b0bf-4292b79e8f55,2026-01-19 21:00:00.229847+00,1120,Lennie James
eb657fae-d200-4001-8df6-ffa0a2ddbdff,2026-01-17 23:24:13.433653+00,52421,Christian J. Meoli
eb6fe15e-fce6-4000-97b0-c10e088fa6d4,2026-01-18 01:22:42.065357+00,17604,Jeremy Renner
eb7667a4-3561-4d65-beb4-cb1cad4a70de,2026-02-03 07:03:14.925674+00,1078608,Lorenza Izzo
eb77bcee-107d-4ceb-a3ed-5987c3eaa8d8,2026-01-17 22:50:05.222332+00,4686689,Maïla Hosie
eb9b5818-f7b8-4049-84d0-13a635749228,2026-01-17 23:26:43.350319+00,12052,Gwyneth Paltrow
eba0e90f-58f1-41d0-bd0e-ede8b709d25a,2026-01-17 23:08:10.282741+00,1402696,Patrick Durkin
ebb8190f-81bf-4fb6-90da-1b829ca005b9,2026-01-19 20:34:35.85263+00,4795,Florian Lukas
ebd3e2eb-c3d4-4b13-8415-dc1d9c4a82fe,2026-01-25 09:07:02.591375+00,11902,Robin Bartlett
ebff6b2c-b5d5-47c8-b9d7-307ed55c61de,2026-01-18 01:13:49.934221+00,15339,Mathew Wilkinson
ec1f1f87-e12d-478f-a1b6-2fcb72c1dd3a,2026-02-03 07:02:02.406531+00,221581,Rebel Wilson
ec2ccb59-f046-4b9a-85fb-f2bb60e2c74f,2026-01-17 22:58:32.765261+00,80156,Frank Patton III
ec30e607-850c-4826-9c40-905b4f5fc18f,2026-02-03 06:59:06.475854+00,565498,Laura Cayouette
ec630c2e-0dc8-490c-ad7c-40fe27e3713d,2026-01-19 20:10:28.342928+00,1646452,Christian Jadah
ec6539bf-da26-43ec-9a35-1b9c24b52b0e,2026-01-17 22:52:22.775658+00,7478,Michael Simpson
ec742ca0-c0b9-433c-8051-3982e1dcb4a1,2026-01-19 19:54:23.60346+00,58351,Tiberio Greco
ec85e68d-7ec2-45b4-8b14-238eb937a1b5,2026-01-19 20:07:07.510359+00,5292,Denzel Washington
ecbd3f80-88f3-4dab-9492-a0ec0830b60f,2026-02-03 06:57:09.900217+00,1253199,Alexandra Shipp
eceac0b0-f102-49db-825f-eb337da1816a,2026-01-17 20:59:32.13461+00,67926,Guy-Manuel de Homem-Christo
ecf36901-d2dc-4cb0-a582-8836a15ec756,2026-01-29 05:37:22.221296+00,3042,Bruce Kirby
ed338a45-7925-42bd-a031-d9e7007fabaf,2026-02-04 03:42:18.031503+00,3232652,Christiana Montoya
ed9b2fff-199d-490d-984e-d5981f880c01,2026-01-17 23:16:27.745856+00,1639205,Amy Morgan
ed9cde15-7a35-4824-969f-5274c05ec54a,2026-01-17 22:35:19.14754+00,5550,Ann Peacock
edb9120d-ff02-408c-85d6-bf9cd5ce9a0d,2026-01-17 23:11:08.000867+00,589652,Robert Emms
edbc9398-9712-49ba-a9da-0667118260b7,2026-01-29 05:37:22.221296+00,1070,Frances Lee McCain
edc92722-f25a-413c-9a13-bfd9309e15f3,2026-01-19 20:38:31.276443+00,87956,D.W. Moffett
edcbbbde-1436-43f2-b80c-797c54af357a,2026-01-19 20:31:33.93137+00,1168075,Peter Basham
edcfd352-95b6-422a-80bc-75bad3e7905c,2026-01-17 22:28:40.767608+00,1709041,Joonas Suotamo
ede4c7df-5289-40b0-ac9d-46674f9dec68,2026-02-03 06:55:23.857556+00,112965,Ben Astar
eded84e1-cac0-4ea0-ad4b-07880d909e19,2026-01-17 22:52:22.775658+00,7471,Zach Grenier
edefeb99-8488-45c5-bf78-67a00fadab64,2026-02-03 06:58:34.533714+00,72415,Yoshiko Shinohara
edf2bc1f-8d1f-4507-bc2d-cc0360f84dbe,2026-01-19 21:01:24.060969+00,231831,Paul Leonard-Morgan
edf45cdb-5446-4e41-9b3b-d7023d37a02c,2026-01-19 21:01:24.060969+00,37260,Abbie Cornish
ee1483c9-704c-478f-a560-a3513dd69cef,2026-01-19 20:26:22.060362+00,1461608,Karen Fukuhara
ee1e267e-6a0c-4529-8e9b-27a9a13bb113,2026-01-19 20:23:59.992531+00,1503916,Andrew Bridgmont
ee326e95-44e5-44d2-a6af-8a3eca3ae589,2026-01-17 22:52:22.775658+00,7499,Jared Leto
ee372aba-62f8-4c56-adcc-87b399bb86b1,2026-01-19 20:39:28.61908+00,16778,Ilkka Koivula
ee41a10d-c843-4e99-95e6-6d5fb12fc256,2026-01-19 20:41:20.99353+00,118,Geoffrey Rush
ee453a63-5694-4b89-9f66-c33dd6e559a4,2026-01-19 20:35:27.581284+00,31512,Robert John Burke
ee4a2ac0-40f1-4048-8b3f-421143ff1178,2026-01-17 23:10:23.514105+00,568045,Courtney James Clark
ee4e4173-369c-4475-a3d1-1c8cbff98aff,2026-01-17 22:57:30.935943+00,1125,Ewen Bremner
ee5276a0-b3a7-4d08-96cd-3d3bf433de03,2026-01-19 20:57:24.797871+00,20580,Joe Manganiello
ee7408a3-2d80-47ed-a890-f565540d0a8d,2026-02-03 07:01:08.804847+00,93839,Sheila Hancock
ee76ff7e-4902-4e6f-8d87-a45fcbf7e6ec,2026-01-17 22:32:33.613381+00,8688,Diego Luna
ee7a52c9-df03-4a51-9790-e225a3005020,2026-01-17 23:06:38.627612+00,1578,Holmes Osborne
ee9680b0-482a-4a29-962a-84e996af001d,2026-01-18 01:13:49.934221+00,15340,Nicholas Bell
eed1d4e4-a6d4-4c90-932c-fa7b341fe2d1,2026-01-19 21:00:00.229847+00,544096,Sallie Harmsen
eef3af8c-fc98-4a37-9bb1-91fe5c452d86,2026-01-19 20:38:31.276443+00,1221159,Jim Downey
ef044d18-83f1-4636-81aa-c006280d37b6,2026-02-03 06:59:06.475854+00,1067187,David Steen
ef0b8ef7-8347-40e0-b7f6-f0acb4a4cc00,2026-01-19 20:06:14.816718+00,41379,Omid Djalili
ef124f2c-0b90-41d7-8010-cae821fa47ae,2026-01-19 20:01:35.925296+00,3899,Ken Watanabe
ef29ed5a-7363-4bef-adf9-40ae6c82b48d,2026-02-03 06:55:23.857556+00,1198993,Dawna Lee Heising
ef339aa7-52fb-4432-b706-489a835f00ff,2026-01-17 23:02:24.065288+00,202691,Emil Beheshti
ef3b7c08-8be0-4cac-990f-192fe2f92906,2026-01-17 23:00:21.741698+00,226637,Hideyuki Hori
ef4aa168-c761-4760-a6a4-5012c0013ead,2026-01-19 20:07:54.108456+00,1277,Vito D'Ambrosio
ef4c1de3-b6d7-428c-baa2-93c540415152,2026-01-17 23:18:02.01673+00,84209,RonReaco Lee
ef57875a-5a97-4cbc-88ad-b3ad3baf9223,2026-01-17 23:20:45.418369+00,6431,Darren Aronofsky
ef5a6e4a-638e-4566-aa7e-3516c67ed66d,2026-01-17 23:19:57.950471+00,2917462,Michael Gene Conti
ef646be2-dafb-4b47-b4f7-513c26238437,2026-01-17 23:08:53.869289+00,851784,Mackenzie Foy
ef647871-11ed-4dcb-a4c7-12c01a9f5ba8,2026-02-03 07:00:44.192947+00,64180,Steve Whitmire
ef6f3ae5-f5fc-4f61-a866-6c037af35997,2026-02-03 06:56:26.157503+00,16413,Theodore Gottlieb
ef913d4f-daeb-497b-a505-3d61c8dba481,2026-01-19 20:34:35.85263+00,9642,Jude Law
efb7a5e3-075c-4ca9-af5b-d97a658a3993,2026-01-19 20:31:33.93137+00,206273,Bill Buckhurst
efc9458c-a6d3-4ab3-b049-e75ff6d2fad4,2026-01-19 20:07:07.510359+00,1253360,Pedro Pascal
efe1a079-604c-4358-ab7b-8e159abaab04,2026-02-03 07:02:20.808231+00,1886168,Lyna Khoudri
efeb7b9c-3bf2-4496-9121-29b1e5287e10,2026-01-17 23:20:45.418369+00,1173,Mark Margolis
f0320462-cfca-4250-8eb3-dc278914590b,2026-01-17 22:28:40.767608+00,25072,Oscar Isaac
f03e7d9c-1c78-4f7a-9962-9cc7b0d2ad3d,2026-01-17 23:05:08.032093+00,57862,Ted Tally
f056cac6-815d-47e1-8eca-ec651f58d966,2026-01-17 22:41:47.888868+00,54478,Kate Butler
f05f4f66-8c8a-4d25-87f3-860416d2bf2e,2026-01-17 22:33:34.122707+00,1071346,Victoria Staley
f077234e-c9bd-4b99-86a0-c790cd52c837,2026-02-03 06:54:08.464148+00,1145677,Calvin C. Winbush
f0a2975e-1f15-4804-b309-36601a527246,2026-01-19 19:54:23.60346+00,58347,Fausto Callegarini
f0ae9950-70a6-4ca6-95d2-5a57829fa3f4,2026-01-19 20:14:48.378859+00,2189069,Gabrielle Byndloss
f0b4716a-bbe3-4272-9e08-08cee3ca98b0,2026-01-17 23:06:38.627612+00,20089,Jena Malone
f0b795c2-714a-4ad0-b754-a02d3a8b2355,2026-01-19 21:02:49.094684+00,3279842,Alfie Godfrey
f0ded23e-22d6-4dba-aea4-72946ea4278f,2026-01-19 20:49:42.186009+00,4294859,Bob Mack
f0f48672-454d-4be6-a45a-9cf805eeebf8,2026-01-17 23:21:23.844244+00,1591063,Glen Gordon
f0ff65ca-0020-4aee-930b-e07dbb7ed811,2026-01-18 00:41:25.966535+00,31532,Josh Hopkins
f162f5c4-feca-4aa4-925e-a2b1a6971f29,2026-01-17 23:12:17.50611+00,159386,Kristoffer Polaha
f1653b9a-a429-4779-9749-b4c48534e79a,2026-01-18 01:22:42.065357+00,109667,Ilia Volok
f1737a70-5ba1-494e-9457-544cd5d06ae5,2026-01-19 20:12:17.102861+00,122338,Omar Berdouni
f17d09e9-5b83-44ca-9e81-4b83fe21e2e1,2026-01-19 19:56:28.252593+00,1415263,Mickey O'Keefe
f17f70f4-be9e-4951-b0d5-a73eba293f32,2026-01-19 19:53:23.12908+00,65779,Doug Jung
f1bbb980-ce4c-4ddf-bbf3-361677139944,2026-01-19 20:33:50.495522+00,78110,Scott Adkins
f1bdadda-8084-4a13-b74b-df359d4ecee4,2026-01-17 22:56:45.081716+00,77897,Tyra Banks
f1bf7e23-5bd9-45ac-9176-2ddff0bdc2ce,2026-01-19 20:07:54.108456+00,1276,Patricia Clarkson
f1c6bd8a-9ab1-481f-9723-1cf3d077e19f,2026-01-25 21:09:24.781349+00,1442583,Park So-dam
f1c6fa08-79bc-4c85-b038-aee69131024d,2026-01-19 21:01:59.862385+00,2586093,Tony Mendez
f1c9a851-3648-44ce-b88c-bb37024aefb9,2026-01-19 20:08:50.340044+00,12835,Vin Diesel
f1ce535b-b842-4c4f-8311-6e6e380937f1,2026-02-03 06:56:38.758462+00,3334741,Donna Haim
f1d03d1f-1cfd-4514-ab8e-99e73896a6de,2026-01-17 23:08:10.282741+00,661,Vic Tablian
f1e008b4-e7b0-4621-b5bf-32554605187d,2026-01-17 22:42:40.386287+00,58576,Mishal Husain
f1e278dc-b3b3-4643-a94f-2aa8cd672523,2026-01-19 20:09:33.245912+00,71519,Marnette Patterson
f21620b7-cc75-49f0-8b4b-9d960418b57e,2026-01-25 21:05:20.600853+00,3192942,Angel Rosario Jr.
f2279bcd-4dab-44fa-8266-ebff4d28bdd0,2026-01-19 20:03:20.643674+00,1890500,Sarah Stiles
f272ecc1-0bf6-45a3-8509-6dd0c237b789,2026-01-19 20:52:47.996974+00,23659,Will Ferrell
f279a0aa-9d4f-4776-b3f7-ed9058ecdd99,2026-01-19 20:40:32.669862+00,9464,Harry Lennix
f291e8cc-b7b4-4ea6-9cb8-d6ee0fb32fd7,2026-01-17 22:45:45.716092+00,74333,Jonny Greenwood
f292ae82-4537-4dd8-aa5c-b53b44953b68,2026-01-17 23:06:38.627612+00,1582,James Duval
f2c2a369-3590-4457-bf87-77184d227950,2026-01-18 01:01:14.104724+00,59357,Teddy Newton
f2d2a9af-29e2-4642-8fa0-82e11dbe785e,2026-01-19 20:07:54.108456+00,3105243,Chip Miller
f2f69ebb-cf25-4baa-9f0c-27bb48e6a7de,2026-02-12 07:07:55.251269+00,64872,Larry Roberts
f2fa0283-07dc-4e63-b20d-1a435da07d9f,2026-01-17 23:25:25.787696+00,9181,Edward Zwick
f3218967-779b-414e-9204-d85ffbb37dbb,2026-01-19 20:03:20.643674+00,1890932,Tyler Hall
f346217b-dc24-411e-95a0-44c998b8f92f,2026-01-19 20:24:49.750006+00,51797,Nathan Fillion
f36c7d90-ce8d-4229-925b-bb68656e4592,2026-01-17 22:24:38.382171+00,216087,Alex McCrindle
f37de584-35c7-4b19-b9b8-f460637e1dfa,2026-01-19 20:37:45.151048+00,84955,Myk Watford
f3c684b9-3610-4d0d-996b-b1bebd2b9e5e,2026-01-17 22:47:11.909102+00,543530,Dave Bautista
f3dda40e-5b4a-401d-b13f-754ca846bf0b,2026-02-03 06:59:36.275135+00,1578253,Scott Powell
f3fd44e0-14f3-4605-a23f-41508312ab90,2026-02-03 06:55:34.988874+00,2035129,Connor Blodgett
f401403b-1e96-485e-a75b-9fb016d795a4,2026-01-19 21:05:06.171801+00,8537,Jonathan Hyde
f402cd17-2cff-4569-ac5a-9a49b77b4f65,2026-01-17 22:58:32.765261+00,1898,Eddie Jemison
f4093c56-e776-4eb1-80a9-b9ad102b2561,2026-02-03 06:58:34.533714+00,3773488,Kazumi Nozaki
f4102e8e-69a2-40b3-b83e-dab8be3af594,2026-01-19 20:07:54.108456+00,1270,Charles Martin Smith
f45ae49b-e40d-4792-8810-3d271d2dc486,2026-01-17 22:41:47.888868+00,54482,Lauren Clinton Clark
f460d4eb-543b-4059-a0bf-1aff0ba3f474,2026-01-19 20:51:49.257029+00,10871,Natasha Lyonne
f46268f1-825c-4991-ba0f-3ac100f05b62,2026-01-18 00:41:25.966535+00,37203,Jason Beghe
f4a132be-311a-424f-a940-a7022b92daff,2026-01-17 23:05:08.032093+00,76470,Dan Butler
f4ada04f-0329-47ac-b3a8-69b77507dd30,2026-02-03 06:55:09.790833+00,26999,Chris Owen
f4c41d87-2724-45e8-ab1f-2af4b3f133d6,2026-01-29 05:37:22.221296+00,1954117,Matt Williams
f4d60f86-e4c1-4a07-8ba4-cb9c737a652b,2026-02-04 06:28:36.488135+00,207150,Jessica Barth
f4d7100b-a542-47e8-ad2d-35b70c281469,2026-01-19 20:47:50.65056+00,2750967,Brooke Carter
f4e6df31-ac80-4f50-a869-6b5ec3850252,2026-01-17 22:57:30.935943+00,1505325,Marcanthonee Reis
f4f5b6b4-6a2e-412d-9bc5-6ae4cc6e90f4,2026-01-31 19:56:20.767461+00,85065,Jack O'Connell
f4fab97d-7773-4fef-afba-c0ca9bb2ba3e,2026-01-18 01:13:49.934221+00,15336,Dougray Scott
f5007b0c-63df-4a2a-ad37-f6f34009867d,2026-01-18 01:22:42.065357+00,66268,Ladislav Beran
f500ab7c-2640-46f9-aea9-f2aa3e79f5a5,2026-01-19 20:35:27.581284+00,1117313,John David Washington
f5065533-03f1-4b72-a4cf-c7bf2f0f68d2,2026-01-17 22:30:37.956531+00,930707,Colin Trevorrow
f50d4163-c76e-4d5c-8e48-d42348fc232b,2026-01-17 22:28:40.767608+00,2201,Max von Sydow
f511ff7a-f650-4945-8310-a0c35c48e650,2026-01-17 22:47:11.909102+00,505710,Zendaya
f53ebf4b-a1ba-4535-a4af-2f65684c3490,2026-01-17 23:00:21.741698+00,235337,Yoku Shioya
f55565a1-8690-4c4e-bd3b-f4390f25de9a,2026-01-19 19:54:23.60346+00,6885,Charlize Theron
f5610e35-d238-4743-9dc7-f87d8d29d9f9,2026-01-19 20:12:17.102861+00,1501025,Thomas Grube
f561de05-ff7d-4373-83e7-ec275bab55e8,2026-01-17 21:01:34.335863+00,1074722,Lewis Macleod
f5732f34-44e4-4e40-8672-450232633d12,2026-01-17 22:41:47.888868+00,40384,Aaron Zigman
f57d6594-51f8-45b0-8351-b7713a1c83ca,2026-02-06 06:34:32.707167+00,74135,Suehyla El-Attar Young
f5882d43-c246-4c98-a370-c74b627b7d0a,2026-01-17 23:09:35.21473+00,612216,Eddy Ko Hung
f58b9fbf-b2ee-4565-8d03-559c5668d4ab,2026-01-19 20:41:20.99353+00,1705,Ted Elliott
f5a9ba4b-aed0-4af0-ab6a-108860465098,2026-01-21 05:50:48.309775+00,42571,Susan Lynch
f5c9decd-1e06-4734-bbe6-0cfc394fde66,2026-01-17 22:50:50.122456+00,525,Christopher Nolan
f5cfce9b-f12d-4d22-94ac-ce283a8560ba,2026-02-03 07:03:27.330761+00,1240,Jack Kehler
f6228476-7d60-4197-a931-66ea05e6c1c2,2026-02-03 07:01:08.804847+00,1117339,Zsuzsa Holl
f623f93e-0f6a-4b3e-95a7-dfc82c5bfbbd,2026-01-17 22:32:33.613381+00,100085,Paul Kasey
f63fdb92-3012-4121-a252-613dd4f05349,2026-01-19 21:04:21.834691+00,24045,Joseph Gordon-Levitt
f641bddc-546f-4953-a92b-72e082cd89d4,2026-01-17 22:46:25.239342+00,7803,Christian Berkel
f6478d5a-f87c-48d2-95aa-b3a36f0e8fa0,2026-01-19 20:50:27.706889+00,5149,Bonnie Hunt
f64a8d8c-baa1-4da4-ae15-f1a0994c5d04,2026-01-18 00:41:25.966535+00,1473,Daniel von Bargen
f657b55f-4b56-4df1-9491-8a4ad6e8c7e1,2026-02-03 06:57:18.430254+00,168875,Gary Weeks
f67006c6-1b03-41f8-97f7-a683ef100809,2026-01-19 19:53:23.12908+00,1006731,Melissa Roxburgh
f671331e-5051-425d-984f-7f46214df1b4,2026-02-03 06:56:38.758462+00,33528,Joseph Cross
f68392ea-9ebe-44ca-9732-64a4c80c7955,2026-02-03 06:59:54.97064+00,963251,Pepa Pedroche
f6d72ceb-204e-4eb8-9f9b-0fd85f87ffe8,2026-02-03 01:23:53.163956+00,230681,Pip Carter
f6d7ac48-918a-4159-8767-393593d5b68c,2026-01-17 23:18:39.447854+00,86571,Tom Milanovich
f6d981c4-d70f-4118-9539-2d5aecc39296,2026-01-19 19:47:09.453096+00,41894,Zhang Jingchu
f6e4f65e-2705-45bc-b990-c1440470757c,2026-01-19 20:56:41.401173+00,2319,Maria de Medeiros
f6f48f01-769f-4e48-acb7-2b488120bff2,2026-01-19 20:40:32.669862+00,8786,Ayelet Zurer
f7092ac1-4dd0-45b8-8dc2-fb00e4fd57be,2026-01-17 22:45:04.743233+00,20289,Neil Jackson
f70cb779-a788-4647-836a-8aed056263fa,2026-02-03 01:23:53.163956+00,146750,George MacKay
f70e6f25-56c0-4d91-834e-d0a536278f49,2026-02-04 03:42:18.031503+00,146004,Marlene Forte
f716baf7-310c-4b6c-b747-73110a2725a4,2026-01-19 20:39:28.61908+00,1448024,Mimosa Willamo
f719da6a-835e-472e-9304-a42efaba6efa,2026-01-19 02:24:59.225425+00,1479945,Kirill Nikiforov
f71ad34f-3291-4555-9712-f99aa253ad0a,2026-01-25 09:07:02.591375+00,20294,Laeta Kalogridis
f71ed144-2460-4ea0-a386-614b5b2126d1,2026-01-17 22:24:38.382171+00,4,Carrie Fisher
f72b8d86-582d-4ee3-8dac-3d48d7534e89,2026-01-19 20:24:49.750006+00,1785590,David Corenswet
f73ad1f0-23d1-4755-878e-943220306abe,2026-01-17 22:56:45.081716+00,4581,Steve Coogan
f747cd48-aabd-4f14-8357-7f7481da1c48,2026-01-19 19:56:28.252593+00,67784,Ross Bickell
f74a99b6-cf1d-46ba-9aa3-58e29c9ad0cd,2026-01-22 05:17:53.061178+00,27136,Katharine Isabelle
f7509271-80be-4261-8253-4625fa4b640e,2026-01-17 22:50:50.122456+00,540,Callum Keith Rennie
f7601477-961f-4c9c-8c3c-092093675737,2026-01-17 22:58:32.765261+00,155206,Cecelia Ann Birt
f78ad0de-2b58-41f9-9868-d48f3a98a6bc,2026-02-12 07:07:55.251269+00,64867,Joe Rinaldi
f7c16742-127d-44bc-b2b9-e6d9feb0c340,2026-01-17 22:41:47.888868+00,54479,Bailee Madison
f7c1d3b1-86da-4eae-86cc-3400bc57efe3,2026-01-17 20:52:07.23447+00,500,Tom Cruise
f7cb62ab-4e28-48ae-9c8a-8f61773e336f,2026-01-17 22:32:33.613381+00,40638,Guy Henry
f7d30bae-ba05-4343-8843-959bbbba2097,2026-01-18 01:03:45.515954+00,10673,Andreas Wisniewski
f7d58f2e-1ecf-4368-9589-ba11977accf0,2026-01-17 22:41:47.888868+00,36698,Jeff Stockwell
f7d6d71d-ec77-45ae-91a0-541b9a00bab8,2026-01-30 01:41:18.336287+00,19271,Anthony Russo
f7d8f094-f0a0-4147-b637-7f77707bb346,2026-01-17 22:31:43.771631+00,228285,Hal Fowler
f7ed1f41-e571-427c-9077-f054a4aa8dcf,2026-01-19 20:46:24.087546+00,213001,Jenny Slate
f8059c08-9672-4a54-b53f-9d1e1b2c4246,2026-01-17 23:26:09.781518+00,3359747,Ting
f80ed482-4484-49f9-9b18-47a8b0e93779,2026-01-25 21:05:20.600853+00,215055,Steven Yeun
f824b0cd-5676-4fb6-8e47-a95dcc565fc6,2026-01-19 20:06:14.816718+00,934,Russell Crowe
f82707e1-5926-4623-ba47-5df9f3eee9e1,2026-01-17 23:08:10.282741+00,1402694,Bill Reimbold
f8283181-3ac4-47bb-a837-c6d74a3ff4f0,2026-01-19 21:00:00.229847+00,1901526,Loren Peta
f8308bd4-3673-4f97-a2ce-4bf291d4d221,2026-01-19 20:15:31.141157+00,34715,James Nesbitt
f8360b5a-228c-427f-9c4e-c8f8e1762a9d,2026-01-17 21:00:24.465906+00,4279092,Michael Trester
f83f3ed4-1a8c-41f8-99a0-d66d61922bc2,2026-01-19 20:06:14.816718+00,939,David Schofield
f8409586-4197-4bc8-9f1a-8eece0261e70,2026-01-17 22:57:30.935943+00,6944,Octavia Spencer
f8424b50-ccbc-4e52-b855-ed5992ea4883,2026-01-17 22:40:30.733784+00,3051,Toni Collette
f848c2b1-0503-461a-91cb-547b31b8d6d9,2026-01-19 20:41:20.99353+00,12802,Treva Etienne
f85ea906-1b67-4951-bb00-80297e492e22,2026-01-17 22:37:28.53073+00,3598148,Matthew Lamb
f88dcc2b-8fa8-4a46-a887-414b68c19a0a,2026-01-19 20:47:50.65056+00,10402,Alanna Ubach
f8949d50-371e-4ed5-9044-466134f2e46b,2026-01-19 20:39:28.61908+00,1969616,Elina Saarela
f8a5567b-6b4f-49bf-a898-870908e8e66d,2026-01-19 20:08:50.340044+00,12836,Ted Danson
f8a66c14-bf87-4ad6-a6bf-3079e8c8a90f,2026-01-19 20:38:31.276443+00,5585090,Dijon
f8c8890f-803c-46ed-a5c1-861fc1b5cebc,2026-02-03 06:59:36.275135+00,71146,Ted Knight
f8cbb0da-7198-483b-a358-63a02c956d96,2026-01-19 02:24:59.225425+00,86157,Rashmi Rustagi
f8ce7a72-913b-47e6-9f88-e5de54ebbb28,2026-01-18 01:22:42.065357+00,1018751,André Nemec
f9038ccb-7a94-482a-8559-01c2bd194d69,2026-01-19 20:11:19.287269+00,53367,Ruth Sheen
f93da2e6-c785-4cf6-8612-e7035502f279,2026-01-17 20:56:17.679862+00,1317685,Scott Beck
f9449528-76d1-4993-9f7b-3121d5b539e0,2026-01-31 19:56:20.767461+00,130640,Hailee Steinfeld
f951404c-88bd-4446-9e4b-97b3e6babca9,2026-01-19 19:50:48.244222+00,62064,Chris Pine
f957b17b-59d7-4a3a-83a8-0a371b5fe7e1,2026-01-19 07:55:07.374835+00,933716,Morgana King
f95f4d2b-5579-47a6-945c-37930b2ba826,2026-01-17 22:43:24.48727+00,5925,Joshua Peace
f97a927d-3c6d-4092-8185-623111d01c6e,2026-01-17 22:24:38.382171+00,24343,Peter Mayhew
f97cfa63-4515-4ae3-b8bc-c03d8f3fabc4,2026-01-17 23:26:09.781518+00,2372,Ron Perlman
f987ae1b-6173-4b85-838f-685059cdfb7c,2026-01-19 21:10:09.395074+00,1788166,Quincy Fouse
f98884e1-c197-4f78-8921-ac4a1c487a21,2026-01-18 01:22:42.065357+00,86151,Vladimir Mashkov
f99e926e-2bf3-410a-855c-3e4a7295e962,2026-01-19 20:47:50.65056+00,583871,Dan Deacon
f9a033c9-21ba-4770-979c-fbb238107849,2026-01-17 22:29:42.013994+00,1121,Benicio del Toro
f9f92dca-12a0-439b-ad86-9baef0dcc75f,2026-02-03 06:59:36.275135+00,3198,Rodney Dangerfield
f9fa0f9d-ff15-466a-9484-3ab2f8abf04d,2026-01-17 22:28:40.767608+00,15344,J.J. Abrams
f9ff568c-a065-4650-b8d5-198fdce88b73,2026-01-17 23:06:38.627612+00,20092,Marina Malota
fa395ef5-da49-48b3-89fe-70a5fb332502,2026-02-03 01:23:53.163956+00,1626686,Paul Tinto
fa3b77ff-08b3-4b14-ab1e-38fbb7c98308,2026-01-17 22:35:19.14754+00,388,Jim Broadbent
fa5624ff-184b-44c6-b52a-5042c97e0b27,2026-01-17 23:21:23.844244+00,3070088,Logan Pierce
fa664e4c-8b79-45b6-8d58-7986d9604768,2026-02-03 07:03:14.925674+00,234352,Margot Robbie
fa7153fe-8076-4292-881a-7e0e261d8845,2026-01-17 22:51:37.67324+00,3875019,Wendy Gorling
fa7e0d64-3094-4eda-aed5-afb7cff80697,2026-01-17 23:09:35.21473+00,1414711,Gruffudd Glyn
fa87d18f-fe3b-43a9-84ad-875035b1ffef,2026-02-03 06:55:09.790833+00,9186,Chad Lindberg
fa9c7db6-52a2-4925-b09d-c6707657f4f1,2026-01-21 05:45:56.025826+00,3174,Richard Bright
fabf7244-a801-4b7d-997d-40aa36988fe9,2026-02-03 06:55:09.790833+00,74586,Courtney Cole-Fendley
fac34bb2-8259-406a-a143-ed786120274d,2026-01-18 01:01:14.104724+00,86006,Paul Eiding
fad12c49-49dd-4b5e-814f-385115ee1ff1,2026-02-03 06:54:56.708103+00,54738,Jack Huston
fad3c5f2-9ff4-4d87-984f-7a0610371f26,2026-01-17 22:35:19.14754+00,5552,Stephen McFeely
fae6a8e7-1237-402d-8b48-15f76d77de98,2026-01-29 05:37:22.221296+00,1954114,Madeleine Swift
fae8b708-bef6-4525-be63-7efacb87d0cd,2026-01-17 22:32:33.613381+00,86239,Gary Whitta
faf2bd4f-620b-4c03-bab0-770cce30acc9,2026-01-18 03:05:04.679854+00,397312,Jason Whyte
faf66464-6961-4590-9944-9946b5738ce4,2026-01-17 22:35:19.14754+00,5551,Christopher Markus
fafbb071-0799-47a9-8fab-8b8e5511c984,2026-01-19 20:07:07.510359+00,2099497,Fred Hechinger
fb051fb4-37dc-49aa-8b44-8dc542ede4a5,2026-01-19 20:04:27.862377+00,31647,Garcelle Beauvais
fb099feb-5d3c-4b8d-8927-96cc0f54e05c,2026-01-19 20:14:48.378859+00,2131391,Violet McGraw
fb13cb87-3b8c-4eca-8001-a529b0f06a9f,2026-01-19 07:55:07.374835+00,3093,Abe Vigoda
fb160397-be56-4581-ad72-8363496e3f8d,2026-01-19 21:00:39.344128+00,1554976,Kim Larrichio
fb260a8d-b686-4efc-8bc6-ff68ce3d0889,2026-01-19 20:12:17.102861+00,1233161,Mark Holden
fb596f25-4fef-4b3a-8bc6-9631d989d48a,2026-01-17 23:22:06.593835+00,3352136,Darnell Appling
fb6cc049-f114-4eeb-aed8-7e19219e2422,2026-01-17 22:48:49.098952+00,2855994,Akiko Hitomi
fb739726-3a46-41a6-ad09-00d684b883c8,2026-01-19 20:20:03.323792+00,11325,Stephen Sinclair
fb82942c-79b8-44d0-8a37-e7c15d030489,2026-01-19 20:06:14.816718+00,940,John Shrapnel
fb837e35-589e-400d-8475-546aa7919ff8,2026-01-17 22:40:30.733784+00,1145520,Ari Aster
fb8892f3-0cf5-4f25-a551-ea6e1f30791a,2026-01-17 23:22:52.280198+00,2353434,Lindsey Normington
fbaeddac-59f2-42dc-8de2-923a114d41cf,2026-01-18 01:01:14.104724+00,7907,John Ratzenberger
fbd42a9f-0d56-4c73-8adb-d398c187675d,2026-01-17 20:57:19.493617+00,4104006,Cristalis Bonilla
fbe5d9fb-a7fd-49c5-9ec9-a1aff0da4a94,2026-01-19 21:07:51.9608+00,1415405,Jerry Clark
fbf5f1a4-6b04-47bb-98f3-ddd78dcbe592,2026-01-19 20:37:45.151048+00,93927,Kathy Lamkin
fc050eef-3974-4e10-b244-659e40346c8a,2026-02-03 06:55:34.988874+00,2035115,Gavin Warren
fc36ae64-f336-40b7-81ff-40283b9614ed,2026-01-19 20:07:54.108456+00,1886571,John J. Walsh
fc370ce6-dded-426d-bd2d-c413b3674b8f,2026-01-17 22:33:34.122707+00,137427,Denis Villeneuve
fc4eec10-d895-41ac-b647-4c84413b1218,2026-01-19 20:34:35.85263+00,207,Tom Wilkinson
fc752dd5-c27e-4c17-9179-151b0408664d,2026-01-19 19:52:34.945104+00,76242,Noel Clarke
fc7645ce-de39-4d7b-bfbd-c50334b9ad95,2026-01-19 19:50:48.244222+00,50347,Rachel Nichols
fc83d12e-1cab-4958-9928-1f73654dafc6,2026-01-19 20:58:13.667013+00,2517,Donna Murphy
fc901d65-a1ea-4738-8b02-9293295c09ca,2026-02-03 06:59:54.97064+00,3813,Álex Angulo
fca81263-cfea-4b14-b3a9-21195c4d5a12,2026-01-17 23:21:23.844244+00,1205435,Edo van Breemen
fcb25af2-51ad-4ba9-8baa-62961e5880f9,2026-01-17 23:21:23.844244+00,61134,Tatiana Maslany
fcb9f1b6-92ce-4c68-9084-35dc3a74b95f,2026-01-17 22:41:47.888868+00,1239985,Cameron Wakefield
fcbb3666-988e-42b5-8de5-9492971f2890,2026-01-28 04:23:18.309315+00,5892050,John Savoca
fcc10fb0-7815-4f16-89b4-0f05229ea86a,2026-01-19 20:06:14.816718+00,3785463,Chris Kell
fcc37f12-2b24-4b7e-9417-8f410b1b206c,2026-01-19 21:01:59.862385+00,20387,Clea DuVall
fcc642f9-dbe6-4b24-b662-57c337484009,2026-01-17 22:44:09.652092+00,1954841,Pat Harvey
fcd27bd1-d5a5-4e81-9a73-87b32f18de7a,2026-01-17 23:08:53.869289+00,40039,Josh Stewart
fce383a8-7b57-41fd-bb78-6e65fa521834,2026-01-19 20:01:35.925296+00,39389,Titus Welliver
fcf8463d-6e3e-487f-9009-605187d0eedb,2026-01-17 22:56:45.081716+00,449,Jay Baruchel
fcf8708e-f0fc-4498-b85b-b498020ca599,2026-01-17 22:52:22.775658+00,1317693,Eugenie Bondurant
fd00a76d-0e3e-450f-ad83-feaa3d7fd9e4,2026-01-19 20:33:50.495522+00,1061516,Ricky Sekhon
fd330259-15a0-4e40-943f-1c64be8a8526,2026-02-03 07:00:44.192947+00,23534,Jonathan Potts
fd353abd-44fb-4a3e-937a-68c8d5a6338e,2026-01-17 22:58:32.765261+00,1893,Casey Affleck
fd515384-bfa1-4cea-a777-7be4b2ab1628,2026-01-19 19:50:48.244222+00,1274566,Randy Pausch
fd56670a-7210-472c-9e5b-731968c5cb83,2026-01-17 21:16:52.611237+00,82434,Wayne Pygram
fd5e79db-2fb2-4ecb-aa0a-08788a8e0f16,2026-01-28 06:09:46.680089+00,1281440,Shannon Egleson
fd61d943-e1e5-435e-a54f-e348fd4bb234,2026-01-19 20:45:22.505512+00,227439,Don Hall
fd7b5c64-ab65-4c95-8f2a-65f9952160fa,2026-02-03 06:54:56.708103+00,1710602,Thomas Matthews
fd8cddc2-3485-44c2-bd31-e87efe216b83,2026-01-19 20:26:22.060362+00,962603,Jim Garrity
fd97431d-4971-4a57-b989-56ace50ddad6,2026-01-17 22:47:11.909102+00,3810,Javier Bardem
fdac2b96-5829-4362-ab85-419ab3d94c21,2026-01-17 23:25:25.787696+00,26723,Katheryn Winnick
fdd4711d-2d4b-4649-8b11-7afe641b1caa,2026-02-06 06:34:32.707167+00,1724139,Steve Wedan
fdd9a7d7-9171-4f6f-adc5-25455fd5576c,2026-01-30 04:44:11.176867+00,62561,Tessa Thompson
fddef53b-c8d2-4617-9157-0b278322d282,2026-01-19 21:07:51.9608+00,1257095,Grant Pierce Myers
fde6c1a8-da43-4248-ba60-61c8ff4bcb40,2026-01-17 22:51:37.67324+00,3013648,Miguel Castillo
fde6ed4a-703e-4c1e-bf2c-867a5be67f63,2026-01-19 20:15:31.141157+00,80112,Sylvester McCoy
fde868d2-491e-488b-bf3c-50d31b0c4cd4,2026-01-19 19:47:09.453096+00,1404403,Nigel Barber
fdf2d13e-5630-4f0b-b6c3-3b9e6c34d17a,2026-01-19 20:38:31.276443+00,1810763,Shayna McHayle
fdfb3bd3-bc6f-4206-9109-c793f324f8ea,2026-01-17 22:43:24.48727+00,7009,Tim Post
fdfba809-584d-4f76-8bb3-90d488754fa9,2026-01-19 19:54:23.60346+00,4239,Yasiin Bey
fe0a794f-e576-47bc-84d9-9a13fe1c88d4,2026-01-19 21:00:39.344128+00,85419,Dylan Kenin
fe1da4ef-0e20-4ff9-9523-b4e990298ef5,2026-01-19 20:47:50.65056+00,1688381,Jack Brady
fe27b501-ff57-45c0-b399-004c33009704,2026-01-17 22:56:45.081716+00,1115122,Brandon Soo Hoo
fe2f06b3-f51f-4077-b31f-1f9d581ed75e,2026-01-17 22:26:16.957396+00,4298,Leigh Brackett
fe3bc77d-c354-465d-8cd5-227aa2baf4be,2026-01-19 20:06:14.816718+00,941,Tomas Arana
fe47b6b7-6ce6-444c-ad86-969d2e031a0a,2026-01-17 22:45:45.716092+00,4762,Paul Thomas Anderson
fe59f423-d473-43d6-beca-87564e6da9a1,2026-01-17 23:08:53.869289+00,9560,Ellen Burstyn
fe5ea2bc-526b-4be3-bf22-385a6e023d5d,2026-01-17 23:25:25.787696+00,59750,Nikki DeLoach
fe66d642-f336-4ac2-8e4c-c0274d0b7412,2026-01-19 20:37:45.151048+00,51733,Ana Reeder
fe8cb1a7-1815-4f6b-a6fd-209663b9fd41,2026-01-17 21:01:34.335863+00,11184,Warwick Davis
fe9792fa-a52a-4201-b3aa-88ea9f6a15d6,2026-01-19 20:48:33.234012+00,2617,Cara Seymour
fea284d1-0129-4c4f-a874-7fc4291f1084,2026-01-19 20:23:59.992531+00,1420605,Valerie Pachner
fea452db-c506-401b-af3d-fde5a08b7080,2026-02-03 07:01:08.804847+00,234072,Amber Beattie
feace765-28ca-4fce-bea8-3424362c18ac,2026-01-17 23:14:38.348517+00,127363,Penny Brahms
fecc4ea7-26aa-4a53-a642-02c257842c72,2026-01-17 22:32:33.613381+00,139654,Genevieve O'Reilly
fed1e29a-3362-459f-9f61-00f425be90a3,2026-01-28 04:23:18.309315+00,5251,Jack Warden
fedef113-7130-41fc-9d2b-10738cefe429,2026-02-03 06:56:12.237051+00,5170,Mike Starr
ff131aa4-81da-4554-8be6-5d9faa6f41dc,2026-02-03 06:55:34.988874+00,2035120,Luke Winters
ff2a272e-6f9b-421f-8f16-26dbe2652ee0,2026-01-19 20:23:17.356136+00,11370,Elton John
ff2d1796-aafc-4419-9ec4-0878f1fd9056,2026-01-17 22:35:19.14754+00,5533,Elizabeth Hawthorne
ff3a4282-2b5c-4b94-9fa2-88efd97fe060,2026-01-17 23:21:23.844244+00,1578455,Gina Vultaggio
ff4f4199-91d9-4e15-89d0-26857dcbdbfc,2026-01-17 22:45:45.716092+00,79196,Lena Endre
ff52dfbd-bd3a-472c-b069-40a6dd6b4491,2026-01-19 20:40:32.669862+00,105643,Jay Oliva
ff95c11f-8e00-4e88-9038-bd0b681ddba2,2026-01-17 22:51:37.67324+00,71268,Chris Bacon
ffae9411-c87d-4932-9114-937d168cc7b9,2026-01-28 04:23:33.561869+00,5814,Luigi Pistilli
ffbd9c73-b19e-4325-a928-bfb890dc4a46,2026-02-03 07:02:20.808231+00,1571182,Morgane Polanski
ffdcc1a6-a768-4340-8abb-df1a885078b4,2026-01-28 04:23:33.561869+00,5811,Agenore Incrocci
ffdf4bb3-54ae-4bc1-b898-0d5b8dcdb531,2026-01-19 19:56:28.252593+00,155080,Frank Renzulli
ffedf12d-b8a0-466f-b4c7-84de8f0bb1b4,2026-01-19 19:56:28.252593+00,1371551,Melissa McMeekin